mtllib source/appleuvw.mtl
o apple_low_obj
usemtl Material_35
v -34.970994230348346 -12.541359231486112 -9.104005866577644
v -36.00196516446439 -6.56572773108288 -9.59241569509757
v -33.81755146934553 -7.3121549280916325 -16.509664083932407
v -34.970994230348346 -12.541359231486112 -9.104005866577644
v -33.81755146934553 -7.3121549280916325 -16.509664083932407
v -32.73486467139956 -13.098588872747891 -15.890786870442602
v -33.711175670885986 -16.945884881386547 -8.777049490693726
v -34.970994230348346 -12.541359231486112 -9.104005866577644
v -32.73486467139956 -13.098588872747891 -15.890786870442602
v -33.711175670885986 -16.945884881386547 -8.777049490693726
v -32.73486467139956 -13.098588872747891 -15.890786870442602
v -31.494890146169897 -17.27909258116212 -15.387324488219088
v -31.494890146169897 -17.27909258116212 -15.387324488219088
v -32.73486467139956 -13.098588872747891 -15.890786870442602
v -30.581254600983456 -13.231806856437968 -20.53571371839594
v -31.494890146169897 -17.27909258116212 -15.387324488219088
v -30.581254600983456 -13.231806856437968 -20.53571371839594
v -29.340257730859044 -17.342562645812013 -20.04846190101908
v -32.73486467139956 -13.098588872747891 -15.890786870442602
v -33.81755146934553 -7.3121549280916325 -16.509664083932407
v -31.657856958287798 -7.45773252922485 -21.145684566089056
v -32.73486467139956 -13.098588872747891 -15.890786870442602
v -31.657856958287798 -7.45773252922485 -21.145684566089056
v -30.581254600983456 -13.231806856437968 -20.53571371839594
v -31.529554745186907 -22.39603424781296 -7.919724187543098
v -33.711175670885986 -16.945884881386547 -8.777049490693726
v -31.494890146169897 -17.27909258116212 -15.387324488219088
v -31.529554745186907 -22.39603424781296 -7.919724187543098
v -31.494890146169897 -17.27909258116212 -15.387324488219088
v -29.18742617875723 -22.703702553918024 -14.49374526060264
v -31.494890146169897 -17.27909258116212 -15.387324488219088
v -29.340257730859044 -17.342562645812013 -20.04846190101908
v -27.325953230113697 -22.788595840246277 -18.702239291547333
v -31.494890146169897 -17.27909258116212 -15.387324488219088
v -27.325953230113697 -22.788595840246277 -18.702239291547333
v -29.18742617875723 -22.703702553918024 -14.49374526060264
v -28.289958102071573 -27.60826857933618 -6.586719535057269
v -31.529554745186907 -22.39603424781296 -7.919724187543098
v -29.18742617875723 -22.703702553918024 -14.49374526060264
v -28.289958102071573 -27.60826857933618 -6.586719535057269
v -29.18742617875723 -22.703702553918024 -14.49374526060264
v -25.872180288668098 -28.022569076463682 -12.940801369445468
v -29.18742617875723 -22.703702553918024 -14.49374526060264
v -27.325953230113697 -22.788595840246277 -18.702239291547333
v -24.025405369123565 -28.125086265599123 -17.16570527142295
v -29.18742617875723 -22.703702553918024 -14.49374526060264
v -24.025405369123565 -28.125086265599123 -17.16570527142295
v -25.872180288668098 -28.022569076463682 -12.940801369445468
v -28.289958102071573 -27.60826857933618 -6.586719535057269
v -25.872180288668098 -28.022569076463682 -12.940801369445468
v -22.58994662761613 -31.524522042382323 -11.332660008536793
v -28.289958102071573 -27.60826857933618 -6.586719535057269
v -22.58994662761613 -31.524522042382323 -11.332660008536793
v -24.56574223170005 -31.450072895444613 -4.701423215487809
v -25.872180288668098 -28.022569076463682 -12.940801369445468
v -24.025405369123565 -28.125086265599123 -17.16570527142295
v -20.704380046407977 -31.537531169257104 -15.498026990679412
v -25.872180288668098 -28.022569076463682 -12.940801369445468
v -20.704380046407977 -31.537531169257104 -15.498026990679412
v -22.58994662761613 -31.524522042382323 -11.332660008536793
v -16.317867853175223 -34.543922361306166 -3.0673228954074636
v -14.709537262428235 -34.83875376029333 -7.732678378479095
v -8.857864417195875 -33.47068900327409 -5.587657197113051
v -16.317867853175223 -34.543922361306166 -3.0673228954074636
v -8.857864417195875 -33.47068900327409 -5.587657197113051
v -10.146860056146064 -33.29216770061319 -0.6893877354391654
v -8.857864417195875 -33.47068900327409 -5.587657197113051
v -14.709537262428235 -34.83875376029333 -7.732678378479095
v -11.40408135224697 -35.12513181751742 -11.800057198584069
v -8.857864417195875 -33.47068900327409 -5.587657197113051
v -11.40408135224697 -35.12513181751742 -11.800057198584069
v -6.956921776095139 -33.8275241607649 -8.506056860067613
v -1.0479419814792161 -30.322754947954962 -1.219793160806857
v -3.1648679121935603 -28.97751730674055 -2.352550489668484
v -0.4098378951230542 -28.399980363807213 -3.994764332466301
v -1.0479419814792161 -30.322754947954962 -1.219793160806857
v -0.4098378951230542 -28.399980363807213 -3.994764332466301
v 0.7272735566437153 -29.9351439072275 -2.107154709002039
v -3.3981346967649113 -28.635452628622467 1.4224241581583437
v -3.1648679121935603 -28.97751730674055 -2.352550489668484
v -1.0479419814792161 -30.322754947954962 -1.219793160806857
v -3.3981346967649113 -28.635452628622467 1.4224241581583437
v -1.0479419814792161 -30.322754947954962 -1.219793160806857
v -1.700828937606184 -31.847511885889514 0.4469989028994925
v -1.700828937606184 -31.847511885889514 0.4469989028994925
v -1.0479419814792161 -30.322754947954962 -1.219793160806857
v 0.44690553112720677 -32.14798074032927 -0.6975818586170193
v -1.700828937606184 -31.847511885889514 0.4469989028994925
v 0.44690553112720677 -32.14798074032927 -0.6975818586170193
v -0.880808381642677 -32.57454745334701 0.45590631839350715
v 0.44690553112720677 -32.14798074032927 -0.6975818586170193
v -1.0479419814792161 -30.322754947954962 -1.219793160806857
v 0.7272735566437153 -29.9351439072275 -2.107154709002039
v 0.44690553112720677 -32.14798074032927 -0.6975818586170193
v 0.7272735566437153 -29.9351439072275 -2.107154709002039
v 0.8996318747849334 -32.027711213291184 -1.7066608197292081
v 0.1934092924947809 -33.13104368436143 -1.9583391296689987
v 0.11079437438216211 -33.41800036120849 -1.498721492099762
v 0.44690553112720677 -32.14798074032927 -0.6975818586170193
v 0.1934092924947809 -33.13104368436143 -1.9583391296689987
v 0.44690553112720677 -32.14798074032927 -0.6975818586170193
v 0.8996318747849334 -32.027711213291184 -1.7066608197292081
v 0.6324160244930335 -33.62712208643449 -1.413327561285668
v 0.6657736451246494 -33.596513155415046 -2.3791096978682993
v 1.3827298230980367 -32.58484015084011 -1.7467703779005226
v 0.6324160244930335 -33.62712208643449 -1.413327561285668
v 1.3827298230980367 -32.58484015084011 -1.7467703779005226
v 1.4213879490977652 -32.73861800080836 -0.640744699295947
v 1.4213879490977652 -32.73861800080836 -0.640744699295947
v 1.3827298230980367 -32.58484015084011 -1.7467703779005226
v 4.212708775683511 -30.257684210557287 -0.7584456053849268
v 1.4213879490977652 -32.73861800080836 -0.640744699295947
v 4.212708775683511 -30.257684210557287 -0.7584456053849268
v 3.2234167490080567 -29.681450953562248 0.6224899388709659
v 0.44690553112720677 -32.14798074032927 -0.6975818586170193
v 0.11079437438216211 -33.41800036120849 -1.498721492099762
v 0.4510729838020678 -33.335343369819995 -0.6920084265700129
v 0.44690553112720677 -32.14798074032927 -0.6975818586170193
v 0.4510729838020678 -33.335343369819995 -0.6920084265700129
v 0.7331660865102221 -32.4897546076071 -0.04247624429965581
v 0.44690553112720677 -32.14798074032927 -0.6975818586170193
v 0.7331660865102221 -32.4897546076071 -0.04247624429965581
v 0.17842906323358126 -32.148743427363065 0.4311374326850496
v 0.44690553112720677 -32.14798074032927 -0.6975818586170193
v 0.17842906323358126 -32.148743427363065 0.4311374326850496
v -0.880808381642677 -32.57454745334701 0.45590631839350715
v 0.7454352535082848 -30.79960682274328 2.1461354379539905
v 0.17842906323358126 -32.148743427363065 0.4311374326850496
v 0.7331660865102221 -32.4897546076071 -0.04247624429965581
v 0.7454352535082848 -30.79960682274328 2.1461354379539905
v 0.7331660865102221 -32.4897546076071 -0.04247624429965581
v 2.0925145687428963 -29.307854570107068 1.1449832332175747
v 1.4213879490977652 -32.73861800080836 -0.640744699295947
v 0.7331660865102221 -32.4897546076071 -0.04247624429965581
v 0.4510729838020678 -33.335343369819995 -0.6920084265700129
v 1.4213879490977652 -32.73861800080836 -0.640744699295947
v 0.4510729838020678 -33.335343369819995 -0.6920084265700129
v 0.6324160244930335 -33.62712208643449 -1.413327561285668
v 0.7272735566437153 -29.9351439072275 -2.107154709002039
v 3.0174116367641397 -30.023591625791024 -1.8634851955710767
v 1.3436654334587645 -32.41285835339114 -1.8039794139421994
v 0.7272735566437153 -29.9351439072275 -2.107154709002039
v 1.3436654334587645 -32.41285835339114 -1.8039794139421994
v 0.8996318747849334 -32.027711213291184 -1.7066608197292081
v 1.3827298230980367 -32.58484015084011 -1.7467703779005226
v 1.3436654334587645 -32.41285835339114 -1.8039794139421994
v 3.0174116367641397 -30.023591625791024 -1.8634851955710767
v 1.3827298230980367 -32.58484015084011 -1.7467703779005226
v 3.0174116367641397 -30.023591625791024 -1.8634851955710767
v 4.212708775683511 -30.257684210557287 -0.7584456053849268
v 0.1934092924947809 -33.13104368436143 -1.9583391296689987
v 0.47384767472589095 -33.37957891230569 -2.2328962005258677
v 0.31158092737843956 -33.690636814185375 -1.6524632867541362
v 0.1934092924947809 -33.13104368436143 -1.9583391296689987
v 0.31158092737843956 -33.690636814185375 -1.6524632867541362
v 0.11079437438216211 -33.41800036120849 -1.498721492099762
v 0.31158092737843956 -33.690636814185375 -1.6524632867541362
v 0.47384767472589095 -33.37957891230569 -2.2328962005258677
v 0.6657736451246494 -33.596513155415046 -2.3791096978682993
v 0.31158092737843956 -33.690636814185375 -1.6524632867541362
v 0.6657736451246494 -33.596513155415046 -2.3791096978682993
v 0.6324160244930335 -33.62712208643449 -1.413327561285668
v 1.3436654334587645 -32.41285835339114 -1.8039794139421994
v 0.47384767472589095 -33.37957891230569 -2.2328962005258677
v 0.1934092924947809 -33.13104368436143 -1.9583391296689987
v 1.3436654334587645 -32.41285835339114 -1.8039794139421994
v 0.1934092924947809 -33.13104368436143 -1.9583391296689987
v 0.8996318747849334 -32.027711213291184 -1.7066608197292081
v 0.47384767472589095 -33.37957891230569 -2.2328962005258677
v 1.3436654334587645 -32.41285835339114 -1.8039794139421994
v 1.3827298230980367 -32.58484015084011 -1.7467703779005226
v 0.47384767472589095 -33.37957891230569 -2.2328962005258677
v 1.3827298230980367 -32.58484015084011 -1.7467703779005226
v 0.6657736451246494 -33.596513155415046 -2.3791096978682993
v 0.11079437438216211 -33.41800036120849 -1.498721492099762
v 0.31158092737843956 -33.690636814185375 -1.6524632867541362
v 0.6324160244930335 -33.62712208643449 -1.413327561285668
v 0.11079437438216211 -33.41800036120849 -1.498721492099762
v 0.6324160244930335 -33.62712208643449 -1.413327561285668
v 0.4510729838020678 -33.335343369819995 -0.6920084265700129
v 0.7331660865102221 -32.4897546076071 -0.04247624429965581
v 1.4213879490977652 -32.73861800080836 -0.640744699295947
v 3.2234167490080567 -29.681450953562248 0.6224899388709659
v 0.7331660865102221 -32.4897546076071 -0.04247624429965581
v 3.2234167490080567 -29.681450953562248 0.6224899388709659
v 2.0925145687428963 -29.307854570107068 1.1449832332175747
v 3.4043583532652284 -29.282037851537883 -3.967809563997808
v 3.0174116367641397 -30.023591625791024 -1.8634851955710767
v 0.7272735566437153 -29.9351439072275 -2.107154709002039
v 3.4043583532652284 -29.282037851537883 -3.967809563997808
v 0.7272735566437153 -29.9351439072275 -2.107154709002039
v -0.4098378951230542 -28.399980363807213 -3.994764332466301
v 4.212708775683511 -30.257684210557287 -0.7584456053849268
v 3.0174116367641397 -30.023591625791024 -1.8634851955710767
v 3.4043583532652284 -29.282037851537883 -3.967809563997808
v 4.212708775683511 -30.257684210557287 -0.7584456053849268
v 3.4043583532652284 -29.282037851537883 -3.967809563997808
v 7.563792216598931 -31.231942880080286 -0.6946332208094952
v 4.212708775683511 -30.257684210557287 -0.7584456053849268
v 7.563792216598931 -31.231942880080286 -0.6946332208094952
v 5.764629597181202 -29.835259453401896 2.1549415367215983
v 4.212708775683511 -30.257684210557287 -0.7584456053849268
v 5.764629597181202 -29.835259453401896 2.1549415367215983
v 3.2234167490080567 -29.681450953562248 0.6224899388709659
v 0.7454352535082848 -30.79960682274328 2.1461354379539905
v 2.0925145687428963 -29.307854570107068 1.1449832332175747
v 3.47209689603698 -29.117447409875957 3.551297975123592
v 0.7454352535082848 -30.79960682274328 2.1461354379539905
v 3.47209689603698 -29.117447409875957 3.551297975123592
v 1.302797842403234 -29.992118713126608 5.588611484212941
v 3.2234167490080567 -29.681450953562248 0.6224899388709659
v 5.764629597181202 -29.835259453401896 2.1549415367215983
v 3.47209689603698 -29.117447409875957 3.551297975123592
v 3.2234167490080567 -29.681450953562248 0.6224899388709659
v 3.47209689603698 -29.117447409875957 3.551297975123592
v 2.0925145687428963 -29.307854570107068 1.1449832332175747
v 0.7454352535082848 -30.79960682274328 2.1461354379539905
v 1.302797842403234 -29.992118713126608 5.588611484212941
v -0.48924801023650044 -28.90795120916082 5.114984264302898
v 0.7454352535082848 -30.79960682274328 2.1461354379539905
v -0.48924801023650044 -28.90795120916082 5.114984264302898
v -0.8828596136126373 -31.18653149022511 1.7545320334961385
v -0.8828596136126373 -31.18653149022511 1.7545320334961385
v -0.880808381642677 -32.57454745334701 0.45590631839350715
v 0.17842906323358126 -32.148743427363065 0.4311374326850496
v -0.8828596136126373 -31.18653149022511 1.7545320334961385
v 0.17842906323358126 -32.148743427363065 0.4311374326850496
v 0.7454352535082848 -30.79960682274328 2.1461354379539905
v -1.4907415419127228 -30.5809254316014 1.4937459045353687
v -2.6035933831348057 -28.53165440049551 3.338166952784589
v -3.3981346967649113 -28.635452628622467 1.4224241581583437
v -1.4907415419127228 -30.5809254316014 1.4937459045353687
v -3.3981346967649113 -28.635452628622467 1.4224241581583437
v -1.700828937606184 -31.847511885889514 0.4469989028994925
v -2.6035933831348057 -28.53165440049551 3.338166952784589
v -1.4907415419127228 -30.5809254316014 1.4937459045353687
v -0.8828596136126373 -31.18653149022511 1.7545320334961385
v -2.6035933831348057 -28.53165440049551 3.338166952784589
v -0.8828596136126373 -31.18653149022511 1.7545320334961385
v -0.48924801023650044 -28.90795120916082 5.114984264302898
v -0.8828596136126373 -31.18653149022511 1.7545320334961385
v -1.4907415419127228 -30.5809254316014 1.4937459045353687
v -1.700828937606184 -31.847511885889514 0.4469989028994925
v -0.8828596136126373 -31.18653149022511 1.7545320334961385
v -1.700828937606184 -31.847511885889514 0.4469989028994925
v -0.880808381642677 -32.57454745334701 0.45590631839350715
v -15.632305800994047 -34.940572650593914 6.689054997767754
v -10.56616970972221 -34.04931548911638 3.7067132137431296
v -8.475236091671292 -34.490316324417755 9.744152412656344
v -15.632305800994047 -34.940572650593914 6.689054997767754
v -8.475236091671292 -34.490316324417755 9.744152412656344
v -15.064037057248894 -34.86385071711408 10.605804807618556
v -31.529554745186907 -22.39603424781296 -7.919724187543098
v -28.289958102071573 -27.60826857933618 -6.586719535057269
v -29.762560788593397 -26.957334964183175 -0.6863806978889155
v -31.529554745186907 -22.39603424781296 -7.919724187543098
v -29.762560788593397 -26.957334964183175 -0.6863806978889155
v -32.90567231156034 -21.87305318434987 -1.8810873032489543
v -33.711175670885986 -16.945884881386547 -8.777049490693726
v -31.529554745186907 -22.39603424781296 -7.919724187543098
v -32.90567231156034 -21.87305318434987 -1.8810873032489543
v -33.711175670885986 -16.945884881386547 -8.777049490693726
v -32.90567231156034 -21.87305318434987 -1.8810873032489543
v -34.925736994382845 -16.308062342867704 -2.5809857931115947
v -34.970994230348346 -12.541359231486112 -9.104005866577644
v -33.711175670885986 -16.945884881386547 -8.777049490693726
v -34.925736994382845 -16.308062342867704 -2.5809857931115947
v -34.970994230348346 -12.541359231486112 -9.104005866577644
v -34.925736994382845 -16.308062342867704 -2.5809857931115947
v -36.22697553292539 -11.89216126282256 -2.9095843976405447
v -36.00196516446439 -6.56572773108288 -9.59241569509757
v -34.970994230348346 -12.541359231486112 -9.104005866577644
v -36.22697553292539 -11.89216126282256 -2.9095843976405447
v -36.00196516446439 -6.56572773108288 -9.59241569509757
v -36.22697553292539 -11.89216126282256 -2.9095843976405447
v -37.38627670953062 -6.151724906521772 -3.415052566473592
v -34.925736994382845 -16.308062342867704 -2.5809857931115947
v -32.90567231156034 -21.87305318434987 -1.8810873032489543
v -33.19379629436595 -20.935735214622166 3.454247166025491
v -34.925736994382845 -16.308062342867704 -2.5809857931115947
v -33.19379629436595 -20.935735214622166 3.454247166025491
v -35.24109410929296 -15.487298606369809 2.856183939191767
v -36.22697553292539 -11.89216126282256 -2.9095843976405447
v -34.925736994382845 -16.308062342867704 -2.5809857931115947
v -35.24109410929296 -15.487298606369809 2.856183939191767
v -36.22697553292539 -11.89216126282256 -2.9095843976405447
v -35.24109410929296 -15.487298606369809 2.856183939191767
v -36.68030264912725 -11.529329013411065 2.545987495169471
v -37.38627670953062 -6.151724906521772 -3.415052566473592
v -36.22697553292539 -11.89216126282256 -2.9095843976405447
v -36.68030264912725 -11.529329013411065 2.545987495169471
v -37.38627670953062 -6.151724906521772 -3.415052566473592
v -36.68030264912725 -11.529329013411065 2.545987495169471
v -37.782993714279215 -5.698450002836616 2.064421252758613
v -32.90567231156034 -21.87305318434987 -1.8810873032489543
v -29.762560788593397 -26.957334964183175 -0.6863806978889155
v -30.184424236070296 -26.047368466695193 4.128909466078564
v -32.90567231156034 -21.87305318434987 -1.8810873032489543
v -30.184424236070296 -26.047368466695193 4.128909466078564
v -33.19379629436595 -20.935735214622166 3.454247166025491
v -29.44732938391807 -25.77900351857884 9.400212426472326
v -30.184424236070296 -26.047368466695193 4.128909466078564
v -25.28672373739906 -30.959981474738278 4.952390704024197
v -29.44732938391807 -25.77900351857884 9.400212426472326
v -25.28672373739906 -30.959981474738278 4.952390704024197
v -25.141978831164515 -30.467014945501923 9.19526082337315
v -27.717028597570316 -25.762088145780044 15.10474294488432
v -29.44732938391807 -25.77900351857884 9.400212426472326
v -25.141978831164515 -30.467014945501923 9.19526082337315
v -27.717028597570316 -25.762088145780044 15.10474294488432
v -25.141978831164515 -30.467014945501923 9.19526082337315
v -22.83450678291747 -30.727748673691057 14.237849873426722
v -32.91404541751573 -20.111847312388598 8.796789520776949
v -33.19379629436595 -20.935735214622166 3.454247166025491
v -30.184424236070296 -26.047368466695193 4.128909466078564
v -32.91404541751573 -20.111847312388598 8.796789520776949
v -30.184424236070296 -26.047368466695193 4.128909466078564
v -29.44732938391807 -25.77900351857884 9.400212426472326
v -35.24109410929296 -15.487298606369809 2.856183939191767
v -33.19379629436595 -20.935735214622166 3.454247166025491
v -32.91404541751573 -20.111847312388598 8.796789520776949
v -35.24109410929296 -15.487298606369809 2.856183939191767
v -32.91404541751573 -20.111847312388598 8.796789520776949
v -35.1441969258243 -14.745411411972446 8.227290757108031
v -36.68030264912725 -11.529329013411065 2.545987495169471
v -35.24109410929296 -15.487298606369809 2.856183939191767
v -35.1441969258243 -14.745411411972446 8.227290757108031
v -36.68030264912725 -11.529329013411065 2.545987495169471
v -35.1441969258243 -14.745411411972446 8.227290757108031
v -36.4242410187638 -10.454807901752373 7.771117253126324
v -37.782993714279215 -5.698450002836616 2.064421252758613
v -36.68030264912725 -11.529329013411065 2.545987495169471
v -36.4242410187638 -10.454807901752373 7.771117253126324
v -37.782993714279215 -5.698450002836616 2.064421252758613
v -36.4242410187638 -10.454807901752373 7.771117253126324
v -37.48256715407757 -4.581879490985049 7.277479395981878
v -31.82525455844308 -19.65368965675831 14.618837447195165
v -32.91404541751573 -20.111847312388598 8.796789520776949
v -29.44732938391807 -25.77900351857884 9.400212426472326
v -31.82525455844308 -19.65368965675831 14.618837447195165
v -29.44732938391807 -25.77900351857884 9.400212426472326
v -27.717028597570316 -25.762088145780044 15.10474294488432
v -34.16562410942015 -14.311480883626094 14.071946489352273
v -35.1441969258243 -14.745411411972446 8.227290757108031
v -32.91404541751573 -20.111847312388598 8.796789520776949
v -34.16562410942015 -14.311480883626094 14.071946489352273
v -32.91404541751573 -20.111847312388598 8.796789520776949
v -31.82525455844308 -19.65368965675831 14.618837447195165
v -35.33594988788777 -10.02969687030104 14.071718939577114
v -36.4242410187638 -10.454807901752373 7.771117253126324
v -35.1441969258243 -14.745411411972446 8.227290757108031
v -35.33594988788777 -10.02969687030104 14.071718939577114
v -35.1441969258243 -14.745411411972446 8.227290757108031
v -34.16562410942015 -14.311480883626094 14.071946489352273
v -36.45648610177522 -4.154761921074286 13.589558552168167
v -37.48256715407757 -4.581879490985049 7.277479395981878
v -36.4242410187638 -10.454807901752373 7.771117253126324
v -36.45648610177522 -4.154761921074286 13.589558552168167
v -36.4242410187638 -10.454807901752373 7.771117253126324
v -35.33594988788777 -10.02969687030104 14.071718939577114
v -37.38627670953062 -6.151724906521772 -3.415052566473592
v -37.74889747447333 -0.23099830005586494 -3.408646578137361
v -36.42068867665259 -0.6267058492244596 -9.669690812922573
v -37.38627670953062 -6.151724906521772 -3.415052566473592
v -36.42068867665259 -0.6267058492244596 -9.669690812922573
v -36.00196516446439 -6.56572773108288 -9.59241569509757
v -37.782993714279215 -5.698450002836616 2.064421252758613
v -38.16992552050471 0.4822406111801763 2.194416717622124
v -37.74889747447333 -0.23099830005586494 -3.408646578137361
v -37.782993714279215 -5.698450002836616 2.064421252758613
v -37.74889747447333 -0.23099830005586494 -3.408646578137361
v -37.38627670953062 -6.151724906521772 -3.415052566473592
v -37.48256715407757 -4.581879490985049 7.277479395981878
v -37.72920587174689 1.333689681996977 7.516520875095161
v -38.16992552050471 0.4822406111801763 2.194416717622124
v -37.48256715407757 -4.581879490985049 7.277479395981878
v -38.16992552050471 0.4822406111801763 2.194416717622124
v -37.782993714279215 -5.698450002836616 2.064421252758613
v -36.45648610177522 -4.154761921074286 13.589558552168167
v -36.70909863496857 1.7606355003066678 13.381138918385595
v -37.72920587174689 1.333689681996977 7.516520875095161
v -36.45648610177522 -4.154761921074286 13.589558552168167
v -37.72920587174689 1.333689681996977 7.516520875095161
v -37.48256715407757 -4.581879490985049 7.277479395981878
v -33.81755146934553 -7.3121549280916325 -16.509664083932407
v -34.32490946233359 -1.3262428044002657 -16.700834620418824
v -32.25558131114424 -1.5007510986446628 -21.523916402099996
v -33.81755146934553 -7.3121549280916325 -16.509664083932407
v -32.25558131114424 -1.5007510986446628 -21.523916402099996
v -31.657856958287798 -7.45773252922485 -21.145684566089056
v -36.00196516446439 -6.56572773108288 -9.59241569509757
v -36.42068867665259 -0.6267058492244596 -9.669690812922573
v -34.32490946233359 -1.3262428044002657 -16.700834620418824
v -36.00196516446439 -6.56572773108288 -9.59241569509757
v -34.32490946233359 -1.3262428044002657 -16.700834620418824
v -33.81755146934553 -7.3121549280916325 -16.509664083932407
v -34.775755845113196 12.538441438514004 -9.1727157463706
v -36.05992837397299 6.148058929828546 -9.532456086390152
v -37.21941694149916 6.503540491566377 -3.2289676185270495
v -34.775755845113196 12.538441438514004 -9.1727157463706
v -37.21941694149916 6.503540491566377 -3.2289676185270495
v -36.00306597107751 12.20307942737941 -2.9692924135846988
v -37.74889747447333 -0.23099830005586494 -3.408646578137361
v -37.21941694149916 6.503540491566377 -3.2289676185270495
v -36.05992837397299 6.148058929828546 -9.532456086390152
v -37.74889747447333 -0.23099830005586494 -3.408646578137361
v -36.05992837397299 6.148058929828546 -9.532456086390152
v -36.42068867665259 -0.6267058492244596 -9.669690812922573
v -36.00306597107751 12.20307942737941 -2.9692924135846988
v -37.21941694149916 6.503540491566377 -3.2289676185270495
v -37.584304093490765 7.196473756983743 2.3343513041848403
v -36.00306597107751 12.20307942737941 -2.9692924135846988
v -37.584304093490765 7.196473756983743 2.3343513041848403
v -36.16512183135012 13.32260265199792 2.7208136331402546
v -38.16992552050471 0.4822406111801763 2.194416717622124
v -37.584304093490765 7.196473756983743 2.3343513041848403
v -37.21941694149916 6.503540491566377 -3.2289676185270495
v -38.16992552050471 0.4822406111801763 2.194416717622124
v -37.21941694149916 6.503540491566377 -3.2289676185270495
v -37.74889747447333 -0.23099830005586494 -3.408646578137361
v -36.16512183135012 13.32260265199792 2.7208136331402546
v -37.584304093490765 7.196473756983743 2.3343513041848403
v -37.058577736966186 8.044707027737026 7.641924327028244
v -36.16512183135012 13.32260265199792 2.7208136331402546
v -37.058577736966186 8.044707027737026 7.641924327028244
v -35.57545732463678 14.327507358538979 7.64721446780464
v -37.72920587174689 1.333689681996977 7.516520875095161
v -37.058577736966186 8.044707027737026 7.641924327028244
v -37.584304093490765 7.196473756983743 2.3343513041848403
v -37.72920587174689 1.333689681996977 7.516520875095161
v -37.584304093490765 7.196473756983743 2.3343513041848403
v -38.16992552050471 0.4822406111801763 2.194416717622124
v -35.57545732463678 14.327507358538979 7.64721446780464
v -37.058577736966186 8.044707027737026 7.641924327028244
v -36.0343544453042 8.435230116376417 13.501291444605993
v -35.57545732463678 14.327507358538979 7.64721446780464
v -36.0343544453042 8.435230116376417 13.501291444605993
v -34.506148130299906 14.704062914008823 13.429329201902796
v -36.70909863496857 1.7606355003066678 13.381138918385595
v -36.0343544453042 8.435230116376417 13.501291444605993
v -37.058577736966186 8.044707027737026 7.641924327028244
v -36.70909863496857 1.7606355003066678 13.381138918385595
v -37.058577736966186 8.044707027737026 7.641924327028244
v -37.72920587174689 1.333689681996977 7.516520875095161
v -31.23410346812325 11.85209457537858 -21.155395564744186
v -32.13249569980294 5.337223200908708 -21.543501975933815
v -34.142108586789746 5.480782870396716 -16.630088161936357
v -31.23410346812325 11.85209457537858 -21.155395564744186
v -34.142108586789746 5.480782870396716 -16.630088161936357
v -33.19930947203664 11.94125473590071 -16.32377647940749
v -34.32490946233359 -1.3262428044002657 -16.700834620418824
v -34.142108586789746 5.480782870396716 -16.630088161936357
v -32.13249569980294 5.337223200908708 -21.543501975933815
v -34.32490946233359 -1.3262428044002657 -16.700834620418824
v -32.13249569980294 5.337223200908708 -21.543501975933815
v -32.25558131114424 -1.5007510986446628 -21.523916402099996
v -33.19930947203664 11.94125473590071 -16.32377647940749
v -34.142108586789746 5.480782870396716 -16.630088161936357
v -36.05992837397299 6.148058929828546 -9.532456086390152
v -33.19930947203664 11.94125473590071 -16.32377647940749
v -36.05992837397299 6.148058929828546 -9.532456086390152
v -34.775755845113196 12.538441438514004 -9.1727157463706
v -36.42068867665259 -0.6267058492244596 -9.669690812922573
v -36.05992837397299 6.148058929828546 -9.532456086390152
v -34.142108586789746 5.480782870396716 -16.630088161936357
v -36.42068867665259 -0.6267058492244596 -9.669690812922573
v -34.142108586789746 5.480782870396716 -16.630088161936357
v -34.32490946233359 -1.3262428044002657 -16.700834620418824
v -8.475236091671292 -34.490316324417755 9.744152412656344
v -1.472104728945576 -34.76845336911954 13.516254676870007
v -6.832072559284899 -34.9039120178219 17.352147241080328
v -8.475236091671292 -34.490316324417755 9.744152412656344
v -6.832072559284899 -34.9039120178219 17.352147241080328
v -10.934597026829767 -34.80103743732694 14.736488556717584
v -15.064037057248894 -34.86385071711408 10.605804807618556
v -8.475236091671292 -34.490316324417755 9.744152412656344
v -10.934597026829767 -34.80103743732694 14.736488556717584
v -15.064037057248894 -34.86385071711408 10.605804807618556
v -10.934597026829767 -34.80103743732694 14.736488556717584
v -14.351815914152295 -34.33511774575533 14.313186811828823
v -22.83450678291747 -30.727748673691057 14.237849873426722
v -20.662830225865342 -29.927310041563583 18.78450049679119
v -24.92679129157728 -24.95855944240948 20.739276526202453
v -22.83450678291747 -30.727748673691057 14.237849873426722
v -24.92679129157728 -24.95855944240948 20.739276526202453
v -27.717028597570316 -25.762088145780044 15.10474294488432
v -16.973695887865745 -30.010027492649733 22.55197932182085
v -12.139124379254852 -29.99638587912927 25.900913378942853
v -14.720439767857515 -25.08976119629516 29.770346943938804
v -16.973695887865745 -30.010027492649733 22.55197932182085
v -14.720439767857515 -25.08976119629516 29.770346943938804
v -20.6201471595403 -25.105432312051047 25.551280470583773
v -20.662830225865342 -29.927310041563583 18.78450049679119
v -16.973695887865745 -30.010027492649733 22.55197932182085
v -20.6201471595403 -25.105432312051047 25.551280470583773
v -20.662830225865342 -29.927310041563583 18.78450049679119
v -20.6201471595403 -25.105432312051047 25.551280470583773
v -24.92679129157728 -24.95855944240948 20.739276526202453
v -27.717028597570316 -25.762088145780044 15.10474294488432
v -24.92679129157728 -24.95855944240948 20.739276526202453
v -29.077974522791372 -18.476961268211333 21.393835722049033
v -27.717028597570316 -25.762088145780044 15.10474294488432
v -29.077974522791372 -18.476961268211333 21.393835722049033
v -31.82525455844308 -19.65368965675831 14.618837447195165
v -20.6201471595403 -25.105432312051047 25.551280470583773
v -14.720439767857515 -25.08976119629516 29.770346943938804
v -17.17401608939539 -18.77420501205136 32.79480201603515
v -20.6201471595403 -25.105432312051047 25.551280470583773
v -17.17401608939539 -18.77420501205136 32.79480201603515
v -23.30727639579512 -18.76661039355134 27.96439980608475
v -24.92679129157728 -24.95855944240948 20.739276526202453
v -20.6201471595403 -25.105432312051047 25.551280470583773
v -23.30727639579512 -18.76661039355134 27.96439980608475
v -24.92679129157728 -24.95855944240948 20.739276526202453
v -23.30727639579512 -18.76661039355134 27.96439980608475
v -29.077974522791372 -18.476961268211333 21.393835722049033
v -36.0343544453042 8.435230116376417 13.501291444605993
v -36.70909863496857 1.7606355003066678 13.381138918385595
v -34.45865620599232 2.6545919521096235 20.522731533259595
v -36.0343544453042 8.435230116376417 13.501291444605993
v -34.45865620599232 2.6545919521096235 20.522731533259595
v -33.583052964257355 9.283392999674282 20.548277669334873
v -33.583052964257355 9.283392999674282 20.548277669334873
v -31.719065548767855 15.85031375405315 20.09456052446471
v -34.506148130299906 14.704062914008823 13.429329201902796
v -33.583052964257355 9.283392999674282 20.548277669334873
v -34.506148130299906 14.704062914008823 13.429329201902796
v -36.0343544453042 8.435230116376417 13.501291444605993
v -31.54974513903997 -13.274934949571374 20.966951340212546
v -34.16562410942015 -14.311480883626094 14.071946489352273
v -31.82525455844308 -19.65368965675831 14.618837447195165
v -31.54974513903997 -13.274934949571374 20.966951340212546
v -31.82525455844308 -19.65368965675831 14.618837447195165
v -29.077974522791372 -18.476961268211333 21.393835722049033
v -35.33594988788777 -10.02969687030104 14.071718939577114
v -34.16562410942015 -14.311480883626094 14.071946489352273
v -31.54974513903997 -13.274934949571374 20.966951340212546
v -35.33594988788777 -10.02969687030104 14.071718939577114
v -31.54974513903997 -13.274934949571374 20.966951340212546
v -32.86534603099149 -9.078508563203956 21.082276700172418
v -34.14597363855382 -3.2549079588971845 20.70085198058034
v -36.45648610177522 -4.154761921074286 13.589558552168167
v -35.33594988788777 -10.02969687030104 14.071718939577114
v -34.14597363855382 -3.2549079588971845 20.70085198058034
v -35.33594988788777 -10.02969687030104 14.071718939577114
v -32.86534603099149 -9.078508563203956 21.082276700172418
v -36.70909863496857 1.7606355003066678 13.381138918385595
v -36.45648610177522 -4.154761921074286 13.589558552168167
v -34.14597363855382 -3.2549079588971845 20.70085198058034
v -36.70909863496857 1.7606355003066678 13.381138918385595
v -34.14597363855382 -3.2549079588971845 20.70085198058034
v -34.45865620599232 2.6545919521096235 20.522731533259595
v -34.45865620599232 2.6545919521096235 20.522731533259595
v -34.14597363855382 -3.2549079588971845 20.70085198058034
v -30.364475884511116 -2.5961470618169664 26.516060128082557
v -34.45865620599232 2.6545919521096235 20.522731533259595
v -30.364475884511116 -2.5961470618169664 26.516060128082557
v -30.663745977944842 3.305769227661003 26.325850906559754
v -33.583052964257355 9.283392999674282 20.548277669334873
v -34.45865620599232 2.6545919521096235 20.522731533259595
v -30.663745977944842 3.305769227661003 26.325850906559754
v -33.583052964257355 9.283392999674282 20.548277669334873
v -30.663745977944842 3.305769227661003 26.325850906559754
v -29.68416935919604 9.88263505061402 26.245996967771454
v -27.651761792226353 -12.558499677247264 26.68079916239019
v -31.54974513903997 -13.274934949571374 20.966951340212546
v -29.077974522791372 -18.476961268211333 21.393835722049033
v -27.651761792226353 -12.558499677247264 26.68079916239019
v -29.077974522791372 -18.476961268211333 21.393835722049033
v -23.30727639579512 -18.76661039355134 27.96439980608475
v -32.86534603099149 -9.078508563203956 21.082276700172418
v -31.54974513903997 -13.274934949571374 20.966951340212546
v -27.651761792226353 -12.558499677247264 26.68079916239019
v -32.86534603099149 -9.078508563203956 21.082276700172418
v -27.651761792226353 -12.558499677247264 26.68079916239019
v -29.558793178789962 -6.88691080928708 26.669297088499786
v -34.14597363855382 -3.2549079588971845 20.70085198058034
v -32.86534603099149 -9.078508563203956 21.082276700172418
v -29.558793178789962 -6.88691080928708 26.669297088499786
v -34.14597363855382 -3.2549079588971845 20.70085198058034
v -29.558793178789962 -6.88691080928708 26.669297088499786
v -30.364475884511116 -2.5961470618169664 26.516060128082557
v -27.651761792226353 -12.558499677247264 26.68079916239019
v -23.30727639579512 -18.76661039355134 27.96439980608475
v -21.790353981853304 -12.810318624100145 32.43746709000233
v -27.651761792226353 -12.558499677247264 26.68079916239019
v -21.790353981853304 -12.810318624100145 32.43746709000233
v -24.809289704551027 -10.203888801057069 30.43872184361988
v -21.790353981853304 -12.810318624100145 32.43746709000233
v -23.30727639579512 -18.76661039355134 27.96439980608475
v -17.17401608939539 -18.77420501205136 32.79480201603515
v -21.790353981853304 -12.810318624100145 32.43746709000233
v -17.17401608939539 -18.77420501205136 32.79480201603515
v -17.87232635150218 -12.57284965454745 35.399381019214296
v -29.558793178789962 -6.88691080928708 26.669297088499786
v -27.651761792226353 -12.558499677247264 26.68079916239019
v -24.809289704551027 -10.203888801057069 30.43872184361988
v -29.558793178789962 -6.88691080928708 26.669297088499786
v -24.809289704551027 -10.203888801057069 30.43872184361988
v -26.166787463221237 -6.57388768339201 30.710510897375368
v -22.834424572675974 -6.688194736249856 33.85680444517725
v -26.166787463221237 -6.57388768339201 30.710510897375368
v -24.809289704551027 -10.203888801057069 30.43872184361988
v -22.834424572675974 -6.688194736249856 33.85680444517725
v -24.809289704551027 -10.203888801057069 30.43872184361988
v -21.790353981853304 -12.810318624100145 32.43746709000233
v -22.834424572675974 -6.688194736249856 33.85680444517725
v -21.790353981853304 -12.810318624100145 32.43746709000233
v -17.87232635150218 -12.57284965454745 35.399381019214296
v -22.834424572675974 -6.688194736249856 33.85680444517725
v -17.87232635150218 -12.57284965454745 35.399381019214296
v -18.13871564108684 -6.407627358855949 36.95478480070878
v -29.68416935919604 9.88263505061402 26.245996967771454
v -30.663745977944842 3.305769227661003 26.325850906559754
v -26.654175125651822 3.8929966181585876 30.731074523311765
v -29.68416935919604 9.88263505061402 26.245996967771454
v -26.654175125651822 3.8929966181585876 30.731074523311765
v -25.642589420176733 10.059919758665746 30.322222085190205
v -27.688491025316434 15.859336326409354 25.843595208063256
v -29.68416935919604 9.88263505061402 26.245996967771454
v -25.642589420176733 10.059919758665746 30.322222085190205
v -27.688491025316434 15.859336326409354 25.843595208063256
v -25.642589420176733 10.059919758665746 30.322222085190205
v -24.401179703392675 15.779361575707439 29.10823210047305
v -30.364475884511116 -2.5961470618169664 26.516060128082557
v -29.558793178789962 -6.88691080928708 26.669297088499786
v -26.166787463221237 -6.57388768339201 30.710510897375368
v -30.364475884511116 -2.5961470618169664 26.516060128082557
v -26.166787463221237 -6.57388768339201 30.710510897375368
v -26.647251962343255 -1.960793410146665 31.002929701149935
v -30.663745977944842 3.305769227661003 26.325850906559754
v -30.364475884511116 -2.5961470618169664 26.516060128082557
v -26.647251962343255 -1.960793410146665 31.002929701149935
v -30.663745977944842 3.305769227661003 26.325850906559754
v -26.647251962343255 -1.960793410146665 31.002929701149935
v -26.654175125651822 3.8929966181585876 30.731074523311765
v -20.818824473244767 15.506181909882027 32.293080813564856
v -24.401179703392675 15.779361575707439 29.10823210047305
v -25.642589420176733 10.059919758665746 30.322222085190205
v -20.818824473244767 15.506181909882027 32.293080813564856
v -25.642589420176733 10.059919758665746 30.322222085190205
v -22.045593354043437 10.117113842879844 33.50011656101617
v -17.587545781589544 10.240851397693497 36.525415513105
v -16.669483089839638 16.469373988182607 34.698869023435705
v -20.818824473244767 15.506181909882027 32.293080813564856
v -17.587545781589544 10.240851397693497 36.525415513105
v -20.818824473244767 15.506181909882027 32.293080813564856
v -22.045593354043437 10.117113842879844 33.50011656101617
v -8.378727833765804 33.68910980378364 11.567150773365478
v -3.4319002937866743 33.576275170372625 15.144838883229877
v -1.4288393045386687 31.652474454310962 9.760514298541192
v -8.378727833765804 33.68910980378364 11.567150773365478
v -1.4288393045386687 31.652474454310962 9.760514298541192
v -4.771653549247821 31.331587654558056 7.339422391139374
v -1.4288393045386687 31.652474454310962 9.760514298541192
v -3.4319002937866743 33.576275170372625 15.144838883229877
v 1.718635869786485 33.33598710583613 15.92522485987254
v -1.4288393045386687 31.652474454310962 9.760514298541192
v 1.718635869786485 33.33598710583613 15.92522485987254
v 2.5989132664560786 31.31436051085144 10.657261902386743
v -11.747830097271967 33.50474479505151 6.68227185309511
v -8.378727833765804 33.68910980378364 11.567150773365478
v -4.771653549247821 31.331587654558056 7.339422391139374
v -11.747830097271967 33.50474479505151 6.68227185309511
v -4.771653549247821 31.331587654558056 7.339422391139374
v -7.649584913575183 31.7148574821185 4.013305891602101
v -15.170848388261422 21.797406704037922 32.63776455731503
v -16.669483089839638 16.469373988182607 34.698869023435705
v -11.892669908876263 16.479553580218926 37.11649818125944
v -15.170848388261422 21.797406704037922 32.63776455731503
v -11.892669908876263 16.479553580218926 37.11649818125944
v -10.544813005224828 21.9050880153011 34.83165408567338
v -11.844844079795923 27.60634642716147 29.31096640535225
v -15.170848388261422 21.797406704037922 32.63776455731503
v -10.544813005224828 21.9050880153011 34.83165408567338
v -11.844844079795923 27.60634642716147 29.31096640535225
v -10.544813005224828 21.9050880153011 34.83165408567338
v -7.968322278569793 27.63371306034044 30.9618643249038
v -8.582083804800858 31.449744274702354 25.44777250922616
v -11.844844079795923 27.60634642716147 29.31096640535225
v -7.968322278569793 27.63371306034044 30.9618643249038
v -8.582083804800858 31.449744274702354 25.44777250922616
v -7.968322278569793 27.63371306034044 30.9618643249038
v -3.414662820321929 31.418665851904976 27.25488991370502
v -5.177899500539569 33.690248034023384 20.098624594657142
v -8.582083804800858 31.449744274702354 25.44777250922616
v -3.414662820321929 31.418665851904976 27.25488991370502
v -5.177899500539569 33.690248034023384 20.098624594657142
v -3.414662820321929 31.418665851904976 27.25488991370502
v -0.10005617700046249 33.7483187566432 20.256659859765776
v -3.4319002937866743 33.576275170372625 15.144838883229877
v -5.177899500539569 33.690248034023384 20.098624594657142
v -0.10005617700046249 33.7483187566432 20.256659859765776
v -3.4319002937866743 33.576275170372625 15.144838883229877
v -0.10005617700046249 33.7483187566432 20.256659859765776
v 1.718635869786485 33.33598710583613 15.92522485987254
v -16.669483089839638 16.469373988182607 34.698869023435705
v -17.587545781589544 10.240851397693497 36.525415513105
v -12.512343146118397 10.709952348475328 38.78548617349946
v -16.669483089839638 16.469373988182607 34.698869023435705
v -12.512343146118397 10.709952348475328 38.78548617349946
v -11.892669908876263 16.479553580218926 37.11649818125944
v -5.602899772402163 21.52069424330314 36.50261355278182
v -3.8875139722536316 27.017740521324672 32.517841222082126
v -7.968322278569793 27.63371306034044 30.9618643249038
v -5.602899772402163 21.52069424330314 36.50261355278182
v -7.968322278569793 27.63371306034044 30.9618643249038
v -10.544813005224828 21.9050880153011 34.83165408567338
v -0.10005617700046249 33.7483187566432 20.256659859765776
v -3.414662820321929 31.418665851904976 27.25488991370502
v 2.100287519576007 31.020336728584784 27.877650718612912
v -0.10005617700046249 33.7483187566432 20.256659859765776
v 2.100287519576007 31.020336728584784 27.877650718612912
v 4.887643882244607 33.04309156670982 20.849116751867285
v 2.5989132664560786 31.31436051085144 10.657261902386743
v 1.718635869786485 33.33598710583613 15.92522485987254
v 8.466457130345896 32.35951535393797 14.70173908629295
v 2.5989132664560786 31.31436051085144 10.657261902386743
v 8.466457130345896 32.35951535393797 14.70173908629295
v 7.121170645128878 29.980413726393827 9.637909203602383
v 4.887643882244607 33.04309156670982 20.849116751867285
v 8.466457130345896 32.35951535393797 14.70173908629295
v 1.718635869786485 33.33598710583613 15.92522485987254
v 4.887643882244607 33.04309156670982 20.849116751867285
v 1.718635869786485 33.33598710583613 15.92522485987254
v -0.10005617700046249 33.7483187566432 20.256659859765776
v -10.544813005224828 21.9050880153011 34.83165408567338
v -11.892669908876263 16.479553580218926 37.11649818125944
v -6.854712101603333 16.559797517202504 38.673730020252336
v -10.544813005224828 21.9050880153011 34.83165408567338
v -6.854712101603333 16.559797517202504 38.673730020252336
v -5.602899772402163 21.52069424330314 36.50261355278182
v -11.892669908876263 16.479553580218926 37.11649818125944
v -12.512343146118397 10.709952348475328 38.78548617349946
v -7.4271651161314605 10.742657481479753 40.125013253382114
v -11.892669908876263 16.479553580218926 37.11649818125944
v -7.4271651161314605 10.742657481479753 40.125013253382114
v -6.854712101603333 16.559797517202504 38.673730020252336
v -5.602899772402163 21.52069424330314 36.50261355278182
v -6.854712101603333 16.559797517202504 38.673730020252336
v -0.3686133302000912 16.24247150536248 39.34612383870091
v -5.602899772402163 21.52069424330314 36.50261355278182
v -0.3686133302000912 16.24247150536248 39.34612383870091
v 0.44431803666448016 20.38011662664101 37.43570769874825
v -6.854712101603333 16.559797517202504 38.673730020252336
v -7.4271651161314605 10.742657481479753 40.125013253382114
v -1.1708408074055887 10.387476351957682 40.84301559586356
v -6.854712101603333 16.559797517202504 38.673730020252336
v -1.1708408074055887 10.387476351957682 40.84301559586356
v -0.3686133302000912 16.24247150536248 39.34612383870091
v -31.719065548767855 15.85031375405315 20.09456052446471
v -29.045141750261845 21.445232383547012 19.35521806220451
v -31.595671061471386 21.37853515982325 13.03427064042785
v -31.719065548767855 15.85031375405315 20.09456052446471
v -31.595671061471386 21.37853515982325 13.03427064042785
v -34.506148130299906 14.704062914008823 13.429329201902796
v -7.649584913575183 31.7148574821185 4.013305891602101
v -8.304166875225276 31.911141921509305 -0.22166098314570473
v -12.967208520620591 33.0992531727118 2.4046178830042955
v -7.649584913575183 31.7148574821185 4.013305891602101
v -12.967208520620591 33.0992531727118 2.4046178830042955
v -11.747830097271967 33.50474479505151 6.68227185309511
v -19.824384854671134 32.83877173094871 6.043057448767902
v -11.747830097271967 33.50474479505151 6.68227185309511
v -12.967208520620591 33.0992531727118 2.4046178830042955
v -19.824384854671134 32.83877173094871 6.043057448767902
v -12.967208520620591 33.0992531727118 2.4046178830042955
v -20.546468853567294 32.80539626054158 2.353509325526913
v -24.86040690337464 30.468960362476174 6.6439374157953415
v -19.824384854671134 32.83877173094871 6.043057448767902
v -20.546468853567294 32.80539626054158 2.353509325526913
v -24.86040690337464 30.468960362476174 6.6439374157953415
v -20.546468853567294 32.80539626054158 2.353509325526913
v -25.489088058579966 30.2930142910441 2.4508099508187002
v -35.57545732463678 14.327507358538979 7.64721446780464
v -33.15752635745164 20.386365787596564 7.530683239335955
v -33.71570049261551 19.927971691065355 2.284080468423764
v -35.57545732463678 14.327507358538979 7.64721446780464
v -33.71570049261551 19.927971691065355 2.284080468423764
v -36.16512183135012 13.32260265199792 2.7208136331402546
v -33.15752635745164 20.386365787596564 7.530683239335955
v -35.57545732463678 14.327507358538979 7.64721446780464
v -34.506148130299906 14.704062914008823 13.429329201902796
v -33.15752635745164 20.386365787596564 7.530683239335955
v -34.506148130299906 14.704062914008823 13.429329201902796
v -31.595671061471386 21.37853515982325 13.03427064042785
v -18.50955796779945 32.97087529468409 9.577761518404936
v -23.303186552567194 30.45095392764625 11.471628331155966
v -20.134706762801898 31.448823751703923 14.645113844379972
v -18.50955796779945 32.97087529468409 9.577761518404936
v -20.134706762801898 31.448823751703923 14.645113844379972
v -16.002943419792622 33.366009388061656 11.322543853408765
v -23.303186552567194 30.45095392764625 11.471628331155966
v -18.50955796779945 32.97087529468409 9.577761518404936
v -19.824384854671134 32.83877173094871 6.043057448767902
v -23.303186552567194 30.45095392764625 11.471628331155966
v -19.824384854671134 32.83877173094871 6.043057448767902
v -24.86040690337464 30.468960362476174 6.6439374157953415
v -24.627191846051637 27.50928586218168 17.30060611171675
v -20.134706762801898 31.448823751703923 14.645113844379972
v -23.303186552567194 30.45095392764625 11.471628331155966
v -24.627191846051637 27.50928586218168 17.30060611171675
v -23.303186552567194 30.45095392764625 11.471628331155966
v -27.612005391069857 26.832525439823335 12.43602335371112
v -29.045141750261845 21.445232383547012 19.35521806220451
v -24.627191846051637 27.50928586218168 17.30060611171675
v -27.612005391069857 26.832525439823335 12.43602335371112
v -29.045141750261845 21.445232383547012 19.35521806220451
v -27.612005391069857 26.832525439823335 12.43602335371112
v -31.595671061471386 21.37853515982325 13.03427064042785
v -27.612005391069857 26.832525439823335 12.43602335371112
v -23.303186552567194 30.45095392764625 11.471628331155966
v -24.86040690337464 30.468960362476174 6.6439374157953415
v -27.612005391069857 26.832525439823335 12.43602335371112
v -24.86040690337464 30.468960362476174 6.6439374157953415
v -29.12246901282328 26.711781736873036 7.30190737287679
v -31.595671061471386 21.37853515982325 13.03427064042785
v -27.612005391069857 26.832525439823335 12.43602335371112
v -29.12246901282328 26.711781736873036 7.30190737287679
v -31.595671061471386 21.37853515982325 13.03427064042785
v -29.12246901282328 26.711781736873036 7.30190737287679
v -33.15752635745164 20.386365787596564 7.530683239335955
v -29.12246901282328 26.711781736873036 7.30190737287679
v -24.86040690337464 30.468960362476174 6.6439374157953415
v -25.489088058579966 30.2930142910441 2.4508099508187002
v -29.12246901282328 26.711781736873036 7.30190737287679
v -25.489088058579966 30.2930142910441 2.4508099508187002
v -29.91678052779237 26.18665715169827 1.9946394823916767
v -33.15752635745164 20.386365787596564 7.530683239335955
v -29.12246901282328 26.711781736873036 7.30190737287679
v -29.91678052779237 26.18665715169827 1.9946394823916767
v -33.15752635745164 20.386365787596564 7.530683239335955
v -29.91678052779237 26.18665715169827 1.9946394823916767
v -33.71570049261551 19.927971691065355 2.284080468423764
v -19.824384854671134 32.83877173094871 6.043057448767902
v -18.50955796779945 32.97087529468409 9.577761518404936
v -16.002943419792622 33.366009388061656 11.322543853408765
v -19.824384854671134 32.83877173094871 6.043057448767902
v -16.002943419792622 33.366009388061656 11.322543853408765
v -11.747830097271967 33.50474479505151 6.68227185309511
v -36.16512183135012 13.32260265199792 2.7208136331402546
v -33.71570049261551 19.927971691065355 2.284080468423764
v -33.372778314355585 19.825504032925398 -2.8852179897055885
v -36.16512183135012 13.32260265199792 2.7208136331402546
v -33.372778314355585 19.825504032925398 -2.8852179897055885
v -36.00306597107751 12.20307942737941 -2.9692924135846988
v -33.372778314355585 19.825504032925398 -2.8852179897055885
v -33.71570049261551 19.927971691065355 2.284080468423764
v -29.91678052779237 26.18665715169827 1.9946394823916767
v -33.372778314355585 19.825504032925398 -2.8852179897055885
v -29.91678052779237 26.18665715169827 1.9946394823916767
v -29.219339439414366 26.58756557539465 -2.5683007744068362
v -12.879689778893583 33.736405877018335 -1.9920869642957864
v -8.304166875225276 31.911141921509305 -0.22166098314570473
v -7.297576960523193 32.98733621010081 -1.9461638706099187
v -12.879689778893583 33.736405877018335 -1.9920869642957864
v -7.297576960523193 32.98733621010081 -1.9461638706099187
v -12.474092006141158 35.037564033495705 -5.288458724667514
v -20.140215035331195 33.16399545115777 -4.441068803913227
v -12.879689778893583 33.736405877018335 -1.9920869642957864
v -12.474092006141158 35.037564033495705 -5.288458724667514
v -20.140215035331195 33.16399545115777 -4.441068803913227
v -12.474092006141158 35.037564033495705 -5.288458724667514
v -18.31415002786004 33.953282012150254 -8.481630924520976
v -14.22988080983345 33.655912317458764 -0.7759609107792484
v -12.879689778893583 33.736405877018335 -1.9920869642957864
v -20.140215035331195 33.16399545115777 -4.441068803913227
v -14.22988080983345 33.655912317458764 -0.7759609107792484
v -20.140215035331195 33.16399545115777 -4.441068803913227
v -21.11929138070559 32.85628362835468 -1.3052084267900343
v -14.22988080983345 33.655912317458764 -0.7759609107792484
v -21.11929138070559 32.85628362835468 -1.3052084267900343
v -20.546468853567294 32.80539626054158 2.353509325526913
v -14.22988080983345 33.655912317458764 -0.7759609107792484
v -20.546468853567294 32.80539626054158 2.353509325526913
v -12.967208520620591 33.0992531727118 2.4046178830042955
v -12.879689778893583 33.736405877018335 -1.9920869642957864
v -14.22988080983345 33.655912317458764 -0.7759609107792484
v -12.967208520620591 33.0992531727118 2.4046178830042955
v -12.879689778893583 33.736405877018335 -1.9920869642957864
v -12.967208520620591 33.0992531727118 2.4046178830042955
v -8.304166875225276 31.911141921509305 -0.22166098314570473
v -25.489088058579966 30.2930142910441 2.4508099508187002
v -20.546468853567294 32.80539626054158 2.353509325526913
v -21.11929138070559 32.85628362835468 -1.3052084267900343
v -25.489088058579966 30.2930142910441 2.4508099508187002
v -21.11929138070559 32.85628362835468 -1.3052084267900343
v -25.427919381697542 30.412154165811987 -1.201795473765371
v -29.91678052779237 26.18665715169827 1.9946394823916767
v -25.489088058579966 30.2930142910441 2.4508099508187002
v -25.427919381697542 30.412154165811987 -1.201795473765371
v -29.91678052779237 26.18665715169827 1.9946394823916767
v -25.427919381697542 30.412154165811987 -1.201795473765371
v -29.219339439414366 26.58756557539465 -2.5683007744068362
v -20.140215035331195 33.16399545115777 -4.441068803913227
v -18.31415002786004 33.953282012150254 -8.481630924520976
v -22.19151889183731 31.63799732076343 -10.358219370620196
v -20.140215035331195 33.16399545115777 -4.441068803913227
v -22.19151889183731 31.63799732076343 -10.358219370620196
v -23.954050102393474 31.05809954184234 -6.012540158309854
v -21.11929138070559 32.85628362835468 -1.3052084267900343
v -20.140215035331195 33.16399545115777 -4.441068803913227
v -23.954050102393474 31.05809954184234 -6.012540158309854
v -21.11929138070559 32.85628362835468 -1.3052084267900343
v -23.954050102393474 31.05809954184234 -6.012540158309854
v -25.427919381697542 30.412154165811987 -1.201795473765371
v -27.81416522221094 27.251310317493175 -7.461728783326535
v -23.954050102393474 31.05809954184234 -6.012540158309854
v -22.19151889183731 31.63799732076343 -10.358219370620196
v -27.81416522221094 27.251310317493175 -7.461728783326535
v -22.19151889183731 31.63799732076343 -10.358219370620196
v -26.20155544501378 27.52938902042806 -13.04876666961398
v -25.427919381697542 30.412154165811987 -1.201795473765371
v -23.954050102393474 31.05809954184234 -6.012540158309854
v -27.81416522221094 27.251310317493175 -7.461728783326535
v -25.427919381697542 30.412154165811987 -1.201795473765371
v -27.81416522221094 27.251310317493175 -7.461728783326535
v -29.219339439414366 26.58756557539465 -2.5683007744068362
v -27.81416522221094 27.251310317493175 -7.461728783326535
v -26.20155544501378 27.52938902042806 -13.04876666961398
v -30.481752917011637 20.42079634548432 -14.554499152962716
v -27.81416522221094 27.251310317493175 -7.461728783326535
v -30.481752917011637 20.42079634548432 -14.554499152962716
v -31.92661522025695 20.00404385924884 -8.923251769270802
v -29.219339439414366 26.58756557539465 -2.5683007744068362
v -27.81416522221094 27.251310317493175 -7.461728783326535
v -31.92661522025695 20.00404385924884 -8.923251769270802
v -29.219339439414366 26.58756557539465 -2.5683007744068362
v -31.92661522025695 20.00404385924884 -8.923251769270802
v -33.372778314355585 19.825504032925398 -2.8852179897055885
v -33.372778314355585 19.825504032925398 -2.8852179897055885
v -31.92661522025695 20.00404385924884 -8.923251769270802
v -34.775755845113196 12.538441438514004 -9.1727157463706
v -33.372778314355585 19.825504032925398 -2.8852179897055885
v -34.775755845113196 12.538441438514004 -9.1727157463706
v -36.00306597107751 12.20307942737941 -2.9692924135846988
v -34.775755845113196 12.538441438514004 -9.1727157463706
v -31.92661522025695 20.00404385924884 -8.923251769270802
v -30.481752917011637 20.42079634548432 -14.554499152962716
v -34.775755845113196 12.538441438514004 -9.1727157463706
v -30.481752917011637 20.42079634548432 -14.554499152962716
v -33.19930947203664 11.94125473590071 -16.32377647940749
v -25.642589420176733 10.059919758665746 30.322222085190205
v -26.654175125651822 3.8929966181585876 30.731074523311765
v -23.29539927226749 3.7876121451618165 33.904837703984334
v -25.642589420176733 10.059919758665746 30.322222085190205
v -23.29539927226749 3.7876121451618165 33.904837703984334
v -22.045593354043437 10.117113842879844 33.50011656101617
v -26.647251962343255 -1.960793410146665 31.002929701149935
v -26.166787463221237 -6.57388768339201 30.710510897375368
v -22.834424572675974 -6.688194736249856 33.85680444517725
v -26.647251962343255 -1.960793410146665 31.002929701149935
v -22.834424572675974 -6.688194736249856 33.85680444517725
v -23.29794793362615 -1.2884069112993328 34.18430691280364
v -26.654175125651822 3.8929966181585876 30.731074523311765
v -26.647251962343255 -1.960793410146665 31.002929701149935
v -23.29794793362615 -1.2884069112993328 34.18430691280364
v -26.654175125651822 3.8929966181585876 30.731074523311765
v -23.29794793362615 -1.2884069112993328 34.18430691280364
v -23.29539927226749 3.7876121451618165 33.904837703984334
v -22.045593354043437 10.117113842879844 33.50011656101617
v -23.29539927226749 3.7876121451618165 33.904837703984334
v -17.761441227991746 3.6509852398466127 37.70664881047267
v -22.045593354043437 10.117113842879844 33.50011656101617
v -17.761441227991746 3.6509852398466127 37.70664881047267
v -17.587545781589544 10.240851397693497 36.525415513105
v -23.29794793362615 -1.2884069112993328 34.18430691280364
v -22.834424572675974 -6.688194736249856 33.85680444517725
v -18.13871564108684 -6.407627358855949 36.95478480070878
v -23.29794793362615 -1.2884069112993328 34.18430691280364
v -18.13871564108684 -6.407627358855949 36.95478480070878
v -17.944924740691967 -0.9414294461353089 37.69058955256571
v -23.29539927226749 3.7876121451618165 33.904837703984334
v -23.29794793362615 -1.2884069112993328 34.18430691280364
v -17.944924740691967 -0.9414294461353089 37.69058955256571
v -23.29539927226749 3.7876121451618165 33.904837703984334
v -17.944924740691967 -0.9414294461353089 37.69058955256571
v -17.761441227991746 3.6509852398466127 37.70664881047267
v -4.2021165584175595 -24.733125368562067 33.2815009506446
v -9.820511010005292 -24.55607737127599 32.20997920450009
v -7.995861801070586 -30.011705718515806 27.609474266123176
v -4.2021165584175595 -24.733125368562067 33.2815009506446
v -7.995861801070586 -30.011705718515806 27.609474266123176
v -2.2054646178024497 -30.74814107568136 27.90710085024375
v -7.995861801070586 -30.011705718515806 27.609474266123176
v -9.820511010005292 -24.55607737127599 32.20997920450009
v -14.720439767857515 -25.08976119629516 29.770346943938804
v -7.995861801070586 -30.011705718515806 27.609474266123176
v -14.720439767857515 -25.08976119629516 29.770346943938804
v -12.139124379254852 -29.99638587912927 25.900913378942853
v -6.832072559284899 -34.9039120178219 17.352147241080328
v -1.472104728945576 -34.76845336911954 13.516254676870007
v -0.4599006631102918 -35.16994158806233 19.007031558558367
v -6.832072559284899 -34.9039120178219 17.352147241080328
v -0.4599006631102918 -35.16994158806233 19.007031558558367
v -4.557230436545489 -34.71860133305897 19.9466638815261
v -12.448979253783067 -12.62042275779325 37.66177489958373
v -12.559070902189681 -6.819385821852297 39.09243431899636
v -18.13871564108684 -6.407627358855949 36.95478480070878
v -12.448979253783067 -12.62042275779325 37.66177489958373
v -18.13871564108684 -6.407627358855949 36.95478480070878
v -17.87232635150218 -12.57284965454745 35.399381019214296
v -17.87232635150218 -12.57284965454745 35.399381019214296
v -17.17401608939539 -18.77420501205136 32.79480201603515
v -11.214719271907134 -18.25639413764425 35.71161474335294
v -17.87232635150218 -12.57284965454745 35.399381019214296
v -11.214719271907134 -18.25639413764425 35.71161474335294
v -12.448979253783067 -12.62042275779325 37.66177489958373
v -17.17401608939539 -18.77420501205136 32.79480201603515
v -14.720439767857515 -25.08976119629516 29.770346943938804
v -9.820511010005292 -24.55607737127599 32.20997920450009
v -17.17401608939539 -18.77420501205136 32.79480201603515
v -9.820511010005292 -24.55607737127599 32.20997920450009
v -11.214719271907134 -18.25639413764425 35.71161474335294
v -17.587545781589544 10.240851397693497 36.525415513105
v -17.761441227991746 3.6509852398466127 37.70664881047267
v -12.963963786690481 4.194945783798844 39.731592973495786
v -17.587545781589544 10.240851397693497 36.525415513105
v -12.963963786690481 4.194945783798844 39.731592973495786
v -12.512343146118397 10.709952348475328 38.78548617349946
v -17.761441227991746 3.6509852398466127 37.70664881047267
v -17.944924740691967 -0.9414294461353089 37.69058955256571
v -12.896844671933682 -1.2845996265846038 39.73745689921785
v -17.761441227991746 3.6509852398466127 37.70664881047267
v -12.896844671933682 -1.2845996265846038 39.73745689921785
v -12.963963786690481 4.194945783798844 39.731592973495786
v -12.896844671933682 -1.2845996265846038 39.73745689921785
v -17.944924740691967 -0.9414294461353089 37.69058955256571
v -18.13871564108684 -6.407627358855949 36.95478480070878
v -12.896844671933682 -1.2845996265846038 39.73745689921785
v -18.13871564108684 -6.407627358855949 36.95478480070878
v -12.559070902189681 -6.819385821852297 39.09243431899636
v -6.212841548439269 -31.403527439365018 -4.079680994487936
v -6.948155374861553 -31.225029178902318 0.2978651421171217
v -10.146860056146064 -33.29216770061319 -0.6893877354391654
v -6.212841548439269 -31.403527439365018 -4.079680994487936
v -10.146860056146064 -33.29216770061319 -0.6893877354391654
v -8.857864417195875 -33.47068900327409 -5.587657197113051
v -6.948155374861553 -31.225029178902318 0.2978651421171217
v -6.212841548439269 -31.403527439365018 -4.079680994487936
v -3.1648679121935603 -28.97751730674055 -2.352550489668484
v -6.948155374861553 -31.225029178902318 0.2978651421171217
v -3.1648679121935603 -28.97751730674055 -2.352550489668484
v -3.3981346967649113 -28.635452628622467 1.4224241581583437
v -4.228741830259767 -31.52883321595771 -6.207940563618312
v -6.212841548439269 -31.403527439365018 -4.079680994487936
v -8.857864417195875 -33.47068900327409 -5.587657197113051
v -4.228741830259767 -31.52883321595771 -6.207940563618312
v -8.857864417195875 -33.47068900327409 -5.587657197113051
v -6.956921776095139 -33.8275241607649 -8.506056860067613
v -6.644988584152935 -31.85232501163122 3.3551065615743605
v -6.948155374861553 -31.225029178902318 0.2978651421171217
v -3.3981346967649113 -28.635452628622467 1.4224241581583437
v -6.644988584152935 -31.85232501163122 3.3551065615743605
v -3.3981346967649113 -28.635452628622467 1.4224241581583437
v -2.6035933831348057 -28.53165440049551 3.338166952784589
v -6.644988584152935 -31.85232501163122 3.3551065615743605
v -4.637674559988717 -32.35094344090024 7.342657227553821
v -8.475236091671292 -34.490316324417755 9.744152412656344
v -6.644988584152935 -31.85232501163122 3.3551065615743605
v -8.475236091671292 -34.490316324417755 9.744152412656344
v -10.56616970972221 -34.04931548911638 3.7067132137431296
v -4.637674559988717 -32.35094344090024 7.342657227553821
v -6.644988584152935 -31.85232501163122 3.3551065615743605
v -2.6035933831348057 -28.53165440049551 3.338166952784589
v -4.637674559988717 -32.35094344090024 7.342657227553821
v -2.6035933831348057 -28.53165440049551 3.338166952784589
v -0.48924801023650044 -28.90795120916082 5.114984264302898
v -4.637674559988717 -32.35094344090024 7.342657227553821
v -1.3638729548332074 -32.05718131428879 8.406873765427216
v -1.472104728945576 -34.76845336911954 13.516254676870007
v -4.637674559988717 -32.35094344090024 7.342657227553821
v -1.472104728945576 -34.76845336911954 13.516254676870007
v -8.475236091671292 -34.490316324417755 9.744152412656344
v -1.3638729548332074 -32.05718131428879 8.406873765427216
v -4.637674559988717 -32.35094344090024 7.342657227553821
v -0.48924801023650044 -28.90795120916082 5.114984264302898
v -1.3638729548332074 -32.05718131428879 8.406873765427216
v -0.48924801023650044 -28.90795120916082 5.114984264302898
v 1.302797842403234 -29.992118713126608 5.588611484212941
v 3.47209689603698 -29.117447409875957 3.551297975123592
v 7.001321635543605 -33.3305284428749 5.973156292154032
v 3.2877952437308733 -32.418418366222284 7.9859467806407896
v 3.47209689603698 -29.117447409875957 3.551297975123592
v 3.2877952437308733 -32.418418366222284 7.9859467806407896
v 1.302797842403234 -29.992118713126608 5.588611484212941
v 1.302797842403234 -29.992118713126608 5.588611484212941
v 3.2877952437308733 -32.418418366222284 7.9859467806407896
v 1.6195500162285854 -32.71758178496702 9.186700945385438
v 1.302797842403234 -29.992118713126608 5.588611484212941
v 1.6195500162285854 -32.71758178496702 9.186700945385438
v -1.3638729548332074 -32.05718131428879 8.406873765427216
v 6.809625297870055 -35.43300414382137 17.006184799596138
v 3.308362870528937 -35.45853918545284 18.16438025898918
v 2.842531192166514 -34.92847283435968 12.665130917688257
v 6.809625297870055 -35.43300414382137 17.006184799596138
v 2.842531192166514 -34.92847283435968 12.665130917688257
v 5.42153912967234 -34.7953251026976 11.522835101495405
v -1.472104728945576 -34.76845336911954 13.516254676870007
v 2.842531192166514 -34.92847283435968 12.665130917688257
v 3.308362870528937 -35.45853918545284 18.16438025898918
v -1.472104728945576 -34.76845336911954 13.516254676870007
v 3.308362870528937 -35.45853918545284 18.16438025898918
v -0.4599006631102918 -35.16994158806233 19.007031558558367
v 5.42153912967234 -34.7953251026976 11.522835101495405
v 2.842531192166514 -34.92847283435968 12.665130917688257
v 1.6195500162285854 -32.71758178496702 9.186700945385438
v 5.42153912967234 -34.7953251026976 11.522835101495405
v 1.6195500162285854 -32.71758178496702 9.186700945385438
v 3.2877952437308733 -32.418418366222284 7.9859467806407896
v 1.6195500162285854 -32.71758178496702 9.186700945385438
v 2.842531192166514 -34.92847283435968 12.665130917688257
v -1.472104728945576 -34.76845336911954 13.516254676870007
v 1.6195500162285854 -32.71758178496702 9.186700945385438
v -1.472104728945576 -34.76845336911954 13.516254676870007
v -1.3638729548332074 -32.05718131428879 8.406873765427216
v 7.001321635543605 -33.3305284428749 5.973156292154032
v 3.47209689603698 -29.117447409875957 3.551297975123592
v 5.764629597181202 -29.835259453401896 2.1549415367215983
v 7.001321635543605 -33.3305284428749 5.973156292154032
v 5.764629597181202 -29.835259453401896 2.1549415367215983
v 8.942159344503597 -33.53966595919344 4.04572909435636
v 8.942159344503597 -33.53966595919344 4.04572909435636
v 5.764629597181202 -29.835259453401896 2.1549415367215983
v 7.563792216598931 -31.231942880080286 -0.6946332208094952
v 8.942159344503597 -33.53966595919344 4.04572909435636
v 7.563792216598931 -31.231942880080286 -0.6946332208094952
v 10.931533343399922 -33.83345196645992 0.356714825284145
v 12.409692186435997 -33.90870909443794 -2.8662712755998356
v 10.931533343399922 -33.83345196645992 0.356714825284145
v 7.563792216598931 -31.231942880080286 -0.6946332208094952
v 12.409692186435997 -33.90870909443794 -2.8662712755998356
v 7.563792216598931 -31.231942880080286 -0.6946332208094952
v 9.178342548390361 -32.92711148323967 -5.519353210595977
v 7.563792216598931 -31.231942880080286 -0.6946332208094952
v 3.4043583532652284 -29.282037851537883 -3.967809563997808
v 5.992258058298452 -32.47971623252711 -7.182029071340477
v 7.563792216598931 -31.231942880080286 -0.6946332208094952
v 5.992258058298452 -32.47971623252711 -7.182029071340477
v 9.178342548390361 -32.92711148323967 -5.519353210595977
v 8.593968944822956 -34.865401912666556 8.829479642797656
v 7.001321635543605 -33.3305284428749 5.973156292154032
v 8.942159344503597 -33.53966595919344 4.04572909435636
v 8.593968944822956 -34.865401912666556 8.829479642797656
v 8.942159344503597 -33.53966595919344 4.04572909435636
v 11.938012416791675 -35.217682422014256 6.038899036135364
v -7.574700095291672 -7.244782004843131 40.09714930758247
v -12.559070902189681 -6.819385821852297 39.09243431899636
v -12.448979253783067 -12.62042275779325 37.66177489958373
v -7.574700095291672 -7.244782004843131 40.09714930758247
v -12.448979253783067 -12.62042275779325 37.66177489958373
v -6.737424143377346 -12.386559179857322 38.917565535627396
v -7.9236242245501876 -1.7119451008005957 40.831100107678225
v -12.896844671933682 -1.2845996265846038 39.73745689921785
v -12.559070902189681 -6.819385821852297 39.09243431899636
v -7.9236242245501876 -1.7119451008005957 40.831100107678225
v -12.559070902189681 -6.819385821852297 39.09243431899636
v -7.574700095291672 -7.244782004843131 40.09714930758247
v -8.011800465312366 3.7842934513551505 40.949824188144134
v -12.963963786690481 4.194945783798844 39.731592973495786
v -12.896844671933682 -1.2845996265846038 39.73745689921785
v -8.011800465312366 3.7842934513551505 40.949824188144134
v -12.896844671933682 -1.2845996265846038 39.73745689921785
v -7.9236242245501876 -1.7119451008005957 40.831100107678225
v -12.512343146118397 10.709952348475328 38.78548617349946
v -12.963963786690481 4.194945783798844 39.731592973495786
v -8.011800465312366 3.7842934513551505 40.949824188144134
v -12.512343146118397 10.709952348475328 38.78548617349946
v -8.011800465312366 3.7842934513551505 40.949824188144134
v -7.4271651161314605 10.742657481479753 40.125013253382114
v -5.5212801592885095 -18.042122835473766 37.002592148402734
v -11.214719271907134 -18.25639413764425 35.71161474335294
v -9.820511010005292 -24.55607737127599 32.20997920450009
v -5.5212801592885095 -18.042122835473766 37.002592148402734
v -9.820511010005292 -24.55607737127599 32.20997920450009
v -4.2021165584175595 -24.733125368562067 33.2815009506446
v -6.737424143377346 -12.386559179857322 38.917565535627396
v -12.448979253783067 -12.62042275779325 37.66177489958373
v -11.214719271907134 -18.25639413764425 35.71161474335294
v -6.737424143377346 -12.386559179857322 38.917565535627396
v -11.214719271907134 -18.25639413764425 35.71161474335294
v -5.5212801592885095 -18.042122835473766 37.002592148402734
v -28.424013713364726 21.41254214352408 -18.945607648789846
v -30.481752917011637 20.42079634548432 -14.554499152962716
v -26.20155544501378 27.52938902042806 -13.04876666961398
v -28.424013713364726 21.41254214352408 -18.945607648789846
v -26.20155544501378 27.52938902042806 -13.04876666961398
v -23.893957425303054 28.25767086005533 -17.29978800715182
v -31.23410346812325 11.85209457537858 -21.155395564744186
v -33.19930947203664 11.94125473590071 -16.32377647940749
v -30.481752917011637 20.42079634548432 -14.554499152962716
v -31.23410346812325 11.85209457537858 -21.155395564744186
v -30.481752917011637 20.42079634548432 -14.554499152962716
v -28.424013713364726 21.41254214352408 -18.945607648789846
v -19.921781747779136 32.27610734593122 -14.643217249750295
v -22.19151889183731 31.63799732076343 -10.358219370620196
v -18.31415002786004 33.953282012150254 -8.481630924520976
v -19.921781747779136 32.27610734593122 -14.643217249750295
v -18.31415002786004 33.953282012150254 -8.481630924520976
v -16.10009793061492 34.50800275436203 -12.808301497624594
v -23.893957425303054 28.25767086005533 -17.29978800715182
v -26.20155544501378 27.52938902042806 -13.04876666961398
v -22.19151889183731 31.63799732076343 -10.358219370620196
v -23.893957425303054 28.25767086005533 -17.29978800715182
v -22.19151889183731 31.63799732076343 -10.358219370620196
v -19.921781747779136 32.27610734593122 -14.643217249750295
v -1.7689787588463302 36.093908506339076 -12.430103099993175
v -2.656989407177474 33.72312892665031 -6.48207537427129
v 2.036294280893024 33.432929068651255 -7.358964534086592
v -1.7689787588463302 36.093908506339076 -12.430103099993175
v 2.036294280893024 33.432929068651255 -7.358964534086592
v 4.465223619185964 35.44215175537666 -12.14234800976116
v -1.4288393045386687 31.652474454310962 9.760514298541192
v 0.6536299859231408 25.851194544648955 5.529176245013294
v -2.1601523724909892 27.463110178288595 4.811508473351988
v -1.4288393045386687 31.652474454310962 9.760514298541192
v -2.1601523724909892 27.463110178288595 4.811508473351988
v -4.771653549247821 31.331587654558056 7.339422391139374
v -0.8598111639031886 23.933883633461587 3.584547853667648
v -2.1601523724909892 27.463110178288595 4.811508473351988
v 0.6536299859231408 25.851194544648955 5.529176245013294
v -0.8598111639031886 23.933883633461587 3.584547853667648
v 0.6536299859231408 25.851194544648955 5.529176245013294
v 0.8066647273932451 21.13923057195262 3.2264149253723744
v 2.5989132664560786 31.31436051085144 10.657261902386743
v 3.063779362873494 25.481294698050856 6.028143925186161
v 0.6536299859231408 25.851194544648955 5.529176245013294
v 2.5989132664560786 31.31436051085144 10.657261902386743
v 0.6536299859231408 25.851194544648955 5.529176245013294
v -1.4288393045386687 31.652474454310962 9.760514298541192
v 0.8066647273932451 21.13923057195262 3.2264149253723744
v 0.6536299859231408 25.851194544648955 5.529176245013294
v 3.063779362873494 25.481294698050856 6.028143925186161
v 0.8066647273932451 21.13923057195262 3.2264149253723744
v 3.063779362873494 25.481294698050856 6.028143925186161
v 2.413202362774033 20.297927528201416 2.9286292896294777
v -4.771653549247821 31.331587654558056 7.339422391139374
v -2.1601523724909892 27.463110178288595 4.811508473351988
v -3.590997514052317 27.70454974638069 2.9967192078334737
v -4.771653549247821 31.331587654558056 7.339422391139374
v -3.590997514052317 27.70454974638069 2.9967192078334737
v -7.649584913575183 31.7148574821185 4.013305891602101
v -1.3096302152806603 24.000358391131655 2.6283615829093563
v -3.590997514052317 27.70454974638069 2.9967192078334737
v -2.1601523724909892 27.463110178288595 4.811508473351988
v -1.3096302152806603 24.000358391131655 2.6283615829093563
v -2.1601523724909892 27.463110178288595 4.811508473351988
v -0.8598111639031886 23.933883633461587 3.584547853667648
v 7.121170645128878 29.980413726393827 9.637909203602383
v 5.937505057360795 25.48244824448113 5.297313757480462
v 3.063779362873494 25.481294698050856 6.028143925186161
v 7.121170645128878 29.980413726393827 9.637909203602383
v 3.063779362873494 25.481294698050856 6.028143925186161
v 2.5989132664560786 31.31436051085144 10.657261902386743
v 3.063779362873494 25.481294698050856 6.028143925186161
v 5.937505057360795 25.48244824448113 5.297313757480462
v 3.566393070709452 22.289244830607203 1.559690146053011
v 3.063779362873494 25.481294698050856 6.028143925186161
v 3.566393070709452 22.289244830607203 1.559690146053011
v 2.413202362774033 20.297927528201416 2.9286292896294777
v -7.649584913575183 31.7148574821185 4.013305891602101
v -3.590997514052317 27.70454974638069 2.9967192078334737
v -3.8052547394545564 27.70713189852978 0.9429244169450551
v -7.649584913575183 31.7148574821185 4.013305891602101
v -3.8052547394545564 27.70713189852978 0.9429244169450551
v -8.304166875225276 31.911141921509305 -0.22166098314570473
v -3.8052547394545564 27.70713189852978 0.9429244169450551
v -3.590997514052317 27.70454974638069 2.9967192078334737
v -1.3096302152806603 24.000358391131655 2.6283615829093563
v -3.8052547394545564 27.70713189852978 0.9429244169450551
v -1.3096302152806603 24.000358391131655 2.6283615829093563
v -1.0652230680316281 23.85175853286397 1.556683001098784
v -8.304166875225276 31.911141921509305 -0.22166098314570473
v -3.8052547394545564 27.70713189852978 0.9429244169450551
v -3.6266823576253464 30.1797915120248 -0.787489292938839
v -8.304166875225276 31.911141921509305 -0.22166098314570473
v -3.6266823576253464 30.1797915120248 -0.787489292938839
v -7.297576960523193 32.98733621010081 -1.9461638706099187
v -3.6266823576253464 30.1797915120248 -0.787489292938839
v -0.9334762752904845 29.681427382809307 -2.838379124652369
v -2.656989407177474 33.72312892665031 -6.48207537427129
v -3.6266823576253464 30.1797915120248 -0.787489292938839
v -2.656989407177474 33.72312892665031 -6.48207537427129
v -7.297576960523193 32.98733621010081 -1.9461638706099187
v -0.9334762752904845 29.681427382809307 -2.838379124652369
v 2.221168434278669 29.217033361610845 -3.556190145322832
v 2.036294280893024 33.432929068651255 -7.358964534086592
v -0.9334762752904845 29.681427382809307 -2.838379124652369
v 2.036294280893024 33.432929068651255 -7.358964534086592
v -2.656989407177474 33.72312892665031 -6.48207537427129
v 16.60168749290386 31.231725795546023 3.610709735019902
v 15.464129609395812 31.483564894412122 -4.196334299247753
v 10.942683574135446 30.14800980034496 -1.7546385132246456
v 16.60168749290386 31.231725795546023 3.610709735019902
v 10.942683574135446 30.14800980034496 -1.7546385132246456
v 11.713578516180268 30.039864014716297 2.9074404375700795
v 10.942683574135446 30.14800980034496 -1.7546385132246456
v 6.507767143001954 27.420368331756936 -1.2139398753778838
v 7.740979495002792 27.02475814418612 2.3164782145123666
v 10.942683574135446 30.14800980034496 -1.7546385132246456
v 7.740979495002792 27.02475814418612 2.3164782145123666
v 11.713578516180268 30.039864014716297 2.9074404375700795
v 3.812068306736944 24.18658308489239 -1.0361690707695217
v 2.221168434278669 29.217033361610845 -3.556190145322832
v -0.9334762752904845 29.681427382809307 -2.838379124652369
v 3.812068306736944 24.18658308489239 -1.0361690707695217
v -0.9334762752904845 29.681427382809307 -2.838379124652369
v 1.6964218724607876 21.70665267878369 -0.041489797463649565
v 6.507767143001954 27.420368331756936 -1.2139398753778838
v 3.812068306736944 24.18658308489239 -1.0361690707695217
v 4.79390261145541 23.73259247351652 0.9123892540677527
v 6.507767143001954 27.420368331756936 -1.2139398753778838
v 4.79390261145541 23.73259247351652 0.9123892540677527
v 7.740979495002792 27.02475814418612 2.3164782145123666
v 3.812068306736944 24.18658308489239 -1.0361690707695217
v 1.6964218724607876 21.70665267878369 -0.041489797463649565
v 3.566393070709452 22.289244830607203 1.559690146053011
v 3.812068306736944 24.18658308489239 -1.0361690707695217
v 3.566393070709452 22.289244830607203 1.559690146053011
v 4.79390261145541 23.73259247351652 0.9123892540677527
v 10.961990051910128 33.5365428804729 -8.401543209526775
v 7.307705677962267 31.85648254861093 -5.287900397805206
v 10.942683574135446 30.14800980034496 -1.7546385132246456
v 10.961990051910128 33.5365428804729 -8.401543209526775
v 10.942683574135446 30.14800980034496 -1.7546385132246456
v 15.464129609395812 31.483564894412122 -4.196334299247753
v 10.942683574135446 30.14800980034496 -1.7546385132246456
v 7.307705677962267 31.85648254861093 -5.287900397805206
v 5.7270761252420375 28.285667351241976 -2.417004868977404
v 10.942683574135446 30.14800980034496 -1.7546385132246456
v 5.7270761252420375 28.285667351241976 -2.417004868977404
v 6.507767143001954 27.420368331756936 -1.2139398753778838
v 2.221168434278669 29.217033361610845 -3.556190145322832
v 5.7270761252420375 28.285667351241976 -2.417004868977404
v 7.307705677962267 31.85648254861093 -5.287900397805206
v 2.221168434278669 29.217033361610845 -3.556190145322832
v 7.307705677962267 31.85648254861093 -5.287900397805206
v 2.036294280893024 33.432929068651255 -7.358964534086592
v 3.812068306736944 24.18658308489239 -1.0361690707695217
v 6.507767143001954 27.420368331756936 -1.2139398753778838
v 5.7270761252420375 28.285667351241976 -2.417004868977404
v 3.812068306736944 24.18658308489239 -1.0361690707695217
v 5.7270761252420375 28.285667351241976 -2.417004868977404
v 2.221168434278669 29.217033361610845 -3.556190145322832
v 2.233948263533528 36.01491604719457 -18.226600235945057
v -1.7689787588463302 36.093908506339076 -12.430103099993175
v 4.465223619185964 35.44215175537666 -12.14234800976116
v 2.233948263533528 36.01491604719457 -18.226600235945057
v 4.465223619185964 35.44215175537666 -12.14234800976116
v 6.055598479585476 35.70155374731372 -17.511298704653928
v 14.787322419121985 33.39334573448349 -11.904781748354845
v 10.961990051910128 33.5365428804729 -8.401543209526775
v 15.464129609395812 31.483564894412122 -4.196334299247753
v 14.787322419121985 33.39334573448349 -11.904781748354845
v 15.464129609395812 31.483564894412122 -4.196334299247753
v 18.683691914716594 31.428716234782783 -7.464117345005026
v 21.29478708953337 30.57193647654493 -0.33171719974386654
v 18.683691914716594 31.428716234782783 -7.464117345005026
v 15.464129609395812 31.483564894412122 -4.196334299247753
v 21.29478708953337 30.57193647654493 -0.33171719974386654
v 15.464129609395812 31.483564894412122 -4.196334299247753
v 16.60168749290386 31.231725795546023 3.610709735019902
v 11.764926394825558 31.75127787435133 19.672603293829162
v 8.466457130345896 32.35951535393797 14.70173908629295
v 4.887643882244607 33.04309156670982 20.849116751867285
v 11.764926394825558 31.75127787435133 19.672603293829162
v 4.887643882244607 33.04309156670982 20.849116751867285
v 8.619922365623689 32.071118226962156 22.685554044943753
v 23.26860663352365 29.959352337109173 4.992825937997147
v 21.29478708953337 30.57193647654493 -0.33171719974386654
v 16.60168749290386 31.231725795546023 3.610709735019902
v 23.26860663352365 29.959352337109173 4.992825937997147
v 16.60168749290386 31.231725795546023 3.610709735019902
v 21.46745169805659 30.320393307831043 8.494825624661342
v 8.537827968075439 29.66141127849833 27.54192703573474
v 8.619922365623689 32.071118226962156 22.685554044943753
v 4.887643882244607 33.04309156670982 20.849116751867285
v 8.537827968075439 29.66141127849833 27.54192703573474
v 4.887643882244607 33.04309156670982 20.849116751867285
v 2.100287519576007 31.020336728584784 27.877650718612912
v 15.355303657901793 28.33392797145374 24.914081539880936
v 11.764926394825558 31.75127787435133 19.672603293829162
v 8.619922365623689 32.071118226962156 22.685554044943753
v 15.355303657901793 28.33392797145374 24.914081539880936
v 8.619922365623689 32.071118226962156 22.685554044943753
v 8.537827968075439 29.66141127849833 27.54192703573474
v 28.5710466143402 26.533420320288315 6.274828803456026
v 23.26860663352365 29.959352337109173 4.992825937997147
v 21.46745169805659 30.320393307831043 8.494825624661342
v 28.5710466143402 26.533420320288315 6.274828803456026
v 21.46745169805659 30.320393307831043 8.494825624661342
v 27.227289083735336 26.611203230654336 11.788731268457061
v 3.498232185593357 34.5816264733884 -22.852072907507754
v 2.233948263533528 36.01491604719457 -18.226600235945057
v 6.055598479585476 35.70155374731372 -17.511298704653928
v 3.498232185593357 34.5816264733884 -22.852072907507754
v 6.055598479585476 35.70155374731372 -17.511298704653928
v 7.139105824246061 34.34026669827325 -21.641062937281994
v 14.787322419121985 33.39334573448349 -11.904781748354845
v 18.683691914716594 31.428716234782783 -7.464117345005026
v 21.648657442119386 30.399958280311488 -10.59573369199893
v 14.787322419121985 33.39334573448349 -11.904781748354845
v 21.648657442119386 30.399958280311488 -10.59573369199893
v 17.893050222079516 31.862308497399376 -15.065404984878025
v 32.86446851584618 20.77343939323599 8.279259325951516
v 28.5710466143402 26.533420320288315 6.274828803456026
v 27.227289083735336 26.611203230654336 11.788731268457061
v 32.86446851584618 20.77343939323599 8.279259325951516
v 27.227289083735336 26.611203230654336 11.788731268457061
v 30.77589141589089 21.08885708865884 14.134668705342753
v 21.648657442119386 30.399958280311488 -10.59573369199893
v 24.858770609283642 28.81602999617121 -5.644589907046813
v 28.05736323145873 25.40150693578584 -9.22719325707518
v 21.648657442119386 30.399958280311488 -10.59573369199893
v 28.05736323145873 25.40150693578584 -9.22719325707518
v 24.884496794737437 27.315911973312158 -14.143380632395573
v 17.893050222079516 31.862308497399376 -15.065404984878025
v 21.648657442119386 30.399958280311488 -10.59573369199893
v 24.884496794737437 27.315911973312158 -14.143380632395573
v 17.893050222079516 31.862308497399376 -15.065404984878025
v 24.884496794737437 27.315911973312158 -14.143380632395573
v 20.966112618463658 28.545420660506142 -18.910833828072608
v 3.498232185593357 34.5816264733884 -22.852072907507754
v 7.139105824246061 34.34026669827325 -21.641062937281994
v 8.755393591500486 30.82609210995827 -26.86554959098254
v 3.498232185593357 34.5816264733884 -22.852072907507754
v 8.755393591500486 30.82609210995827 -26.86554959098254
v 4.6441840155644405 30.96344038125473 -28.13992929604094
v -14.109117219659776 31.59414024644832 -23.224390761190694
v -11.968078808942685 27.735111200370767 -28.78826334326844
v -16.503607814205914 25.686508793838854 -27.877584235666305
v -14.109117219659776 31.59414024644832 -23.224390761190694
v -16.503607814205914 25.686508793838854 -27.877584235666305
v -18.46965285983648 27.967589852697675 -24.33206388103697
v 15.059302493845815 31.193671548724993 8.723516600575191
v 16.60168749290386 31.231725795546023 3.610709735019902
v 11.713578516180268 30.039864014716297 2.9074404375700795
v 15.059302493845815 31.193671548724993 8.723516600575191
v 11.713578516180268 30.039864014716297 2.9074404375700795
v 10.217439079185596 29.890603288260348 5.926176478336422
v 7.740979495002792 27.02475814418612 2.3164782145123666
v 5.937505057360795 25.48244824448113 5.297313757480462
v 10.217439079185596 29.890603288260348 5.926176478336422
v 7.740979495002792 27.02475814418612 2.3164782145123666
v 10.217439079185596 29.890603288260348 5.926176478336422
v 11.713578516180268 30.039864014716297 2.9074404375700795
v 4.79390261145541 23.73259247351652 0.9123892540677527
v 3.566393070709452 22.289244830607203 1.559690146053011
v 5.937505057360795 25.48244824448113 5.297313757480462
v 4.79390261145541 23.73259247351652 0.9123892540677527
v 5.937505057360795 25.48244824448113 5.297313757480462
v 7.740979495002792 27.02475814418612 2.3164782145123666
v 21.46745169805659 30.320393307831043 8.494825624661342
v 16.60168749290386 31.231725795546023 3.610709735019902
v 15.059302493845815 31.193671548724993 8.723516600575191
v 21.46745169805659 30.320393307831043 8.494825624661342
v 15.059302493845815 31.193671548724993 8.723516600575191
v 18.908446168846424 30.696868810382732 12.987713870916185
v 18.908446168846424 30.696868810382732 12.987713870916185
v 24.016279353729132 26.9477924677236 17.02496189422464
v 27.227289083735336 26.611203230654336 11.788731268457061
v 18.908446168846424 30.696868810382732 12.987713870916185
v 27.227289083735336 26.611203230654336 11.788731268457061
v 21.46745169805659 30.320393307831043 8.494825624661342
v 9.428935492691716 29.963560021544613 8.794014276255988
v 12.838950475301198 31.220074042329436 12.572442055799915
v 15.059302493845815 31.193671548724993 8.723516600575191
v 9.428935492691716 29.963560021544613 8.794014276255988
v 15.059302493845815 31.193671548724993 8.723516600575191
v 10.217439079185596 29.890603288260348 5.926176478336422
v 8.466457130345896 32.35951535393797 14.70173908629295
v 12.838950475301198 31.220074042329436 12.572442055799915
v 9.428935492691716 29.963560021544613 8.794014276255988
v 8.466457130345896 32.35951535393797 14.70173908629295
v 9.428935492691716 29.963560021544613 8.794014276255988
v 7.121170645128878 29.980413726393827 9.637909203602383
v 12.838950475301198 31.220074042329436 12.572442055799915
v 15.394946247733992 31.29152776217206 16.769637909310546
v 18.908446168846424 30.696868810382732 12.987713870916185
v 12.838950475301198 31.220074042329436 12.572442055799915
v 18.908446168846424 30.696868810382732 12.987713870916185
v 15.059302493845815 31.193671548724993 8.723516600575191
v 11.764926394825558 31.75127787435133 19.672603293829162
v 15.394946247733992 31.29152776217206 16.769637909310546
v 12.838950475301198 31.220074042329436 12.572442055799915
v 11.764926394825558 31.75127787435133 19.672603293829162
v 12.838950475301198 31.220074042329436 12.572442055799915
v 8.466457130345896 32.35951535393797 14.70173908629295
v 18.908446168846424 30.696868810382732 12.987713870916185
v 15.394946247733992 31.29152776217206 16.769637909310546
v 18.845415719956637 28.291492394977666 22.052223275619752
v 18.908446168846424 30.696868810382732 12.987713870916185
v 18.845415719956637 28.291492394977666 22.052223275619752
v 24.016279353729132 26.9477924677236 17.02496189422464
v 18.845415719956637 28.291492394977666 22.052223275619752
v 15.394946247733992 31.29152776217206 16.769637909310546
v 11.764926394825558 31.75127787435133 19.672603293829162
v 18.845415719956637 28.291492394977666 22.052223275619752
v 11.764926394825558 31.75127787435133 19.672603293829162
v 15.355303657901793 28.33392797145374 24.914081539880936
v 10.217439079185596 29.890603288260348 5.926176478336422
v 5.937505057360795 25.48244824448113 5.297313757480462
v 7.121170645128878 29.980413726393827 9.637909203602383
v 10.217439079185596 29.890603288260348 5.926176478336422
v 7.121170645128878 29.980413726393827 9.637909203602383
v 9.428935492691716 29.963560021544613 8.794014276255988
v -22.11664484345031 22.20776519716899 -26.396504717398866
v -18.46965285983648 27.967589852697675 -24.33206388103697
v -16.503607814205914 25.686508793838854 -27.877584235666305
v -22.11664484345031 22.20776519716899 -26.396504717398866
v -16.503607814205914 25.686508793838854 -27.877584235666305
v -17.446807382683453 20.24935175144118 -31.002163781487077
v -16.503607814205914 25.686508793838854 -27.877584235666305
v -11.968078808942685 27.735111200370767 -28.78826334326844
v -11.726693856633476 22.117968776236218 -33.086079671672266
v -16.503607814205914 25.686508793838854 -27.877584235666305
v -11.726693856633476 22.117968776236218 -33.086079671672266
v -17.446807382683453 20.24935175144118 -31.002163781487077
v -1.1708408074055887 10.387476351957682 40.84301559586356
v -7.4271651161314605 10.742657481479753 40.125013253382114
v -8.011800465312366 3.7842934513551505 40.949824188144134
v -1.1708408074055887 10.387476351957682 40.84301559586356
v -8.011800465312366 3.7842934513551505 40.949824188144134
v -1.0168420752513658 3.6853702346040365 41.545801964238976
v -1.2341181873153404 -2.1189661196447926 41.42714277502004
v -7.9236242245501876 -1.7119451008005957 40.831100107678225
v -7.574700095291672 -7.244782004843131 40.09714930758247
v -1.2341181873153404 -2.1189661196447926 41.42714277502004
v -7.574700095291672 -7.244782004843131 40.09714930758247
v -0.8906929415077061 -7.625710508754631 40.62440153798208
v -1.0168420752513658 3.6853702346040365 41.545801964238976
v -8.011800465312366 3.7842934513551505 40.949824188144134
v -7.9236242245501876 -1.7119451008005957 40.831100107678225
v -1.0168420752513658 3.6853702346040365 41.545801964238976
v -7.9236242245501876 -1.7119451008005957 40.831100107678225
v -1.2341181873153404 -2.1189661196447926 41.42714277502004
v 0.6004572794180173 -24.631425899593857 33.59312354594285
v -4.2021165584175595 -24.733125368562067 33.2815009506446
v -2.2054646178024497 -30.74814107568136 27.90710085024375
v 0.6004572794180173 -24.631425899593857 33.59312354594285
v -2.2054646178024497 -30.74814107568136 27.90710085024375
v 4.7737085262005055 -31.1885485768803 27.380424749465163
v -0.4764044263674412 -18.27494946308249 37.191774454703726
v -5.5212801592885095 -18.042122835473766 37.002592148402734
v -4.2021165584175595 -24.733125368562067 33.2815009506446
v -0.4764044263674412 -18.27494946308249 37.191774454703726
v -4.2021165584175595 -24.733125368562067 33.2815009506446
v 0.6004572794180173 -24.631425899593857 33.59312354594285
v -0.4612634036989095 -12.66705431619173 39.37455866069949
v -6.737424143377346 -12.386559179857322 38.917565535627396
v -5.5212801592885095 -18.042122835473766 37.002592148402734
v -0.4612634036989095 -12.66705431619173 39.37455866069949
v -5.5212801592885095 -18.042122835473766 37.002592148402734
v -0.4764044263674412 -18.27494946308249 37.191774454703726
v -0.8906929415077061 -7.625710508754631 40.62440153798208
v -7.574700095291672 -7.244782004843131 40.09714930758247
v -6.737424143377346 -12.386559179857322 38.917565535627396
v -0.8906929415077061 -7.625710508754631 40.62440153798208
v -6.737424143377346 -12.386559179857322 38.917565535627396
v -0.4612634036989095 -12.66705431619173 39.37455866069949
v 8.548321239532456 -24.95478350656627 32.13959809592788
v 13.259935537494648 -24.82048414044356 29.924231790186848
v 14.60919819623473 -18.9460675500228 32.67614207004313
v 8.548321239532456 -24.95478350656627 32.13959809592788
v 14.60919819623473 -18.9460675500228 32.67614207004313
v 9.807322542976722 -17.960798929526277 35.61115465458527
v 9.673795519767182 -31.503742574716615 25.388588312140282
v 13.259935537494648 -24.82048414044356 29.924231790186848
v 8.548321239532456 -24.95478350656627 32.13959809592788
v 9.673795519767182 -31.503742574716615 25.388588312140282
v 8.548321239532456 -24.95478350656627 32.13959809592788
v 4.7737085262005055 -31.1885485768803 27.380424749465163
v 0.6004572794180173 -24.631425899593857 33.59312354594285
v 4.7737085262005055 -31.1885485768803 27.380424749465163
v 8.548321239532456 -24.95478350656627 32.13959809592788
v 0.6004572794180173 -24.631425899593857 33.59312354594285
v 8.548321239532456 -24.95478350656627 32.13959809592788
v 5.192894824252033 -23.315084845949695 34.086367523340286
v -0.4764044263674412 -18.27494946308249 37.191774454703726
v 0.6004572794180173 -24.631425899593857 33.59312354594285
v 5.192894824252033 -23.315084845949695 34.086367523340286
v -0.4764044263674412 -18.27494946308249 37.191774454703726
v 5.192894824252033 -23.315084845949695 34.086367523340286
v 5.4262269925786155 -17.549974441036117 37.078115456157924
v 9.807322542976722 -17.960798929526277 35.61115465458527
v 5.4262269925786155 -17.549974441036117 37.078115456157924
v 5.192894824252033 -23.315084845949695 34.086367523340286
v 9.807322542976722 -17.960798929526277 35.61115465458527
v 5.192894824252033 -23.315084845949695 34.086367523340286
v 8.548321239532456 -24.95478350656627 32.13959809592788
v 17.42259591469636 -2.2776298217275315 35.5705031347413
v 18.18671842430243 4.043815272107346 35.136229534150345
v 12.30434120140358 4.031491267613896 38.921416173823026
v 17.42259591469636 -2.2776298217275315 35.5705031347413
v 12.30434120140358 4.031491267613896 38.921416173823026
v 11.390844690914783 -2.323465949469381 39.24733712149257
v 12.180593848209082 20.24729864951261 34.27540661626975
v 12.377809461074802 15.585252781584916 36.35726294532387
v 18.207597282553806 15.728937807312727 32.638356650723225
v 12.180593848209082 20.24729864951261 34.27540661626975
v 18.207597282553806 15.728937807312727 32.638356650723225
v 17.754262915809925 20.425331248492395 30.644547341628382
v 18.18671842430243 4.043815272107346 35.136229534150345
v 18.407986621474468 9.901831821828472 34.15900252319869
v 12.240407387049476 9.835939992280904 38.11445054729753
v 18.18671842430243 4.043815272107346 35.136229534150345
v 12.240407387049476 9.835939992280904 38.11445054729753
v 12.30434120140358 4.031491267613896 38.921416173823026
v 12.377809461074802 15.585252781584916 36.35726294532387
v 12.240407387049476 9.835939992280904 38.11445054729753
v 18.407986621474468 9.901831821828472 34.15900252319869
v 12.377809461074802 15.585252781584916 36.35726294532387
v 18.407986621474468 9.901831821828472 34.15900252319869
v 18.207597282553806 15.728937807312727 32.638356650723225
v 12.377809461074802 15.585252781584916 36.35726294532387
v 12.180593848209082 20.24729864951261 34.27540661626975
v 6.317881385397912 20.200996850548048 36.653553666334545
v 12.377809461074802 15.585252781584916 36.35726294532387
v 6.317881385397912 20.200996850548048 36.653553666334545
v 6.455208187192901 15.819783236239713 38.574410665071426
v 6.455208187192901 15.819783236239713 38.574410665071426
v 6.317881385397912 20.200996850548048 36.653553666334545
v 0.44431803666448016 20.38011662664101 37.43570769874825
v 6.455208187192901 15.819783236239713 38.574410665071426
v 0.44431803666448016 20.38011662664101 37.43570769874825
v -0.3686133302000912 16.24247150536248 39.34612383870091
v 12.240407387049476 9.835939992280904 38.11445054729753
v 12.377809461074802 15.585252781584916 36.35726294532387
v 6.455208187192901 15.819783236239713 38.574410665071426
v 12.240407387049476 9.835939992280904 38.11445054729753
v 6.455208187192901 15.819783236239713 38.574410665071426
v 5.997243776189881 10.11334766039314 40.28049276376585
v 5.997243776189881 10.11334766039314 40.28049276376585
v 6.455208187192901 15.819783236239713 38.574410665071426
v -0.3686133302000912 16.24247150536248 39.34612383870091
v 5.997243776189881 10.11334766039314 40.28049276376585
v -0.3686133302000912 16.24247150536248 39.34612383870091
v -1.1708408074055887 10.387476351957682 40.84301559586356
v 24.016279353729132 26.9477924677236 17.02496189422464
v 28.67599603343203 20.529316528916052 18.76841095437436
v 30.77589141589089 21.08885708865884 14.134668705342753
v 24.016279353729132 26.9477924677236 17.02496189422464
v 30.77589141589089 21.08885708865884 14.134668705342753
v 27.227289083735336 26.611203230654336 11.788731268457061
v 15.355303657901793 28.33392797145374 24.914081539880936
v 16.695555178322888 24.782947108439377 28.139744138022348
v 20.16287444321839 24.940029705661697 25.15363353187116
v 15.355303657901793 28.33392797145374 24.914081539880936
v 20.16287444321839 24.940029705661697 25.15363353187116
v 18.845415719956637 28.291492394977666 22.052223275619752
v 21.538156206015152 20.01393240564833 27.724820171401916
v 20.16287444321839 24.940029705661697 25.15363353187116
v 16.695555178322888 24.782947108439377 28.139744138022348
v 21.538156206015152 20.01393240564833 27.724820171401916
v 16.695555178322888 24.782947108439377 28.139744138022348
v 17.754262915809925 20.425331248492395 30.644547341628382
v 17.754262915809925 20.425331248492395 30.644547341628382
v 16.695555178322888 24.782947108439377 28.139744138022348
v 11.228421088482426 24.91567682308296 31.41648122116588
v 17.754262915809925 20.425331248492395 30.644547341628382
v 11.228421088482426 24.91567682308296 31.41648122116588
v 12.180593848209082 20.24729864951261 34.27540661626975
v 18.845415719956637 28.291492394977666 22.052223275619752
v 20.16287444321839 24.940029705661697 25.15363353187116
v 23.98595224740039 23.914908987397702 22.00972813756798
v 18.845415719956637 28.291492394977666 22.052223275619752
v 23.98595224740039 23.914908987397702 22.00972813756798
v 24.016279353729132 26.9477924677236 17.02496189422464
v 23.98595224740039 23.914908987397702 22.00972813756798
v 20.16287444321839 24.940029705661697 25.15363353187116
v 21.538156206015152 20.01393240564833 27.724820171401916
v 23.98595224740039 23.914908987397702 22.00972813756798
v 21.538156206015152 20.01393240564833 27.724820171401916
v 25.798150463196517 20.49403741376261 23.00728334210029
v 23.98595224740039 23.914908987397702 22.00972813756798
v 25.798150463196517 20.49403741376261 23.00728334210029
v 28.67599603343203 20.529316528916052 18.76841095437436
v 23.98595224740039 23.914908987397702 22.00972813756798
v 28.67599603343203 20.529316528916052 18.76841095437436
v 24.016279353729132 26.9477924677236 17.02496189422464
v 30.057263065924264 15.718697507446796 20.19272032882714
v 28.67599603343203 20.529316528916052 18.76841095437436
v 25.798150463196517 20.49403741376261 23.00728334210029
v 30.057263065924264 15.718697507446796 20.19272032882714
v 25.798150463196517 20.49403741376261 23.00728334210029
v 27.062981497708158 15.66840182864363 24.340097207786417
v 32.29094362597271 15.579854882264193 16.220487664841986
v 30.77589141589089 21.08885708865884 14.134668705342753
v 28.67599603343203 20.529316528916052 18.76841095437436
v 32.29094362597271 15.579854882264193 16.220487664841986
v 28.67599603343203 20.529316528916052 18.76841095437436
v 30.057263065924264 15.718697507446796 20.19272032882714
v 34.69525557863187 15.39068457451362 10.432085331014077
v 32.86446851584618 20.77343939323599 8.279259325951516
v 30.77589141589089 21.08885708865884 14.134668705342753
v 34.69525557863187 15.39068457451362 10.432085331014077
v 30.77589141589089 21.08885708865884 14.134668705342753
v 32.29094362597271 15.579854882264193 16.220487664841986
v 22.36958427186204 15.38049468325824 29.214109073047325
v 21.538156206015152 20.01393240564833 27.724820171401916
v 17.754262915809925 20.425331248492395 30.644547341628382
v 22.36958427186204 15.38049468325824 29.214109073047325
v 17.754262915809925 20.425331248492395 30.644547341628382
v 18.207597282553806 15.728937807312727 32.638356650723225
v 27.062981497708158 15.66840182864363 24.340097207786417
v 25.798150463196517 20.49403741376261 23.00728334210029
v 21.538156206015152 20.01393240564833 27.724820171401916
v 27.062981497708158 15.66840182864363 24.340097207786417
v 21.538156206015152 20.01393240564833 27.724820171401916
v 22.36958427186204 15.38049468325824 29.214109073047325
v 12.30434120140358 4.031491267613896 38.921416173823026
v 12.240407387049476 9.835939992280904 38.11445054729753
v 5.997243776189881 10.11334766039314 40.28049276376585
v 12.30434120140358 4.031491267613896 38.921416173823026
v 5.997243776189881 10.11334766039314 40.28049276376585
v 5.4596341636947 3.834016889858867 41.14240535162927
v 5.4596341636947 3.834016889858867 41.14240535162927
v 5.997243776189881 10.11334766039314 40.28049276376585
v -1.1708408074055887 10.387476351957682 40.84301559586356
v 5.4596341636947 3.834016889858867 41.14240535162927
v -1.1708408074055887 10.387476351957682 40.84301559586356
v -1.0168420752513658 3.6853702346040365 41.545801964238976
v 11.390844690914783 -2.323465949469381 39.24733712149257
v 12.30434120140358 4.031491267613896 38.921416173823026
v 5.4596341636947 3.834016889858867 41.14240535162927
v 11.390844690914783 -2.323465949469381 39.24733712149257
v 5.4596341636947 3.834016889858867 41.14240535162927
v 5.112568720084081 -1.8332230306970447 41.13226664808822
v 5.112568720084081 -1.8332230306970447 41.13226664808822
v 5.4596341636947 3.834016889858867 41.14240535162927
v -1.0168420752513658 3.6853702346040365 41.545801964238976
v 5.112568720084081 -1.8332230306970447 41.13226664808822
v -1.0168420752513658 3.6853702346040365 41.545801964238976
v -1.2341181873153404 -2.1189661196447926 41.42714277502004
v 16.043860516859453 -12.613586167244899 34.35586299399912
v 10.53913827488564 -12.883493975929179 37.34314472732984
v 9.807322542976722 -17.960798929526277 35.61115465458527
v 16.043860516859453 -12.613586167244899 34.35586299399912
v 9.807322542976722 -17.960798929526277 35.61115465458527
v 14.60919819623473 -18.9460675500228 32.67614207004313
v 5.4262269925786155 -17.549974441036117 37.078115456157924
v 9.807322542976722 -17.960798929526277 35.61115465458527
v 10.53913827488564 -12.883493975929179 37.34314472732984
v 5.4262269925786155 -17.549974441036117 37.078115456157924
v 10.53913827488564 -12.883493975929179 37.34314472732984
v 5.167396415155555 -12.642465362386023 38.92166636943073
v 5.4262269925786155 -17.549974441036117 37.078115456157924
v 5.167396415155555 -12.642465362386023 38.92166636943073
v -0.4612634036989095 -12.66705431619173 39.37455866069949
v 5.4262269925786155 -17.549974441036117 37.078115456157924
v -0.4612634036989095 -12.66705431619173 39.37455866069949
v -0.4764044263674412 -18.27494946308249 37.191774454703726
v 11.390844690914783 -2.323465949469381 39.24733712149257
v 11.086276912722772 -7.608194885029149 38.56115774028358
v 16.890590185469335 -7.488948643592666 35.19073166164792
v 11.390844690914783 -2.323465949469381 39.24733712149257
v 16.890590185469335 -7.488948643592666 35.19073166164792
v 17.42259591469636 -2.2776298217275315 35.5705031347413
v 16.043860516859453 -12.613586167244899 34.35586299399912
v 16.890590185469335 -7.488948643592666 35.19073166164792
v 11.086276912722772 -7.608194885029149 38.56115774028358
v 16.043860516859453 -12.613586167244899 34.35586299399912
v 11.086276912722772 -7.608194885029149 38.56115774028358
v 10.53913827488564 -12.883493975929179 37.34314472732984
v 5.39136155287365 -7.359082868520675 40.294910851815125
v 11.086276912722772 -7.608194885029149 38.56115774028358
v 11.390844690914783 -2.323465949469381 39.24733712149257
v 5.39136155287365 -7.359082868520675 40.294910851815125
v 11.390844690914783 -2.323465949469381 39.24733712149257
v 5.112568720084081 -1.8332230306970447 41.13226664808822
v 11.086276912722772 -7.608194885029149 38.56115774028358
v 5.39136155287365 -7.359082868520675 40.294910851815125
v 5.167396415155555 -12.642465362386023 38.92166636943073
v 11.086276912722772 -7.608194885029149 38.56115774028358
v 5.167396415155555 -12.642465362386023 38.92166636943073
v 10.53913827488564 -12.883493975929179 37.34314472732984
v -0.4612634036989095 -12.66705431619173 39.37455866069949
v 5.167396415155555 -12.642465362386023 38.92166636943073
v 5.39136155287365 -7.359082868520675 40.294910851815125
v -0.4612634036989095 -12.66705431619173 39.37455866069949
v 5.39136155287365 -7.359082868520675 40.294910851815125
v -0.8906929415077061 -7.625710508754631 40.62440153798208
v -0.8906929415077061 -7.625710508754631 40.62440153798208
v 5.39136155287365 -7.359082868520675 40.294910851815125
v 5.112568720084081 -1.8332230306970447 41.13226664808822
v -0.8906929415077061 -7.625710508754631 40.62440153798208
v 5.112568720084081 -1.8332230306970447 41.13226664808822
v -1.2341181873153404 -2.1189661196447926 41.42714277502004
v 28.124742390093274 27.293970759694812 1.2149953478486222
v 21.29478708953337 30.57193647654493 -0.33171719974386654
v 23.26860663352365 29.959352337109173 4.992825937997147
v 28.124742390093274 27.293970759694812 1.2149953478486222
v 23.26860663352365 29.959352337109173 4.992825937997147
v 28.5710466143402 26.533420320288315 6.274828803456026
v 18.683691914716594 31.428716234782783 -7.464117345005026
v 21.29478708953337 30.57193647654493 -0.33171719974386654
v 24.858770609283642 28.81602999617121 -5.644589907046813
v 18.683691914716594 31.428716234782783 -7.464117345005026
v 24.858770609283642 28.81602999617121 -5.644589907046813
v 21.648657442119386 30.399958280311488 -10.59573369199893
v 28.405999933100524 26.526056023027664 -3.321157233370077
v 31.00968296748203 23.562781562642297 -4.958688536532362
v 28.05736323145873 25.40150693578584 -9.22719325707518
v 28.405999933100524 26.526056023027664 -3.321157233370077
v 28.05736323145873 25.40150693578584 -9.22719325707518
v 24.858770609283642 28.81602999617121 -5.644589907046813
v 28.124742390093274 27.293970759694812 1.2149953478486222
v 28.405999933100524 26.526056023027664 -3.321157233370077
v 24.858770609283642 28.81602999617121 -5.644589907046813
v 28.124742390093274 27.293970759694812 1.2149953478486222
v 24.858770609283642 28.81602999617121 -5.644589907046813
v 21.29478708953337 30.57193647654493 -0.33171719974386654
v 34.69525557863187 15.39068457451362 10.432085331014077
v 32.29094362597271 15.579854882264193 16.220487664841986
v 33.24788271584954 9.381475605210023 16.768000533352005
v 34.69525557863187 15.39068457451362 10.432085331014077
v 33.24788271584954 9.381475605210023 16.768000533352005
v 35.87408796564908 9.212708206656645 11.082986979559852
v 33.24788271584954 9.381475605210023 16.768000533352005
v 32.29094362597271 15.579854882264193 16.220487664841986
v 30.057263065924264 15.718697507446796 20.19272032882714
v 33.24788271584954 9.381475605210023 16.768000533352005
v 30.057263065924264 15.718697507446796 20.19272032882714
v 30.8851280765787 9.618933994322747 21.28091691191834
v 22.80747286531473 9.93921470051057 30.36923061420281
v 22.36958427186204 15.38049468325824 29.214109073047325
v 18.207597282553806 15.728937807312727 32.638356650723225
v 22.80747286531473 9.93921470051057 30.36923061420281
v 18.207597282553806 15.728937807312727 32.638356650723225
v 18.407986621474468 9.901831821828472 34.15900252319869
v 27.52334626467953 9.984259224538794 25.858656421720603
v 27.062981497708158 15.66840182864363 24.340097207786417
v 22.36958427186204 15.38049468325824 29.214109073047325
v 27.52334626467953 9.984259224538794 25.858656421720603
v 22.36958427186204 15.38049468325824 29.214109073047325
v 22.80747286531473 9.93921470051057 30.36923061420281
v 30.8851280765787 9.618933994322747 21.28091691191834
v 30.057263065924264 15.718697507446796 20.19272032882714
v 27.062981497708158 15.66840182864363 24.340097207786417
v 30.8851280765787 9.618933994322747 21.28091691191834
v 27.062981497708158 15.66840182864363 24.340097207786417
v 27.52334626467953 9.984259224538794 25.858656421720603
v 30.8851280765787 9.618933994322747 21.28091691191834
v 27.52334626467953 9.984259224538794 25.858656421720603
v 27.799281847949608 3.98411644585837 26.30839476132724
v 30.8851280765787 9.618933994322747 21.28091691191834
v 27.799281847949608 3.98411644585837 26.30839476132724
v 31.0645670830906 3.6035457765295136 21.679137768764438
v 33.24788271584954 9.381475605210023 16.768000533352005
v 30.8851280765787 9.618933994322747 21.28091691191834
v 31.0645670830906 3.6035457765295136 21.679137768764438
v 33.24788271584954 9.381475605210023 16.768000533352005
v 31.0645670830906 3.6035457765295136 21.679137768764438
v 33.46681527758549 3.33333436716691 17.032130975604492
v 35.87408796564908 9.212708206656645 11.082986979559852
v 33.24788271584954 9.381475605210023 16.768000533352005
v 33.46681527758549 3.33333436716691 17.032130975604492
v 35.87408796564908 9.212708206656645 11.082986979559852
v 33.46681527758549 3.33333436716691 17.032130975604492
v 35.86556539052817 3.0128030930457306 11.422892586093866
v 22.97995385621787 3.829199169175793 31.077990718739095
v 22.80747286531473 9.93921470051057 30.36923061420281
v 18.407986621474468 9.901831821828472 34.15900252319869
v 22.97995385621787 3.829199169175793 31.077990718739095
v 18.407986621474468 9.901831821828472 34.15900252319869
v 18.18671842430243 4.043815272107346 35.136229534150345
v 27.799281847949608 3.98411644585837 26.30839476132724
v 27.52334626467953 9.984259224538794 25.858656421720603
v 22.80747286531473 9.93921470051057 30.36923061420281
v 27.799281847949608 3.98411644585837 26.30839476132724
v 22.80747286531473 9.93921470051057 30.36923061420281
v 22.97995385621787 3.829199169175793 31.077990718739095
v 31.0645670830906 3.6035457765295136 21.679137768764438
v 27.799281847949608 3.98411644585837 26.30839476132724
v 27.500029730763483 -2.6649006076043604 26.44040706373728
v 31.0645670830906 3.6035457765295136 21.679137768764438
v 27.500029730763483 -2.6649006076043604 26.44040706373728
v 30.894030483670793 -2.9146004922688418 21.71897171201939
v 27.500029730763483 -2.6649006076043604 26.44040706373728
v 27.799281847949608 3.98411644585837 26.30839476132724
v 22.97995385621787 3.829199169175793 31.077990718739095
v 27.500029730763483 -2.6649006076043604 26.44040706373728
v 22.97995385621787 3.829199169175793 31.077990718739095
v 22.61785845534206 -2.4221852467194864 31.44078832969727
v 22.61785845534206 -2.4221852467194864 31.44078832969727
v 22.97995385621787 3.829199169175793 31.077990718739095
v 18.18671842430243 4.043815272107346 35.136229534150345
v 22.61785845534206 -2.4221852467194864 31.44078832969727
v 18.18671842430243 4.043815272107346 35.136229534150345
v 17.42259591469636 -2.2776298217275315 35.5705031347413
v 29.445856150738692 -13.313728166115162 20.75163458033322
v 26.097555466177905 -13.08424234587514 25.570150162157027
v 24.434842914407877 -19.58628318150049 23.891276123746838
v 29.445856150738692 -13.313728166115162 20.75163458033322
v 24.434842914407877 -19.58628318150049 23.891276123746838
v 27.760575850487342 -19.827239767742103 19.202486948936
v 21.347494769485934 -12.932232934148564 30.22967299249859
v 16.043860516859453 -12.613586167244899 34.35586299399912
v 14.60919819623473 -18.9460675500228 32.67614207004313
v 21.347494769485934 -12.932232934148564 30.22967299249859
v 14.60919819623473 -18.9460675500228 32.67614207004313
v 19.86376781404264 -19.28698452748618 28.485979600579956
v 26.097555466177905 -13.08424234587514 25.570150162157027
v 21.347494769485934 -12.932232934148564 30.22967299249859
v 19.86376781404264 -19.28698452748618 28.485979600579956
v 26.097555466177905 -13.08424234587514 25.570150162157027
v 19.86376781404264 -19.28698452748618 28.485979600579956
v 24.434842914407877 -19.58628318150049 23.891276123746838
v 30.336077190457345 -8.068290645257383 21.521577086512863
v 26.879584070892122 -7.822371112867973 26.27813054056398
v 26.097555466177905 -13.08424234587514 25.570150162157027
v 30.336077190457345 -8.068290645257383 21.521577086512863
v 26.097555466177905 -13.08424234587514 25.570150162157027
v 29.445856150738692 -13.313728166115162 20.75163458033322
v 26.879584070892122 -7.822371112867973 26.27813054056398
v 30.336077190457345 -8.068290645257383 21.521577086512863
v 30.894030483670793 -2.9146004922688418 21.71897171201939
v 26.879584070892122 -7.822371112867973 26.27813054056398
v 30.894030483670793 -2.9146004922688418 21.71897171201939
v 27.500029730763483 -2.6649006076043604 26.44040706373728
v 22.29167469888558 -7.680474466357727 30.992207355992683
v 16.890590185469335 -7.488948643592666 35.19073166164792
v 16.043860516859453 -12.613586167244899 34.35586299399912
v 22.29167469888558 -7.680474466357727 30.992207355992683
v 16.043860516859453 -12.613586167244899 34.35586299399912
v 21.347494769485934 -12.932232934148564 30.22967299249859
v 16.890590185469335 -7.488948643592666 35.19073166164792
v 22.29167469888558 -7.680474466357727 30.992207355992683
v 22.61785845534206 -2.4221852467194864 31.44078832969727
v 16.890590185469335 -7.488948643592666 35.19073166164792
v 22.61785845534206 -2.4221852467194864 31.44078832969727
v 17.42259591469636 -2.2776298217275315 35.5705031347413
v 26.879584070892122 -7.822371112867973 26.27813054056398
v 22.29167469888558 -7.680474466357727 30.992207355992683
v 21.347494769485934 -12.932232934148564 30.22967299249859
v 26.879584070892122 -7.822371112867973 26.27813054056398
v 21.347494769485934 -12.932232934148564 30.22967299249859
v 26.097555466177905 -13.08424234587514 25.570150162157027
v 22.29167469888558 -7.680474466357727 30.992207355992683
v 26.879584070892122 -7.822371112867973 26.27813054056398
v 27.500029730763483 -2.6649006076043604 26.44040706373728
v 22.29167469888558 -7.680474466357727 30.992207355992683
v 27.500029730763483 -2.6649006076043604 26.44040706373728
v 22.61785845534206 -2.4221852467194864 31.44078832969727
v 34.84353072291779 -8.953981933012916 10.958901137309537
v 32.66195133228796 -8.383542183317592 16.843503405936584
v 31.796541077893902 -13.674649257865031 16.086282920838453
v 34.84353072291779 -8.953981933012916 10.958901137309537
v 31.796541077893902 -13.674649257865031 16.086282920838453
v 33.836641018115046 -13.877981587103738 10.346127924603215
v 29.445856150738692 -13.313728166115162 20.75163458033322
v 31.796541077893902 -13.674649257865031 16.086282920838453
v 32.66195133228796 -8.383542183317592 16.843503405936584
v 29.445856150738692 -13.313728166115162 20.75163458033322
v 32.66195133228796 -8.383542183317592 16.843503405936584
v 30.336077190457345 -8.068290645257383 21.521577086512863
v 35.421534054401114 -3.905363718530507 11.556336389766491
v 33.22575637197023 -3.2153943285510005 17.041626636653383
v 32.66195133228796 -8.383542183317592 16.843503405936584
v 35.421534054401114 -3.905363718530507 11.556336389766491
v 32.66195133228796 -8.383542183317592 16.843503405936584
v 34.84353072291779 -8.953981933012916 10.958901137309537
v 30.336077190457345 -8.068290645257383 21.521577086512863
v 32.66195133228796 -8.383542183317592 16.843503405936584
v 33.22575637197023 -3.2153943285510005 17.041626636653383
v 30.336077190457345 -8.068290645257383 21.521577086512863
v 33.22575637197023 -3.2153943285510005 17.041626636653383
v 30.894030483670793 -2.9146004922688418 21.71897171201939
v 35.86556539052817 3.0128030930457306 11.422892586093866
v 33.46681527758549 3.33333436716691 17.032130975604492
v 33.22575637197023 -3.2153943285510005 17.041626636653383
v 35.86556539052817 3.0128030930457306 11.422892586093866
v 33.22575637197023 -3.2153943285510005 17.041626636653383
v 35.421534054401114 -3.905363718530507 11.556336389766491
v 30.894030483670793 -2.9146004922688418 21.71897171201939
v 33.22575637197023 -3.2153943285510005 17.041626636653383
v 33.46681527758549 3.33333436716691 17.032130975604492
v 30.894030483670793 -2.9146004922688418 21.71897171201939
v 33.46681527758549 3.33333436716691 17.032130975604492
v 31.0645670830906 3.6035457765295136 21.679137768764438
v 31.796541077893902 -13.674649257865031 16.086282920838453
v 30.180993490134448 -19.601929578669726 14.90838248953356
v 32.20949299124313 -19.182104229689276 10.141100110341393
v 31.796541077893902 -13.674649257865031 16.086282920838453
v 32.20949299124313 -19.182104229689276 10.141100110341393
v 33.836641018115046 -13.877981587103738 10.346127924603215
v 27.760575850487342 -19.827239767742103 19.202486948936
v 30.180993490134448 -19.601929578669726 14.90838248953356
v 31.796541077893902 -13.674649257865031 16.086282920838453
v 27.760575850487342 -19.827239767742103 19.202486948936
v 31.796541077893902 -13.674649257865031 16.086282920838453
v 29.445856150738692 -13.313728166115162 20.75163458033322
v 30.496627892663188 9.654527991245619 -21.148700476010198
v 34.07207088592988 9.313756493801534 -14.086873012333536
v 34.60074152615404 2.585155083813175 -14.76922605831901
v 30.496627892663188 9.654527991245619 -21.148700476010198
v 34.60074152615404 2.585155083813175 -14.76922605831901
v 30.709308053614823 2.320749588089994 -22.402247116202023
v 34.07207088592988 9.313756493801534 -14.086873012333536
v 30.496627892663188 9.654527991245619 -21.148700476010198
v 29.42581248562019 16.056648701085745 -19.93996114319024
v 34.07207088592988 9.313756493801534 -14.086873012333536
v 29.42581248562019 16.056648701085745 -19.93996114319024
v 32.70565462143177 15.86940922189654 -13.028666417462592
v 36.77366160302314 2.568798783065106 -8.307555401745528
v 34.60074152615404 2.585155083813175 -14.76922605831901
v 34.07207088592988 9.313756493801534 -14.086873012333536
v 36.77366160302314 2.568798783065106 -8.307555401745528
v 34.07207088592988 9.313756493801534 -14.086873012333536
v 36.4106555745357 8.728052825001026 -7.583123308840699
v 34.07207088592988 9.313756493801534 -14.086873012333536
v 32.70565462143177 15.86940922189654 -13.028666417462592
v 34.891926092666154 15.336592474188311 -6.787735048566514
v 34.07207088592988 9.313756493801534 -14.086873012333536
v 34.891926092666154 15.336592474188311 -6.787735048566514
v 36.4106555745357 8.728052825001026 -7.583123308840699
v 38.16992464002716 2.683523363808986 -0.9059205005239124
v 36.77366160302314 2.568798783065106 -8.307555401745528
v 36.4106555745357 8.728052825001026 -7.583123308840699
v 38.16992464002716 2.683523363808986 -0.9059205005239124
v 36.4106555745357 8.728052825001026 -7.583123308840699
v 37.65456726252701 9.071004893082828 -0.839846989662401
v 37.65456726252701 9.071004893082828 -0.839846989662401
v 36.4106555745357 8.728052825001026 -7.583123308840699
v 34.891926092666154 15.336592474188311 -6.787735048566514
v 37.65456726252701 9.071004893082828 -0.839846989662401
v 34.891926092666154 15.336592474188311 -6.787735048566514
v 36.26160447841574 15.132976499951567 -0.7010233460031319
v 34.60074152615404 2.585155083813175 -14.76922605831901
v 36.77366160302314 2.568798783065106 -8.307555401745528
v 36.45985640156971 -4.254031251250833 -8.77640269744445
v 34.60074152615404 2.585155083813175 -14.76922605831901
v 36.45985640156971 -4.254031251250833 -8.77640269744445
v 34.297983652063586 -4.639881373829387 -15.31316275205861
v 30.709308053614823 2.320749588089994 -22.402247116202023
v 34.60074152615404 2.585155083813175 -14.76922605831901
v 34.297983652063586 -4.639881373829387 -15.31316275205861
v 30.709308053614823 2.320749588089994 -22.402247116202023
v 34.297983652063586 -4.639881373829387 -15.31316275205861
v 30.10068781574393 -4.423417540718636 -22.821237284589134
v 36.77366160302314 2.568798783065106 -8.307555401745528
v 38.16992464002716 2.683523363808986 -0.9059205005239124
v 37.752596197442685 -4.068654686192487 -1.5245299542149027
v 36.77366160302314 2.568798783065106 -8.307555401745528
v 37.752596197442685 -4.068654686192487 -1.5245299542149027
v 36.45985640156971 -4.254031251250833 -8.77640269744445
v 34.297983652063586 -4.639881373829387 -15.31316275205861
v 36.45985640156971 -4.254031251250833 -8.77640269744445
v 35.889974544990146 -9.474444187034374 -8.560854441768063
v 34.297983652063586 -4.639881373829387 -15.31316275205861
v 35.889974544990146 -9.474444187034374 -8.560854441768063
v 33.6669712766055 -9.853221848224567 -15.06036016511154
v 29.393392946468918 -9.611802242037284 -22.480916011974124
v 30.10068781574393 -4.423417540718636 -22.821237284589134
v 34.297983652063586 -4.639881373829387 -15.31316275205861
v 29.393392946468918 -9.611802242037284 -22.480916011974124
v 34.297983652063586 -4.639881373829387 -15.31316275205861
v 33.6669712766055 -9.853221848224567 -15.06036016511154
v 36.45985640156971 -4.254031251250833 -8.77640269744445
v 37.752596197442685 -4.068654686192487 -1.5245299542149027
v 36.87746223981064 -9.823869233566889 -2.1640822291282156
v 36.45985640156971 -4.254031251250833 -8.77640269744445
v 36.87746223981064 -9.823869233566889 -2.1640822291282156
v 35.889974544990146 -9.474444187034374 -8.560854441768063
v 33.6669712766055 -9.853221848224567 -15.06036016511154
v 35.889974544990146 -9.474444187034374 -8.560854441768063
v 34.74142604429692 -14.657289910583131 -8.225689686749568
v 33.6669712766055 -9.853221848224567 -15.06036016511154
v 34.74142604429692 -14.657289910583131 -8.225689686749568
v 32.26236889213443 -14.77007264370608 -15.27173950213663
v 29.393392946468918 -9.611802242037284 -22.480916011974124
v 33.6669712766055 -9.853221848224567 -15.06036016511154
v 32.26236889213443 -14.77007264370608 -15.27173950213663
v 29.393392946468918 -9.611802242037284 -22.480916011974124
v 32.26236889213443 -14.77007264370608 -15.27173950213663
v 27.53510101057001 -14.612049955234482 -22.93198038818378
v 34.74142604429692 -14.657289910583131 -8.225689686749568
v 35.889974544990146 -9.474444187034374 -8.560854441768063
v 36.87746223981064 -9.823869233566889 -2.1640822291282156
v 34.74142604429692 -14.657289910583131 -8.225689686749568
v 36.87746223981064 -9.823869233566889 -2.1640822291282156
v 35.667108053336754 -14.605378358329169 -2.138565077553701
v 32.26236889213443 -14.77007264370608 -15.27173950213663
v 34.74142604429692 -14.657289910583131 -8.225689686749568
v 33.21872830586345 -19.16346564770105 -8.371649884109177
v 32.26236889213443 -14.77007264370608 -15.27173950213663
v 33.21872830586345 -19.16346564770105 -8.371649884109177
v 30.46748108878479 -19.156775832206748 -15.293208028220242
v 27.53510101057001 -14.612049955234482 -22.93198038818378
v 32.26236889213443 -14.77007264370608 -15.27173950213663
v 30.46748108878479 -19.156775832206748 -15.293208028220242
v 27.53510101057001 -14.612049955234482 -22.93198038818378
v 30.46748108878479 -19.156775832206748 -15.293208028220242
v 25.766206553038106 -18.99384361963594 -22.898429538148154
v 34.74142604429692 -14.657289910583131 -8.225689686749568
v 35.667108053336754 -14.605378358329169 -2.138565077553701
v 34.134381445904026 -19.461285437644893 -1.8394559301085502
v 34.74142604429692 -14.657289910583131 -8.225689686749568
v 34.134381445904026 -19.461285437644893 -1.8394559301085502
v 33.21872830586345 -19.16346564770105 -8.371649884109177
v 12.461980197670453 -34.373187684171945 -8.102540031155668
v 16.11100107037577 -34.67259523121978 -4.5490923891682264
v 12.409692186435997 -33.90870909443794 -2.8662712755998356
v 12.461980197670453 -34.373187684171945 -8.102540031155668
v 12.409692186435997 -33.90870909443794 -2.8662712755998356
v 9.178342548390361 -32.92711148323967 -5.519353210595977
v 16.11100107037577 -34.67259523121978 -4.5490923891682264
v 12.461980197670453 -34.373187684171945 -8.102540031155668
v 17.697110211348047 -33.6639832218258 -11.47086810563316
v 16.11100107037577 -34.67259523121978 -4.5490923891682264
v 17.697110211348047 -33.6639832218258 -11.47086810563316
v 19.59225548095576 -33.857478981610214 -6.030600702981401
v 12.409692186435997 -33.90870909443794 -2.8662712755998356
v 16.11100107037577 -34.67259523121978 -4.5490923891682264
v 15.475300852735169 -35.07670817580831 -0.823863199075485
v 12.409692186435997 -33.90870909443794 -2.8662712755998356
v 15.475300852735169 -35.07670817580831 -0.823863199075485
v 10.931533343399922 -33.83345196645992 0.356714825284145
v 34.134381445904026 -19.461285437644893 -1.8394559301085502
v 31.09886250499633 -25.208874056660306 -1.6905141229280183
v 30.307492231140362 -24.47891773465652 -8.113880547772643
v 34.134381445904026 -19.461285437644893 -1.8394559301085502
v 30.307492231140362 -24.47891773465652 -8.113880547772643
v 33.21872830586345 -19.16346564770105 -8.371649884109177
v 26.742623161739054 -28.899273918528042 -7.602758221475589
v 30.307492231140362 -24.47891773465652 -8.113880547772643
v 31.09886250499633 -25.208874056660306 -1.6905141229280183
v 26.742623161739054 -28.899273918528042 -7.602758221475589
v 31.09886250499633 -25.208874056660306 -1.6905141229280183
v 28.095108708405256 -29.099277316767473 -1.2384185839540933
v 30.307492231140362 -24.47891773465652 -8.113880547772643
v 27.481488391138814 -24.53772626028598 -15.024839547093679
v 30.46748108878479 -19.156775832206748 -15.293208028220242
v 30.307492231140362 -24.47891773465652 -8.113880547772643
v 30.46748108878479 -19.156775832206748 -15.293208028220242
v 33.21872830586345 -19.16346564770105 -8.371649884109177
v 27.481488391138814 -24.53772626028598 -15.024839547093679
v 30.307492231140362 -24.47891773465652 -8.113880547772643
v 26.742623161739054 -28.899273918528042 -7.602758221475589
v 27.481488391138814 -24.53772626028598 -15.024839547093679
v 26.742623161739054 -28.899273918528042 -7.602758221475589
v 23.830224062777432 -28.971838205032114 -14.368553687845372
v 24.434842914407877 -19.58628318150049 23.891276123746838
v 21.37710712157291 -25.98099358911158 22.15060016263087
v 25.027554728230132 -25.854056982785238 17.533569206197807
v 24.434842914407877 -19.58628318150049 23.891276123746838
v 25.027554728230132 -25.854056982785238 17.533569206197807
v 27.760575850487342 -19.827239767742103 19.202486948936
v 21.529801380069564 -30.93621026601706 15.35101285771781
v 25.027554728230132 -25.854056982785238 17.533569206197807
v 21.37710712157291 -25.98099358911158 22.15060016263087
v 21.529801380069564 -30.93621026601706 15.35101285771781
v 21.37710712157291 -25.98099358911158 22.15060016263087
v 17.62571074720301 -31.151045184425488 19.55944494010522
v 27.760575850487342 -19.827239767742103 19.202486948936
v 25.027554728230132 -25.854056982785238 17.533569206197807
v 27.301091276679742 -25.60286019191494 13.506695721719181
v 27.760575850487342 -19.827239767742103 19.202486948936
v 27.301091276679742 -25.60286019191494 13.506695721719181
v 30.180993490134448 -19.601929578669726 14.90838248953356
v 24.45789804583652 -29.849815941815706 12.164367313012734
v 27.301091276679742 -25.60286019191494 13.506695721719181
v 25.027554728230132 -25.854056982785238 17.533569206197807
v 24.45789804583652 -29.849815941815706 12.164367313012734
v 25.027554728230132 -25.854056982785238 17.533569206197807
v 21.529801380069564 -30.93621026601706 15.35101285771781
v 30.180993490134448 -19.601929578669726 14.90838248953356
v 27.301091276679742 -25.60286019191494 13.506695721719181
v 29.319523783417683 -25.28570734007775 9.111014448338947
v 30.180993490134448 -19.601929578669726 14.90838248953356
v 29.319523783417683 -25.28570734007775 9.111014448338947
v 32.20949299124313 -19.182104229689276 10.141100110341393
v 26.365757747232845 -29.509439111971535 8.223197663410948
v 29.319523783417683 -25.28570734007775 9.111014448338947
v 27.301091276679742 -25.60286019191494 13.506695721719181
v 26.365757747232845 -29.509439111971535 8.223197663410948
v 27.301091276679742 -25.60286019191494 13.506695721719181
v 24.45789804583652 -29.849815941815706 12.164367313012734
v 17.597612185423348 -25.47340122913088 26.092017653614278
v 21.37710712157291 -25.98099358911158 22.15060016263087
v 24.434842914407877 -19.58628318150049 23.891276123746838
v 17.597612185423348 -25.47340122913088 26.092017653614278
v 24.434842914407877 -19.58628318150049 23.891276123746838
v 19.86376781404264 -19.28698452748618 28.485979600579956
v 13.259935537494648 -24.82048414044356 29.924231790186848
v 17.597612185423348 -25.47340122913088 26.092017653614278
v 19.86376781404264 -19.28698452748618 28.485979600579956
v 13.259935537494648 -24.82048414044356 29.924231790186848
v 19.86376781404264 -19.28698452748618 28.485979600579956
v 14.60919819623473 -18.9460675500228 32.67614207004313
v 8.593968944822956 -34.865401912666556 8.829479642797656
v 5.42153912967234 -34.7953251026976 11.522835101495405
v 3.2877952437308733 -32.418418366222284 7.9859467806407896
v 8.593968944822956 -34.865401912666556 8.829479642797656
v 3.2877952437308733 -32.418418366222284 7.9859467806407896
v 7.001321635543605 -33.3305284428749 5.973156292154032
v 17.62571074720301 -31.151045184425488 19.55944494010522
v 21.37710712157291 -25.98099358911158 22.15060016263087
v 17.597612185423348 -25.47340122913088 26.092017653614278
v 17.62571074720301 -31.151045184425488 19.55944494010522
v 17.597612185423348 -25.47340122913088 26.092017653614278
v 14.3531126873351 -31.348920334660534 22.18968627070523
v 17.597612185423348 -25.47340122913088 26.092017653614278
v 13.259935537494648 -24.82048414044356 29.924231790186848
v 9.673795519767182 -31.503742574716615 25.388588312140282
v 17.597612185423348 -25.47340122913088 26.092017653614278
v 9.673795519767182 -31.503742574716615 25.388588312140282
v 14.3531126873351 -31.348920334660534 22.18968627070523
v 37.65456726252701 9.071004893082828 -0.839846989662401
v 37.206889686499764 9.13541366864014 6.013617847360979
v 37.534838626959505 2.7181432298853263 6.164799925411728
v 37.65456726252701 9.071004893082828 -0.839846989662401
v 37.534838626959505 2.7181432298853263 6.164799925411728
v 38.16992464002716 2.683523363808986 -0.9059205005239124
v 37.534838626959505 2.7181432298853263 6.164799925411728
v 37.206889686499764 9.13541366864014 6.013617847360979
v 35.87408796564908 9.212708206656645 11.082986979559852
v 37.534838626959505 2.7181432298853263 6.164799925411728
v 35.87408796564908 9.212708206656645 11.082986979559852
v 35.86556539052817 3.0128030930457306 11.422892586093866
v 36.26160447841574 15.132976499951567 -0.7010233460031319
v 35.76826119743493 15.573569616769909 5.593531089734175
v 37.206889686499764 9.13541366864014 6.013617847360979
v 36.26160447841574 15.132976499951567 -0.7010233460031319
v 37.206889686499764 9.13541366864014 6.013617847360979
v 37.65456726252701 9.071004893082828 -0.839846989662401
v 37.206889686499764 9.13541366864014 6.013617847360979
v 35.76826119743493 15.573569616769909 5.593531089734175
v 34.69525557863187 15.39068457451362 10.432085331014077
v 37.206889686499764 9.13541366864014 6.013617847360979
v 34.69525557863187 15.39068457451362 10.432085331014077
v 35.87408796564908 9.212708206656645 11.082986979559852
v 38.16992464002716 2.683523363808986 -0.9059205005239124
v 37.534838626959505 2.7181432298853263 6.164799925411728
v 37.06669840928146 -4.159790051131913 5.892791962959466
v 38.16992464002716 2.683523363808986 -0.9059205005239124
v 37.06669840928146 -4.159790051131913 5.892791962959466
v 37.752596197442685 -4.068654686192487 -1.5245299542149027
v 35.421534054401114 -3.905363718530507 11.556336389766491
v 37.06669840928146 -4.159790051131913 5.892791962959466
v 37.534838626959505 2.7181432298853263 6.164799925411728
v 35.421534054401114 -3.905363718530507 11.556336389766491
v 37.534838626959505 2.7181432298853263 6.164799925411728
v 35.86556539052817 3.0128030930457306 11.422892586093866
v 37.752596197442685 -4.068654686192487 -1.5245299542149027
v 37.06669840928146 -4.159790051131913 5.892791962959466
v 36.366620931706784 -9.520122423184267 5.2630701095072645
v 37.752596197442685 -4.068654686192487 -1.5245299542149027
v 36.366620931706784 -9.520122423184267 5.2630701095072645
v 36.87746223981064 -9.823869233566889 -2.1640822291282156
v 34.84353072291779 -8.953981933012916 10.958901137309537
v 36.366620931706784 -9.520122423184267 5.2630701095072645
v 37.06669840928146 -4.159790051131913 5.892791962959466
v 34.84353072291779 -8.953981933012916 10.958901137309537
v 37.06669840928146 -4.159790051131913 5.892791962959466
v 35.421534054401114 -3.905363718530507 11.556336389766491
v 36.87746223981064 -9.823869233566889 -2.1640822291282156
v 36.366620931706784 -9.520122423184267 5.2630701095072645
v 35.24184565162184 -14.372661283696349 4.955213258598652
v 36.87746223981064 -9.823869233566889 -2.1640822291282156
v 35.24184565162184 -14.372661283696349 4.955213258598652
v 35.667108053336754 -14.605378358329169 -2.138565077553701
v 33.836641018115046 -13.877981587103738 10.346127924603215
v 35.24184565162184 -14.372661283696349 4.955213258598652
v 36.366620931706784 -9.520122423184267 5.2630701095072645
v 33.836641018115046 -13.877981587103738 10.346127924603215
v 36.366620931706784 -9.520122423184267 5.2630701095072645
v 34.84353072291779 -8.953981933012916 10.958901137309537
v 35.667108053336754 -14.605378358329169 -2.138565077553701
v 35.24184565162184 -14.372661283696349 4.955213258598652
v 33.86379357288288 -19.122725979278243 4.320207967619536
v 35.667108053336754 -14.605378358329169 -2.138565077553701
v 33.86379357288288 -19.122725979278243 4.320207967619536
v 34.134381445904026 -19.461285437644893 -1.8394559301085502
v 32.20949299124313 -19.182104229689276 10.141100110341393
v 33.86379357288288 -19.122725979278243 4.320207967619536
v 35.24184565162184 -14.372661283696349 4.955213258598652
v 32.20949299124313 -19.182104229689276 10.141100110341393
v 35.24184565162184 -14.372661283696349 4.955213258598652
v 33.836641018115046 -13.877981587103738 10.346127924603215
v 34.134381445904026 -19.461285437644893 -1.8394559301085502
v 33.86379357288288 -19.122725979278243 4.320207967619536
v 30.952053893080006 -25.182551451852238 4.136157274438761
v 34.134381445904026 -19.461285437644893 -1.8394559301085502
v 30.952053893080006 -25.182551451852238 4.136157274438761
v 31.09886250499633 -25.208874056660306 -1.6905141229280183
v 30.952053893080006 -25.182551451852238 4.136157274438761
v 33.86379357288288 -19.122725979278243 4.320207967619536
v 32.20949299124313 -19.182104229689276 10.141100110341393
v 30.952053893080006 -25.182551451852238 4.136157274438761
v 32.20949299124313 -19.182104229689276 10.141100110341393
v 29.319523783417683 -25.28570734007775 9.111014448338947
v 30.952053893080006 -25.182551451852238 4.136157274438761
v 27.606827442288136 -29.665987698425347 3.6036013612433346
v 28.095108708405256 -29.099277316767473 -1.2384185839540933
v 30.952053893080006 -25.182551451852238 4.136157274438761
v 28.095108708405256 -29.099277316767473 -1.2384185839540933
v 31.09886250499633 -25.208874056660306 -1.6905141229280183
v 27.606827442288136 -29.665987698425347 3.6036013612433346
v 30.952053893080006 -25.182551451852238 4.136157274438761
v 29.319523783417683 -25.28570734007775 9.111014448338947
v 27.606827442288136 -29.665987698425347 3.6036013612433346
v 29.319523783417683 -25.28570734007775 9.111014448338947
v 26.365757747232845 -29.509439111971535 8.223197663410948
v 19.476010138598742 -34.77874247519752 -0.5421058940176645
v 15.475300852735169 -35.07670817580831 -0.823863199075485
v 16.11100107037577 -34.67259523121978 -4.5490923891682264
v 19.476010138598742 -34.77874247519752 -0.5421058940176645
v 16.11100107037577 -34.67259523121978 -4.5490923891682264
v 19.59225548095576 -33.857478981610214 -6.030600702981401
v 31.00968296748203 23.562781562642297 -4.958688536532362
v 28.405999933100524 26.526056023027664 -3.321157233370077
v 28.124742390093274 27.293970759694812 1.2149953478486222
v 31.00968296748203 23.562781562642297 -4.958688536532362
v 28.124742390093274 27.293970759694812 1.2149953478486222
v 32.614018562283384 22.644455741566397 3.025346805514479
v 35.76826119743493 15.573569616769909 5.593531089734175
v 32.614018562283384 22.644455741566397 3.025346805514479
v 32.86446851584618 20.77343939323599 8.279259325951516
v 35.76826119743493 15.573569616769909 5.593531089734175
v 32.86446851584618 20.77343939323599 8.279259325951516
v 34.69525557863187 15.39068457451362 10.432085331014077
v 32.614018562283384 22.644455741566397 3.025346805514479
v 28.124742390093274 27.293970759694812 1.2149953478486222
v 28.5710466143402 26.533420320288315 6.274828803456026
v 32.614018562283384 22.644455741566397 3.025346805514479
v 28.5710466143402 26.533420320288315 6.274828803456026
v 32.86446851584618 20.77343939323599 8.279259325951516
v 10.931533343399922 -33.83345196645992 0.356714825284145
v 15.475300852735169 -35.07670817580831 -0.823863199075485
v 11.938012416791675 -35.217682422014256 6.038899036135364
v 10.931533343399922 -33.83345196645992 0.356714825284145
v 11.938012416791675 -35.217682422014256 6.038899036135364
v 8.942159344503597 -33.53966595919344 4.04572909435636
v 12.373780506980243 -35.30257327505337 13.213386869596043
v 10.433598894189938 -35.456214297543646 10.993172122483763
v 14.170716395218117 -35.57601970792826 7.51488551447319
v 12.373780506980243 -35.30257327505337 13.213386869596043
v 14.170716395218117 -35.57601970792826 7.51488551447319
v 16.998627614575792 -35.16428422516724 8.547398088606394
v 11.938012416791675 -35.217682422014256 6.038899036135364
v 14.170716395218117 -35.57601970792826 7.51488551447319
v 10.433598894189938 -35.456214297543646 10.993172122483763
v 11.938012416791675 -35.217682422014256 6.038899036135364
v 10.433598894189938 -35.456214297543646 10.993172122483763
v 8.593968944822956 -34.865401912666556 8.829479642797656
v 8.457490487773581 -35.34948630208763 12.108738323621857
v 10.433598894189938 -35.456214297543646 10.993172122483763
v 12.373780506980243 -35.30257327505337 13.213386869596043
v 8.457490487773581 -35.34948630208763 12.108738323621857
v 12.373780506980243 -35.30257327505337 13.213386869596043
v 9.686562976616063 -35.324545285183106 15.237114220271197
v 8.593968944822956 -34.865401912666556 8.829479642797656
v 10.433598894189938 -35.456214297543646 10.993172122483763
v 8.457490487773581 -35.34948630208763 12.108738323621857
v 8.593968944822956 -34.865401912666556 8.829479642797656
v 8.457490487773581 -35.34948630208763 12.108738323621857
v 5.42153912967234 -34.7953251026976 11.522835101495405
v 16.998627614575792 -35.16428422516724 8.547398088606394
v 14.170716395218117 -35.57601970792826 7.51488551447319
v 15.841504101369184 -35.47022378365414 3.8662345020996063
v 16.998627614575792 -35.16428422516724 8.547398088606394
v 15.841504101369184 -35.47022378365414 3.8662345020996063
v 18.60140689182853 -35.18090976838555 3.848633450646541
v 15.841504101369184 -35.47022378365414 3.8662345020996063
v 14.170716395218117 -35.57601970792826 7.51488551447319
v 11.938012416791675 -35.217682422014256 6.038899036135364
v 15.841504101369184 -35.47022378365414 3.8662345020996063
v 11.938012416791675 -35.217682422014256 6.038899036135364
v 15.475300852735169 -35.07670817580831 -0.823863199075485
v 15.475300852735169 -35.07670817580831 -0.823863199075485
v 19.476010138598742 -34.77874247519752 -0.5421058940176645
v 18.60140689182853 -35.18090976838555 3.848633450646541
v 15.475300852735169 -35.07670817580831 -0.823863199075485
v 18.60140689182853 -35.18090976838555 3.848633450646541
v 15.841504101369184 -35.47022378365414 3.8662345020996063
v 8.457490487773581 -35.34948630208763 12.108738323621857
v 9.686562976616063 -35.324545285183106 15.237114220271197
v 6.809625297870055 -35.43300414382137 17.006184799596138
v 8.457490487773581 -35.34948630208763 12.108738323621857
v 6.809625297870055 -35.43300414382137 17.006184799596138
v 5.42153912967234 -34.7953251026976 11.522835101495405
v -10.146860056146064 -33.29216770061319 -0.6893877354391654
v -10.56616970972221 -34.04931548911638 3.7067132137431296
v -17.165916962610307 -34.58592126018162 1.0864073605154805
v -10.146860056146064 -33.29216770061319 -0.6893877354391654
v -17.165916962610307 -34.58592126018162 1.0864073605154805
v -16.317867853175223 -34.543922361306166 -3.0673228954074636
v -24.56574223170005 -31.450072895444613 -4.701423215487809
v -25.233642269413775 -31.42704634421806 0.13512828213013786
v -29.762560788593397 -26.957334964183175 -0.6863806978889155
v -24.56574223170005 -31.450072895444613 -4.701423215487809
v -29.762560788593397 -26.957334964183175 -0.6863806978889155
v -28.289958102071573 -27.60826857933618 -6.586719535057269
v -6.644988584152935 -31.85232501163122 3.3551065615743605
v -10.56616970972221 -34.04931548911638 3.7067132137431296
v -10.146860056146064 -33.29216770061319 -0.6893877354391654
v -6.644988584152935 -31.85232501163122 3.3551065615743605
v -10.146860056146064 -33.29216770061319 -0.6893877354391654
v -6.948155374861553 -31.225029178902318 0.2978651421171217
v -25.28672373739906 -30.959981474738278 4.952390704024197
v -30.184424236070296 -26.047368466695193 4.128909466078564
v -29.762560788593397 -26.957334964183175 -0.6863806978889155
v -25.28672373739906 -30.959981474738278 4.952390704024197
v -29.762560788593397 -26.957334964183175 -0.6863806978889155
v -25.233642269413775 -31.42704634421806 0.13512828213013786
v -17.165916962610307 -34.58592126018162 1.0864073605154805
v -10.56616970972221 -34.04931548911638 3.7067132137431296
v -15.632305800994047 -34.940572650593914 6.689054997767754
v -17.165916962610307 -34.58592126018162 1.0864073605154805
v -15.632305800994047 -34.940572650593914 6.689054997767754
v -17.128860994635467 -34.57135619560175 3.818726143209132
v -16.317867853175223 -34.543922361306166 -3.0673228954074636
v -19.92261151359136 -33.9681775556656 -3.6525604557837914
v -17.834202257979662 -34.257004824728114 -9.11369227961139
v -16.317867853175223 -34.543922361306166 -3.0673228954074636
v -17.834202257979662 -34.257004824728114 -9.11369227961139
v -14.709537262428235 -34.83875376029333 -7.732678378479095
v -17.834202257979662 -34.257004824728114 -9.11369227961139
v -19.92261151359136 -33.9681775556656 -3.6525604557837914
v -24.56574223170005 -31.450072895444613 -4.701423215487809
v -17.834202257979662 -34.257004824728114 -9.11369227961139
v -24.56574223170005 -31.450072895444613 -4.701423215487809
v -22.58994662761613 -31.524522042382323 -11.332660008536793
v -15.064037057248894 -34.86385071711408 10.605804807618556
v -18.55136523728874 -33.598896501737286 12.284771102409037
v -20.07231164367051 -33.68829853295547 7.738153762110423
v -15.064037057248894 -34.86385071711408 10.605804807618556
v -20.07231164367051 -33.68829853295547 7.738153762110423
v -15.632305800994047 -34.940572650593914 6.689054997767754
v -20.07231164367051 -33.68829853295547 7.738153762110423
v -18.55136523728874 -33.598896501737286 12.284771102409037
v -22.83450678291747 -30.727748673691057 14.237849873426722
v -20.07231164367051 -33.68829853295547 7.738153762110423
v -22.83450678291747 -30.727748673691057 14.237849873426722
v -25.141978831164515 -30.467014945501923 9.19526082337315
v -14.351815914152295 -34.33511774575533 14.313186811828823
v -17.043712994086444 -32.87028862571341 16.50057305290142
v -18.55136523728874 -33.598896501737286 12.284771102409037
v -14.351815914152295 -34.33511774575533 14.313186811828823
v -18.55136523728874 -33.598896501737286 12.284771102409037
v -15.064037057248894 -34.86385071711408 10.605804807618556
v -22.83450678291747 -30.727748673691057 14.237849873426722
v -18.55136523728874 -33.598896501737286 12.284771102409037
v -17.043712994086444 -32.87028862571341 16.50057305290142
v -22.83450678291747 -30.727748673691057 14.237849873426722
v -17.043712994086444 -32.87028862571341 16.50057305290142
v -20.662830225865342 -29.927310041563583 18.78450049679119
v -13.535680479262398 -33.371226892797615 18.660061724269298
v -17.043712994086444 -32.87028862571341 16.50057305290142
v -14.351815914152295 -34.33511774575533 14.313186811828823
v -13.535680479262398 -33.371226892797615 18.660061724269298
v -14.351815914152295 -34.33511774575533 14.313186811828823
v -10.934597026829767 -34.80103743732694 14.736488556717584
v -17.043712994086444 -32.87028862571341 16.50057305290142
v -13.535680479262398 -33.371226892797615 18.660061724269298
v -16.973695887865745 -30.010027492649733 22.55197932182085
v -17.043712994086444 -32.87028862571341 16.50057305290142
v -16.973695887865745 -30.010027492649733 22.55197932182085
v -20.662830225865342 -29.927310041563583 18.78450049679119
v -9.156031629134349 -33.512454440485776 21.38433914633433
v -13.535680479262398 -33.371226892797615 18.660061724269298
v -10.934597026829767 -34.80103743732694 14.736488556717584
v -9.156031629134349 -33.512454440485776 21.38433914633433
v -10.934597026829767 -34.80103743732694 14.736488556717584
v -6.832072559284899 -34.9039120178219 17.352147241080328
v -13.535680479262398 -33.371226892797615 18.660061724269298
v -9.156031629134349 -33.512454440485776 21.38433914633433
v -12.139124379254852 -29.99638587912927 25.900913378942853
v -13.535680479262398 -33.371226892797615 18.660061724269298
v -12.139124379254852 -29.99638587912927 25.900913378942853
v -16.973695887865745 -30.010027492649733 22.55197932182085
v -1.3370042756625862 -33.649219164835685 23.75544046294505
v -6.2597686744323315 -33.16456915358128 23.45604770788053
v -4.557230436545489 -34.71860133305897 19.9466638815261
v -1.3370042756625862 -33.649219164835685 23.75544046294505
v -4.557230436545489 -34.71860133305897 19.9466638815261
v -0.4599006631102918 -35.16994158806233 19.007031558558367
v -6.2597686744323315 -33.16456915358128 23.45604770788053
v -1.3370042756625862 -33.649219164835685 23.75544046294505
v -2.2054646178024497 -30.74814107568136 27.90710085024375
v -6.2597686744323315 -33.16456915358128 23.45604770788053
v -2.2054646178024497 -30.74814107568136 27.90710085024375
v -7.995861801070586 -30.011705718515806 27.609474266123176
v -4.557230436545489 -34.71860133305897 19.9466638815261
v -6.2597686744323315 -33.16456915358128 23.45604770788053
v -9.156031629134349 -33.512454440485776 21.38433914633433
v -4.557230436545489 -34.71860133305897 19.9466638815261
v -9.156031629134349 -33.512454440485776 21.38433914633433
v -6.832072559284899 -34.9039120178219 17.352147241080328
v -12.139124379254852 -29.99638587912927 25.900913378942853
v -9.156031629134349 -33.512454440485776 21.38433914633433
v -6.2597686744323315 -33.16456915358128 23.45604770788053
v -12.139124379254852 -29.99638587912927 25.900913378942853
v -6.2597686744323315 -33.16456915358128 23.45604770788053
v -7.995861801070586 -30.011705718515806 27.609474266123176
v 4.083024010627725 -33.98315836682456 23.060463724960094
v -1.3370042756625862 -33.649219164835685 23.75544046294505
v -0.4599006631102918 -35.16994158806233 19.007031558558367
v 4.083024010627725 -33.98315836682456 23.060463724960094
v -0.4599006631102918 -35.16994158806233 19.007031558558367
v 3.308362870528937 -35.45853918545284 18.16438025898918
v -1.3370042756625862 -33.649219164835685 23.75544046294505
v 4.083024010627725 -33.98315836682456 23.060463724960094
v 4.7737085262005055 -31.1885485768803 27.380424749465163
v -1.3370042756625862 -33.649219164835685 23.75544046294505
v 4.7737085262005055 -31.1885485768803 27.380424749465163
v -2.2054646178024497 -30.74814107568136 27.90710085024375
v 8.374993961668865 -34.07619954204155 21.39946449621881
v 4.083024010627725 -33.98315836682456 23.060463724960094
v 3.308362870528937 -35.45853918545284 18.16438025898918
v 8.374993961668865 -34.07619954204155 21.39946449621881
v 3.308362870528937 -35.45853918545284 18.16438025898918
v 6.809625297870055 -35.43300414382137 17.006184799596138
v 4.083024010627725 -33.98315836682456 23.060463724960094
v 8.374993961668865 -34.07619954204155 21.39946449621881
v 9.673795519767182 -31.503742574716615 25.388588312140282
v 4.083024010627725 -33.98315836682456 23.060463724960094
v 9.673795519767182 -31.503742574716615 25.388588312140282
v 4.7737085262005055 -31.1885485768803 27.380424749465163
v 18.26213167134353 -33.849487002548095 13.13445296124244
v 15.193528370284973 -33.79802576794591 16.595643059550625
v 12.373780506980243 -35.30257327505337 13.213386869596043
v 18.26213167134353 -33.849487002548095 13.13445296124244
v 12.373780506980243 -35.30257327505337 13.213386869596043
v 16.998627614575792 -35.16428422516724 8.547398088606394
v 15.193528370284973 -33.79802576794591 16.595643059550625
v 12.187928593672416 -33.87559308977838 18.897995896439816
v 9.686562976616063 -35.324545285183106 15.237114220271197
v 15.193528370284973 -33.79802576794591 16.595643059550625
v 9.686562976616063 -35.324545285183106 15.237114220271197
v 12.373780506980243 -35.30257327505337 13.213386869596043
v 12.187928593672416 -33.87559308977838 18.897995896439816
v 15.193528370284973 -33.79802576794591 16.595643059550625
v 17.62571074720301 -31.151045184425488 19.55944494010522
v 12.187928593672416 -33.87559308977838 18.897995896439816
v 17.62571074720301 -31.151045184425488 19.55944494010522
v 14.3531126873351 -31.348920334660534 22.18968627070523
v 12.187928593672416 -33.87559308977838 18.897995896439816
v 8.374993961668865 -34.07619954204155 21.39946449621881
v 6.809625297870055 -35.43300414382137 17.006184799596138
v 12.187928593672416 -33.87559308977838 18.897995896439816
v 6.809625297870055 -35.43300414382137 17.006184799596138
v 9.686562976616063 -35.324545285183106 15.237114220271197
v 8.374993961668865 -34.07619954204155 21.39946449621881
v 12.187928593672416 -33.87559308977838 18.897995896439816
v 14.3531126873351 -31.348920334660534 22.18968627070523
v 8.374993961668865 -34.07619954204155 21.39946449621881
v 14.3531126873351 -31.348920334660534 22.18968627070523
v 9.673795519767182 -31.503742574716615 25.388588312140282
v -17.165916962610307 -34.58592126018162 1.0864073605154805
v -20.630821445110307 -33.83715697958246 0.9149747706630887
v -19.92261151359136 -33.9681775556656 -3.6525604557837914
v -17.165916962610307 -34.58592126018162 1.0864073605154805
v -19.92261151359136 -33.9681775556656 -3.6525604557837914
v -16.317867853175223 -34.543922361306166 -3.0673228954074636
v -19.92261151359136 -33.9681775556656 -3.6525604557837914
v -20.630821445110307 -33.83715697958246 0.9149747706630887
v -25.233642269413775 -31.42704634421806 0.13512828213013786
v -19.92261151359136 -33.9681775556656 -3.6525604557837914
v -25.233642269413775 -31.42704634421806 0.13512828213013786
v -24.56574223170005 -31.450072895444613 -4.701423215487809
v -20.07231164367051 -33.68829853295547 7.738153762110423
v -21.41605770520263 -33.32475845230415 4.4159625885759715
v -17.128860994635467 -34.57135619560175 3.818726143209132
v -20.07231164367051 -33.68829853295547 7.738153762110423
v -17.128860994635467 -34.57135619560175 3.818726143209132
v -15.632305800994047 -34.940572650593914 6.689054997767754
v -25.28672373739906 -30.959981474738278 4.952390704024197
v -21.41605770520263 -33.32475845230415 4.4159625885759715
v -20.07231164367051 -33.68829853295547 7.738153762110423
v -25.28672373739906 -30.959981474738278 4.952390704024197
v -20.07231164367051 -33.68829853295547 7.738153762110423
v -25.141978831164515 -30.467014945501923 9.19526082337315
v -17.128860994635467 -34.57135619560175 3.818726143209132
v -21.41605770520263 -33.32475845230415 4.4159625885759715
v -20.630821445110307 -33.83715697958246 0.9149747706630887
v -17.128860994635467 -34.57135619560175 3.818726143209132
v -20.630821445110307 -33.83715697958246 0.9149747706630887
v -17.165916962610307 -34.58592126018162 1.0864073605154805
v -25.233642269413775 -31.42704634421806 0.13512828213013786
v -20.630821445110307 -33.83715697958246 0.9149747706630887
v -21.41605770520263 -33.32475845230415 4.4159625885759715
v -25.233642269413775 -31.42704634421806 0.13512828213013786
v -21.41605770520263 -33.32475845230415 4.4159625885759715
v -25.28672373739906 -30.959981474738278 4.952390704024197
v -19.037801031950682 21.65681012173505 29.997910235411425
v -20.818824473244767 15.506181909882027 32.293080813564856
v -16.669483089839638 16.469373988182607 34.698869023435705
v -19.037801031950682 21.65681012173505 29.997910235411425
v -16.669483089839638 16.469373988182607 34.698869023435705
v -15.170848388261422 21.797406704037922 32.63776455731503
v -19.459276868841393 27.357749780571744 23.742530960407482
v -22.7472982495785 21.43047430111484 26.90570150935873
v -19.037801031950682 21.65681012173505 29.997910235411425
v -19.459276868841393 27.357749780571744 23.742530960407482
v -19.037801031950682 21.65681012173505 29.997910235411425
v -15.684397651828887 27.58495912526142 26.65793610352735
v -15.684397651828887 27.58495912526142 26.65793610352735
v -19.037801031950682 21.65681012173505 29.997910235411425
v -15.170848388261422 21.797406704037922 32.63776455731503
v -15.684397651828887 27.58495912526142 26.65793610352735
v -15.170848388261422 21.797406704037922 32.63776455731503
v -11.844844079795923 27.60634642716147 29.31096640535225
v -11.844844079795923 27.60634642716147 29.31096640535225
v -8.582083804800858 31.449744274702354 25.44777250922616
v -12.251193848341792 31.489085083876837 23.065597139922108
v -11.844844079795923 27.60634642716147 29.31096640535225
v -12.251193848341792 31.489085083876837 23.065597139922108
v -15.684397651828887 27.58495912526142 26.65793610352735
v -15.846682193225277 31.000181944629436 20.971801500910953
v -19.459276868841393 27.357749780571744 23.742530960407482
v -15.684397651828887 27.58495912526142 26.65793610352735
v -15.846682193225277 31.000181944629436 20.971801500910953
v -15.684397651828887 27.58495912526142 26.65793610352735
v -12.251193848341792 31.489085083876837 23.065597139922108
v -11.987365411132 33.52153918914702 16.919959564992922
v -15.846682193225277 31.000181944629436 20.971801500910953
v -12.251193848341792 31.489085083876837 23.065597139922108
v -11.987365411132 33.52153918914702 16.919959564992922
v -12.251193848341792 31.489085083876837 23.065597139922108
v -8.503241443884981 33.77439259474789 18.523841312058792
v -8.503241443884981 33.77439259474789 18.523841312058792
v -12.251193848341792 31.489085083876837 23.065597139922108
v -8.582083804800858 31.449744274702354 25.44777250922616
v -8.503241443884981 33.77439259474789 18.523841312058792
v -8.582083804800858 31.449744274702354 25.44777250922616
v -5.177899500539569 33.690248034023384 20.098624594657142
v -3.4319002937866743 33.576275170372625 15.144838883229877
v -8.378727833765804 33.68910980378364 11.567150773365478
v -8.503241443884981 33.77439259474789 18.523841312058792
v -3.4319002937866743 33.576275170372625 15.144838883229877
v -8.503241443884981 33.77439259474789 18.523841312058792
v -5.177899500539569 33.690248034023384 20.098624594657142
v -29.68416935919604 9.88263505061402 26.245996967771454
v -27.688491025316434 15.859336326409354 25.843595208063256
v -31.719065548767855 15.85031375405315 20.09456052446471
v -29.68416935919604 9.88263505061402 26.245996967771454
v -31.719065548767855 15.85031375405315 20.09456052446471
v -33.583052964257355 9.283392999674282 20.548277669334873
v -29.045141750261845 21.445232383547012 19.35521806220451
v -31.719065548767855 15.85031375405315 20.09456052446471
v -27.688491025316434 15.859336326409354 25.843595208063256
v -29.045141750261845 21.445232383547012 19.35521806220451
v -27.688491025316434 15.859336326409354 25.843595208063256
v -26.09947087197426 21.426891938390106 23.675328237842624
v -24.627191846051637 27.50928586218168 17.30060611171675
v -29.045141750261845 21.445232383547012 19.35521806220451
v -26.09947087197426 21.426891938390106 23.675328237842624
v -24.627191846051637 27.50928586218168 17.30060611171675
v -26.09947087197426 21.426891938390106 23.675328237842624
v -22.25630426171973 27.398196678032278 20.87891792432824
v -22.7472982495785 21.43047430111484 26.90570150935873
v -19.459276868841393 27.357749780571744 23.742530960407482
v -22.25630426171973 27.398196678032278 20.87891792432824
v -22.7472982495785 21.43047430111484 26.90570150935873
v -22.25630426171973 27.398196678032278 20.87891792432824
v -26.09947087197426 21.426891938390106 23.675328237842624
v -20.134706762801898 31.448823751703923 14.645113844379972
v -24.627191846051637 27.50928586218168 17.30060611171675
v -22.25630426171973 27.398196678032278 20.87891792432824
v -20.134706762801898 31.448823751703923 14.645113844379972
v -22.25630426171973 27.398196678032278 20.87891792432824
v -17.797052805837584 31.485698905097024 17.543807778598556
v -22.25630426171973 27.398196678032278 20.87891792432824
v -19.459276868841393 27.357749780571744 23.742530960407482
v -15.846682193225277 31.000181944629436 20.971801500910953
v -22.25630426171973 27.398196678032278 20.87891792432824
v -15.846682193225277 31.000181944629436 20.971801500910953
v -17.797052805837584 31.485698905097024 17.543807778598556
v -17.797052805837584 31.485698905097024 17.543807778598556
v -15.846682193225277 31.000181944629436 20.971801500910953
v -11.987365411132 33.52153918914702 16.919959564992922
v -17.797052805837584 31.485698905097024 17.543807778598556
v -11.987365411132 33.52153918914702 16.919959564992922
v -13.601651720749311 33.55131242256701 13.86869776357735
v -16.002943419792622 33.366009388061656 11.322543853408765
v -20.134706762801898 31.448823751703923 14.645113844379972
v -17.797052805837584 31.485698905097024 17.543807778598556
v -16.002943419792622 33.366009388061656 11.322543853408765
v -17.797052805837584 31.485698905097024 17.543807778598556
v -13.601651720749311 33.55131242256701 13.86869776357735
v -13.601651720749311 33.55131242256701 13.86869776357735
v -8.378727833765804 33.68910980378364 11.567150773365478
v -11.747830097271967 33.50474479505151 6.68227185309511
v -13.601651720749311 33.55131242256701 13.86869776357735
v -11.747830097271967 33.50474479505151 6.68227185309511
v -16.002943419792622 33.366009388061656 11.322543853408765
v -27.688491025316434 15.859336326409354 25.843595208063256
v -24.401179703392675 15.779361575707439 29.10823210047305
v -22.7472982495785 21.43047430111484 26.90570150935873
v -27.688491025316434 15.859336326409354 25.843595208063256
v -22.7472982495785 21.43047430111484 26.90570150935873
v -26.09947087197426 21.426891938390106 23.675328237842624
v -19.037801031950682 21.65681012173505 29.997910235411425
v -22.7472982495785 21.43047430111484 26.90570150935873
v -24.401179703392675 15.779361575707439 29.10823210047305
v -19.037801031950682 21.65681012173505 29.997910235411425
v -24.401179703392675 15.779361575707439 29.10823210047305
v -20.818824473244767 15.506181909882027 32.293080813564856
v -11.987365411132 33.52153918914702 16.919959564992922
v -8.503241443884981 33.77439259474789 18.523841312058792
v -8.378727833765804 33.68910980378364 11.567150773365478
v -11.987365411132 33.52153918914702 16.919959564992922
v -8.378727833765804 33.68910980378364 11.567150773365478
v -13.601651720749311 33.55131242256701 13.86869776357735
v 26.62257054235066 11.419013495925453 -26.50563412347452
v 25.869443082625825 17.601339086285574 -24.66666483274381
v 29.42581248562019 16.056648701085745 -19.93996114319024
v 26.62257054235066 11.419013495925453 -26.50563412347452
v 29.42581248562019 16.056648701085745 -19.93996114319024
v 30.496627892663188 9.654527991245619 -21.148700476010198
v 6.450136569797392 16.074539999439434 -37.4294930176562
v 6.0931654470011605 22.86326534211532 -34.251515522934106
v 11.24385702285573 22.20407589332007 -33.24975689321547
v 6.450136569797392 16.074539999439434 -37.4294930176562
v 11.24385702285573 22.20407589332007 -33.24975689321547
v 11.91648287798334 15.407360705347427 -36.10503771211847
v -17.446807382683453 20.24935175144118 -31.002163781487077
v -11.726693856633476 22.117968776236218 -33.086079671672266
v -11.77274734968287 15.672705474260187 -36.131591854526775
v -17.446807382683453 20.24935175144118 -31.002163781487077
v -11.77274734968287 15.672705474260187 -36.131591854526775
v -18.348688078304516 14.609186243329777 -33.226009383108746
v -24.118957116319997 14.16181707658741 -29.07117471790007
v -22.11664484345031 22.20776519716899 -26.396504717398866
v -17.446807382683453 20.24935175144118 -31.002163781487077
v -24.118957116319997 14.16181707658741 -29.07117471790007
v -17.446807382683453 20.24935175144118 -31.002163781487077
v -18.348688078304516 14.609186243329777 -33.226009383108746
v -2.0263354108118987 35.79757010766028 -18.857779994708622
v -4.641478020421846 36.18226060229992 -14.182953584398295
v -1.7689787588463302 36.093908506339076 -12.430103099993175
v -2.0263354108118987 35.79757010766028 -18.857779994708622
v -1.7689787588463302 36.093908506339076 -12.430103099993175
v 2.233948263533528 36.01491604719457 -18.226600235945057
v -2.0263354108118987 35.79757010766028 -18.857779994708622
v 2.233948263533528 36.01491604719457 -18.226600235945057
v 3.498232185593357 34.5816264733884 -22.852072907507754
v -2.0263354108118987 35.79757010766028 -18.857779994708622
v 3.498232185593357 34.5816264733884 -22.852072907507754
v -1.5752867580712773 33.88279318229883 -24.2966070659268
v 4.6441840155644405 30.96344038125473 -28.13992929604094
v -0.8375661734644465 30.09396242673341 -29.312441193528823
v -1.5752867580712773 33.88279318229883 -24.2966070659268
v 4.6441840155644405 30.96344038125473 -28.13992929604094
v -1.5752867580712773 33.88279318229883 -24.2966070659268
v 3.498232185593357 34.5816264733884 -22.852072907507754
v 0.5504044237594783 16.52986079019774 -37.763313410423926
v -0.5978149929670082 23.014734081375092 -34.830746785666015
v 6.0931654470011605 22.86326534211532 -34.251515522934106
v 0.5504044237594783 16.52986079019774 -37.763313410423926
v 6.0931654470011605 22.86326534211532 -34.251515522934106
v 6.450136569797392 16.074539999439434 -37.4294930176562
v -9.465892593432754 34.20103568920631 -20.802813740723977
v -9.831815672846608 32.18088206726358 -24.142912689688572
v -14.109117219659776 31.59414024644832 -23.224390761190694
v -9.465892593432754 34.20103568920631 -20.802813740723977
v -14.109117219659776 31.59414024644832 -23.224390761190694
v -12.11527592797082 34.53292635656715 -19.121962860183434
v -9.831815672846608 32.18088206726358 -24.142912689688572
v -9.092960672539173 28.622870995502677 -29.209749348998933
v -11.968078808942685 27.735111200370767 -28.78826334326844
v -9.831815672846608 32.18088206726358 -24.142912689688572
v -11.968078808942685 27.735111200370767 -28.78826334326844
v -14.109117219659776 31.59414024644832 -23.224390761190694
v 26.72491440482005 4.058644737720484 -27.849486085371815
v 26.62257054235066 11.419013495925453 -26.50563412347452
v 30.496627892663188 9.654527991245619 -21.148700476010198
v 26.72491440482005 4.058644737720484 -27.849486085371815
v 30.496627892663188 9.654527991245619 -21.148700476010198
v 30.709308053614823 2.320749588089994 -22.402247116202023
v 7.1300807945938 7.830441177467103 -39.309931603924575
v 6.450136569797392 16.074539999439434 -37.4294930176562
v 11.91648287798334 15.407360705347427 -36.10503771211847
v 7.1300807945938 7.830441177467103 -39.309931603924575
v 11.91648287798334 15.407360705347427 -36.10503771211847
v 12.587464532699414 7.855663815745235 -37.64378633963616
v 0.7082062831647364 8.390343779874447 -39.95587815972814
v 0.5504044237594783 16.52986079019774 -37.763313410423926
v 6.450136569797392 16.074539999439434 -37.4294930176562
v 0.7082062831647364 8.390343779874447 -39.95587815972814
v 6.450136569797392 16.074539999439434 -37.4294930176562
v 7.1300807945938 7.830441177467103 -39.309931603924575
v -5.2464187253334025 16.022676357804617 -37.63624196601337
v 0.5504044237594783 16.52986079019774 -37.763313410423926
v 0.7082062831647364 8.390343779874447 -39.95587815972814
v -5.2464187253334025 16.022676357804617 -37.63624196601337
v 0.7082062831647364 8.390343779874447 -39.95587815972814
v -5.315986113707896 8.399350860546908 -39.68920794301521
v -5.2464187253334025 16.022676357804617 -37.63624196601337
v -5.315986113707896 8.399350860546908 -39.68920794301521
v -10.981032445623777 8.080969375169383 -38.34979525687491
v -5.2464187253334025 16.022676357804617 -37.63624196601337
v -10.981032445623777 8.080969375169383 -38.34979525687491
v -11.77274734968287 15.672705474260187 -36.131591854526775
v 9.178342548390361 -32.92711148323967 -5.519353210595977
v 5.992258058298452 -32.47971623252711 -7.182029071340477
v 9.305383240883843 -34.77842323774483 -10.828532086160761
v 9.178342548390361 -32.92711148323967 -5.519353210595977
v 9.305383240883843 -34.77842323774483 -10.828532086160761
v 12.461980197670453 -34.373187684171945 -8.102540031155668
v -3.1648679121935603 -28.97751730674055 -2.352550489668484
v -6.212841548439269 -31.403527439365018 -4.079680994487936
v -4.228741830259767 -31.52883321595771 -6.207940563618312
v -3.1648679121935603 -28.97751730674055 -2.352550489668484
v -4.228741830259767 -31.52883321595771 -6.207940563618312
v -0.4098378951230542 -28.399980363807213 -3.994764332466301
v 2.490020968764625 -32.58655818396742 -8.268023740272273
v 5.992258058298452 -32.47971623252711 -7.182029071340477
v 3.4043583532652284 -29.282037851537883 -3.967809563997808
v 2.490020968764625 -32.58655818396742 -8.268023740272273
v 3.4043583532652284 -29.282037851537883 -3.967809563997808
v -0.4098378951230542 -28.399980363807213 -3.994764332466301
v -6.956921776095139 -33.8275241607649 -8.506056860067613
v -3.107119609215792 -34.555293056576765 -11.660769331306255
v -0.996911585228885 -33.02331030480782 -8.86605947349877
v -6.956921776095139 -33.8275241607649 -8.506056860067613
v -0.996911585228885 -33.02331030480782 -8.86605947349877
v -4.228741830259767 -31.52883321595771 -6.207940563618312
v -0.4098378951230542 -28.399980363807213 -3.994764332466301
v -4.228741830259767 -31.52883321595771 -6.207940563618312
v -0.996911585228885 -33.02331030480782 -8.86605947349877
v -0.4098378951230542 -28.399980363807213 -3.994764332466301
v -0.996911585228885 -33.02331030480782 -8.86605947349877
v 2.490020968764625 -32.58655818396742 -8.268023740272273
v 12.461980197670453 -34.373187684171945 -8.102540031155668
v 9.305383240883843 -34.77842323774483 -10.828532086160761
v 12.348779027649774 -34.789700547472464 -14.76774093418729
v 12.461980197670453 -34.373187684171945 -8.102540031155668
v 12.348779027649774 -34.789700547472464 -14.76774093418729
v 17.697110211348047 -33.6639832218258 -11.47086810563316
v -7.456938546771536 -35.149897717528965 -14.468193700609909
v -3.107119609215792 -34.555293056576765 -11.660769331306255
v -6.956921776095139 -33.8275241607649 -8.506056860067613
v -7.456938546771536 -35.149897717528965 -14.468193700609909
v -6.956921776095139 -33.8275241607649 -8.506056860067613
v -11.40408135224697 -35.12513181751742 -11.800057198584069
v 23.830224062777432 -28.971838205032114 -14.368553687845372
v 19.32269031251194 -29.334883748180665 -20.33882740627092
v 23.287503707957566 -24.365432616057735 -21.5984029209841
v 23.830224062777432 -28.971838205032114 -14.368553687845372
v 23.287503707957566 -24.365432616057735 -21.5984029209841
v 27.481488391138814 -24.53772626028598 -15.024839547093679
v 27.481488391138814 -24.53772626028598 -15.024839547093679
v 23.287503707957566 -24.365432616057735 -21.5984029209841
v 25.766206553038106 -18.99384361963594 -22.898429538148154
v 27.481488391138814 -24.53772626028598 -15.024839547093679
v 25.766206553038106 -18.99384361963594 -22.898429538148154
v 30.46748108878479 -19.156775832206748 -15.293208028220242
v 16.450971576982756 -24.436470643553672 -28.18129605769878
v 23.287503707957566 -24.365432616057735 -21.5984029209841
v 19.32269031251194 -29.334883748180665 -20.33882740627092
v 16.450971576982756 -24.436470643553672 -28.18129605769878
v 19.32269031251194 -29.334883748180665 -20.33882740627092
v 14.168786695694063 -29.43162493434662 -24.862089262374052
v -1.884426848683661 -25.04464713322725 -32.758665509249525
v 3.8835285534623365 -24.850487126260248 -32.48039482342594
v 2.5295777814309366 -29.016799320395165 -28.94872476782956
v -1.884426848683661 -25.04464713322725 -32.758665509249525
v 2.5295777814309366 -29.016799320395165 -28.94872476782956
v -1.5590278137130271 -28.95160584874011 -29.243673344374052
v -8.597345701180766 -25.923300674422297 -31.171766641800826
v -1.884426848683661 -25.04464713322725 -32.758665509249525
v -1.5590278137130271 -28.95160584874011 -29.243673344374052
v -8.597345701180766 -25.923300674422297 -31.171766641800826
v -1.5590278137130271 -28.95160584874011 -29.243673344374052
v -8.279836343463229 -29.031538210486385 -28.186212584917577
v 30.10068781574393 -4.423417540718636 -22.821237284589134
v 29.393392946468918 -9.611802242037284 -22.480916011974124
v 24.70343289061019 -8.435716734392516 -28.830960203127255
v 30.10068781574393 -4.423417540718636 -22.821237284589134
v 24.70343289061019 -8.435716734392516 -28.830960203127255
v 26.158301565943795 -3.193613342051683 -28.227956472523864
v 30.709308053614823 2.320749588089994 -22.402247116202023
v 30.10068781574393 -4.423417540718636 -22.821237284589134
v 26.158301565943795 -3.193613342051683 -28.227956472523864
v 30.709308053614823 2.320749588089994 -22.402247116202023
v 26.158301565943795 -3.193613342051683 -28.227956472523864
v 26.72491440482005 4.058644737720484 -27.849486085371815
v 18.79586244076456 -19.51986058894072 -29.61054929387946
v 25.766206553038106 -18.99384361963594 -22.898429538148154
v 23.287503707957566 -24.365432616057735 -21.5984029209841
v 18.79586244076456 -19.51986058894072 -29.61054929387946
v 23.287503707957566 -24.365432616057735 -21.5984029209841
v 16.450971576982756 -24.436470643553672 -28.18129605769878
v 7.307705677962267 31.85648254861093 -5.287900397805206
v 10.961990051910128 33.5365428804729 -8.401543209526775
v 4.465223619185964 35.44215175537666 -12.14234800976116
v 7.307705677962267 31.85648254861093 -5.287900397805206
v 4.465223619185964 35.44215175537666 -12.14234800976116
v 2.036294280893024 33.432929068651255 -7.358964534086592
v 11.51862690310217 34.44014029154528 -14.785343619016855
v 4.465223619185964 35.44215175537666 -12.14234800976116
v 10.961990051910128 33.5365428804729 -8.401543209526775
v 11.51862690310217 34.44014029154528 -14.785343619016855
v 10.961990051910128 33.5365428804729 -8.401543209526775
v 14.787322419121985 33.39334573448349 -11.904781748354845
v 14.92578443247616 32.892131488461644 -17.709761760331528
v 11.51862690310217 34.44014029154528 -14.785343619016855
v 14.787322419121985 33.39334573448349 -11.904781748354845
v 14.92578443247616 32.892131488461644 -17.709761760331528
v 14.787322419121985 33.39334573448349 -11.904781748354845
v 17.893050222079516 31.862308497399376 -15.065404984878025
v 14.92578443247616 32.892131488461644 -17.709761760331528
v 17.893050222079516 31.862308497399376 -15.065404984878025
v 20.966112618463658 28.545420660506142 -18.910833828072608
v 14.92578443247616 32.892131488461644 -17.709761760331528
v 20.966112618463658 28.545420660506142 -18.910833828072608
v 17.758288203105643 29.369862117304653 -22.38792274805065
v 25.869443082625825 17.601339086285574 -24.66666483274381
v 26.62257054235066 11.419013495925453 -26.50563412347452
v 21.9610452707409 12.97003069890552 -31.005699027690344
v 25.869443082625825 17.601339086285574 -24.66666483274381
v 21.9610452707409 12.97003069890552 -31.005699027690344
v 20.94280779426423 18.934662966906625 -29.285702481958648
v 26.62257054235066 11.419013495925453 -26.50563412347452
v 26.72491440482005 4.058644737720484 -27.849486085371815
v 22.415546724355714 5.866799218697347 -32.255865877196534
v 26.62257054235066 11.419013495925453 -26.50563412347452
v 22.415546724355714 5.866799218697347 -32.255865877196534
v 21.9610452707409 12.97003069890552 -31.005699027690344
v 9.620250607171808 34.88574616303327 -17.304427569409025
v 11.311282775853586 33.453360797884464 -21.127478698734702
v 7.139105824246061 34.34026669827325 -21.641062937281994
v 9.620250607171808 34.88574616303327 -17.304427569409025
v 7.139105824246061 34.34026669827325 -21.641062937281994
v 6.055598479585476 35.70155374731372 -17.511298704653928
v 14.92578443247616 32.892131488461644 -17.709761760331528
v 11.311282775853586 33.453360797884464 -21.127478698734702
v 9.620250607171808 34.88574616303327 -17.304427569409025
v 14.92578443247616 32.892131488461644 -17.709761760331528
v 9.620250607171808 34.88574616303327 -17.304427569409025
v 11.51862690310217 34.44014029154528 -14.785343619016855
v 11.311282775853586 33.453360797884464 -21.127478698734702
v 13.547358706002626 30.34483179690053 -24.947165039982508
v 8.755393591500486 30.82609210995827 -26.86554959098254
v 11.311282775853586 33.453360797884464 -21.127478698734702
v 8.755393591500486 30.82609210995827 -26.86554959098254
v 7.139105824246061 34.34026669827325 -21.641062937281994
v 17.758288203105643 29.369862117304653 -22.38792274805065
v 13.547358706002626 30.34483179690053 -24.947165039982508
v 11.311282775853586 33.453360797884464 -21.127478698734702
v 17.758288203105643 29.369862117304653 -22.38792274805065
v 11.311282775853586 33.453360797884464 -21.127478698734702
v 14.92578443247616 32.892131488461644 -17.709761760331528
v 16.273710359676283 20.606652226181154 -31.91172495558751
v 17.303174456053817 14.260159155823953 -34.033134400140234
v 11.91648287798334 15.407360705347427 -36.10503771211847
v 16.273710359676283 20.606652226181154 -31.91172495558751
v 11.91648287798334 15.407360705347427 -36.10503771211847
v 11.24385702285573 22.20407589332007 -33.24975689321547
v 17.303174456053817 14.260159155823953 -34.033134400140234
v 16.273710359676283 20.606652226181154 -31.91172495558751
v 20.94280779426423 18.934662966906625 -29.285702481958648
v 17.303174456053817 14.260159155823953 -34.033134400140234
v 20.94280779426423 18.934662966906625 -29.285702481958648
v 21.9610452707409 12.97003069890552 -31.005699027690344
v 17.303174456053817 14.260159155823953 -34.033134400140234
v 17.913887724245843 6.839432301167091 -35.40947612942715
v 12.587464532699414 7.855663815745235 -37.64378633963616
v 17.303174456053817 14.260159155823953 -34.033134400140234
v 12.587464532699414 7.855663815745235 -37.64378633963616
v 11.91648287798334 15.407360705347427 -36.10503771211847
v 17.913887724245843 6.839432301167091 -35.40947612942715
v 17.303174456053817 14.260159155823953 -34.033134400140234
v 21.9610452707409 12.97003069890552 -31.005699027690344
v 17.913887724245843 6.839432301167091 -35.40947612942715
v 21.9610452707409 12.97003069890552 -31.005699027690344
v 22.415546724355714 5.866799218697347 -32.255865877196534
v 11.51862690310217 34.44014029154528 -14.785343619016855
v 9.620250607171808 34.88574616303327 -17.304427569409025
v 6.055598479585476 35.70155374731372 -17.511298704653928
v 11.51862690310217 34.44014029154528 -14.785343619016855
v 6.055598479585476 35.70155374731372 -17.511298704653928
v 4.465223619185964 35.44215175537666 -12.14234800976116
v -11.77274734968287 15.672705474260187 -36.131591854526775
v -10.981032445623777 8.080969375169383 -38.34979525687491
v -17.93216577744693 7.169879757830994 -35.41797913373939
v -11.77274734968287 15.672705474260187 -36.131591854526775
v -17.93216577744693 7.169879757830994 -35.41797913373939
v -18.348688078304516 14.609186243329777 -33.226009383108746
v -18.348688078304516 14.609186243329777 -33.226009383108746
v -17.93216577744693 7.169879757830994 -35.41797913373939
v -25.102192108778695 6.678063967633697 -30.287661555274408
v -18.348688078304516 14.609186243329777 -33.226009383108746
v -25.102192108778695 6.678063967633697 -30.287661555274408
v -24.118957116319997 14.16181707658741 -29.07117471790007
v 3.8835285534623365 -24.850487126260248 -32.48039482342594
v -1.884426848683661 -25.04464713322725 -32.758665509249525
v -1.9470446006665842 -19.332798781319187 -36.06562722306491
v 3.8835285534623365 -24.850487126260248 -32.48039482342594
v -1.9470446006665842 -19.332798781319187 -36.06562722306491
v 5.734007943529384 -20.380612585592445 -34.84832670890923
v -9.186557627888025 -20.76950049045562 -34.40372370556807
v -1.9470446006665842 -19.332798781319187 -36.06562722306491
v -1.884426848683661 -25.04464713322725 -32.758665509249525
v -9.186557627888025 -20.76950049045562 -34.40372370556807
v -1.884426848683661 -25.04464713322725 -32.758665509249525
v -8.597345701180766 -25.923300674422297 -31.171766641800826
v 14.168786695694063 -29.43162493434662 -24.862089262374052
v 8.067197913316749 -29.399520456176802 -27.555845277999858
v 10.736761445431672 -24.57917088353295 -30.888693406792974
v 14.168786695694063 -29.43162493434662 -24.862089262374052
v 10.736761445431672 -24.57917088353295 -30.888693406792974
v 16.450971576982756 -24.436470643553672 -28.18129605769878
v 3.8835285534623365 -24.850487126260248 -32.48039482342594
v 10.736761445431672 -24.57917088353295 -30.888693406792974
v 8.067197913316749 -29.399520456176802 -27.555845277999858
v 3.8835285534623365 -24.850487126260248 -32.48039482342594
v 8.067197913316749 -29.399520456176802 -27.555845277999858
v 2.5295777814309366 -29.016799320395165 -28.94872476782956
v 16.450971576982756 -24.436470643553672 -28.18129605769878
v 10.736761445431672 -24.57917088353295 -30.888693406792974
v 12.10208001356799 -20.423936253582216 -32.855940907026984
v 16.450971576982756 -24.436470643553672 -28.18129605769878
v 12.10208001356799 -20.423936253582216 -32.855940907026984
v 18.79586244076456 -19.51986058894072 -29.61054929387946
v 5.734007943529384 -20.380612585592445 -34.84832670890923
v 12.10208001356799 -20.423936253582216 -32.855940907026984
v 10.736761445431672 -24.57917088353295 -30.888693406792974
v 5.734007943529384 -20.380612585592445 -34.84832670890923
v 10.736761445431672 -24.57917088353295 -30.888693406792974
v 3.8835285534623365 -24.850487126260248 -32.48039482342594
v 0.40834250313201065 -35.07601618034745 -18.55724863191465
v -1.441381671959949 -35.1785467067448 -14.901270540457647
v -4.45487976214182 -35.06647877143988 -17.369405351100255
v 0.40834250313201065 -35.07601618034745 -18.55724863191465
v -4.45487976214182 -35.06647877143988 -17.369405351100255
v -3.1846819406657088 -34.60798332919261 -19.956800038495967
v -4.45487976214182 -35.06647877143988 -17.369405351100255
v -1.441381671959949 -35.1785467067448 -14.901270540457647
v -3.107119609215792 -34.555293056576765 -11.660769331306255
v -4.45487976214182 -35.06647877143988 -17.369405351100255
v -3.107119609215792 -34.555293056576765 -11.660769331306255
v -7.456938546771536 -35.149897717528965 -14.468193700609909
v -4.45487976214182 -35.06647877143988 -17.369405351100255
v -8.746168239492443 -34.13340394649762 -19.684056886497803
v -6.280453895835783 -33.472233753146234 -22.28706134180132
v -4.45487976214182 -35.06647877143988 -17.369405351100255
v -6.280453895835783 -33.472233753146234 -22.28706134180132
v -3.1846819406657088 -34.60798332919261 -19.956800038495967
v -8.746168239492443 -34.13340394649762 -19.684056886497803
v -4.45487976214182 -35.06647877143988 -17.369405351100255
v -7.456938546771536 -35.149897717528965 -14.468193700609909
v -8.746168239492443 -34.13340394649762 -19.684056886497803
v -7.456938546771536 -35.149897717528965 -14.468193700609909
v -10.107540171266105 -34.48743781759134 -17.605317743822603
v -8.279836343463229 -29.031538210486385 -28.186212584917577
v -11.864119050911587 -29.92097217369532 -25.68417931741252
v -13.535025602182186 -25.86124234936411 -29.197565515320274
v -8.279836343463229 -29.031538210486385 -28.186212584917577
v -13.535025602182186 -25.86124234936411 -29.197565515320274
v -8.597345701180766 -25.923300674422297 -31.171766641800826
v -17.237418978017324 -26.976407011333315 -25.81205217570503
v -13.535025602182186 -25.86124234936411 -29.197565515320274
v -11.864119050911587 -29.92097217369532 -25.68417931741252
v -17.237418978017324 -26.976407011333315 -25.81205217570503
v -11.864119050911587 -29.92097217369532 -25.68417931741252
v -14.654774062856246 -30.685947860524106 -22.999551773563073
v -8.597345701180766 -25.923300674422297 -31.171766641800826
v -13.535025602182186 -25.86124234936411 -29.197565515320274
v -14.756637123445577 -21.609121941123785 -31.78460213089241
v -8.597345701180766 -25.923300674422297 -31.171766641800826
v -14.756637123445577 -21.609121941123785 -31.78460213089241
v -9.186557627888025 -20.76950049045562 -34.40372370556807
v -19.18655329604094 -22.68456785702613 -28.123496002091777
v -14.756637123445577 -21.609121941123785 -31.78460213089241
v -13.535025602182186 -25.86124234936411 -29.197565515320274
v -19.18655329604094 -22.68456785702613 -28.123496002091777
v -13.535025602182186 -25.86124234936411 -29.197565515320274
v -17.237418978017324 -26.976407011333315 -25.81205217570503
v 1.7276306506347316 -35.25865554186059 -14.498125707067615
v -1.441381671959949 -35.1785467067448 -14.901270540457647
v 0.40834250313201065 -35.07601618034745 -18.55724863191465
v 1.7276306506347316 -35.25865554186059 -14.498125707067615
v 0.40834250313201065 -35.07601618034745 -18.55724863191465
v 3.3817118842253406 -35.23326572720312 -17.77631525739005
v -3.107119609215792 -34.555293056576765 -11.660769331306255
v -1.441381671959949 -35.1785467067448 -14.901270540457647
v 1.7276306506347316 -35.25865554186059 -14.498125707067615
v -3.107119609215792 -34.555293056576765 -11.660769331306255
v 1.7276306506347316 -35.25865554186059 -14.498125707067615
v 5.001960592676025 -34.94944350237998 -11.51335793695885
v 5.992258058298452 -32.47971623252711 -7.182029071340477
v 2.490020968764625 -32.58655818396742 -8.268023740272273
v 5.001960592676025 -34.94944350237998 -11.51335793695885
v 5.992258058298452 -32.47971623252711 -7.182029071340477
v 5.001960592676025 -34.94944350237998 -11.51335793695885
v 9.305383240883843 -34.77842323774483 -10.828532086160761
v -0.996911585228885 -33.02331030480782 -8.86605947349877
v -3.107119609215792 -34.555293056576765 -11.660769331306255
v 5.001960592676025 -34.94944350237998 -11.51335793695885
v -0.996911585228885 -33.02331030480782 -8.86605947349877
v 5.001960592676025 -34.94944350237998 -11.51335793695885
v 2.490020968764625 -32.58655818396742 -8.268023740272273
v 5.001960592676025 -34.94944350237998 -11.51335793695885
v 1.7276306506347316 -35.25865554186059 -14.498125707067615
v 3.3817118842253406 -35.23326572720312 -17.77631525739005
v 5.001960592676025 -34.94944350237998 -11.51335793695885
v 3.3817118842253406 -35.23326572720312 -17.77631525739005
v 8.118447853008194 -35.28544337253338 -16.80902631254117
v 9.305383240883843 -34.77842323774483 -10.828532086160761
v 5.001960592676025 -34.94944350237998 -11.51335793695885
v 8.118447853008194 -35.28544337253338 -16.80902631254117
v 9.305383240883843 -34.77842323774483 -10.828532086160761
v 8.118447853008194 -35.28544337253338 -16.80902631254117
v 12.348779027649774 -34.789700547472464 -14.76774093418729
v -25.102192108778695 6.678063967633697 -30.287661555274408
v -17.93216577744693 7.169879757830994 -35.41797913373939
v -17.841460535948407 0.03359221438835076 -35.86453425093955
v -25.102192108778695 6.678063967633697 -30.287661555274408
v -17.841460535948407 0.03359221438835076 -35.86453425093955
v -24.73801126742599 -0.7830489264038362 -30.985380102900464
v -14.756637123445577 -21.609121941123785 -31.78460213089241
v -19.18655329604094 -22.68456785702613 -28.123496002091777
v -21.85178621994205 -16.899972588499054 -29.385619844012947
v -14.756637123445577 -21.609121941123785 -31.78460213089241
v -21.85178621994205 -16.899972588499054 -29.385619844012947
v -15.778521502678595 -16.244105535182577 -33.93933452846491
v -15.778521502678595 -16.244105535182577 -33.93933452846491
v -21.85178621994205 -16.899972588499054 -29.385619844012947
v -22.989587903244583 -12.749677544197445 -30.22716166312035
v -15.778521502678595 -16.244105535182577 -33.93933452846491
v -22.989587903244583 -12.749677544197445 -30.22716166312035
v -16.68067218592211 -12.094317875843586 -34.82841891789831
v -16.68067218592211 -12.094317875843586 -34.82841891789831
v -22.989587903244583 -12.749677544197445 -30.22716166312035
v -24.164906950953906 -6.533189871514037 -30.72912705027085
v -16.68067218592211 -12.094317875843586 -34.82841891789831
v -24.164906950953906 -6.533189871514037 -30.72912705027085
v -17.564174527716048 -5.712352536465444 -35.60065561930075
v -24.73801126742599 -0.7830489264038362 -30.985380102900464
v -17.841460535948407 0.03359221438835076 -35.86453425093955
v -17.564174527716048 -5.712352536465444 -35.60065561930075
v -24.73801126742599 -0.7830489264038362 -30.985380102900464
v -17.564174527716048 -5.712352536465444 -35.60065561930075
v -24.164906950953906 -6.533189871514037 -30.72912705027085
v -17.841460535948407 0.03359221438835076 -35.86453425093955
v -10.704778485818089 0.3574282208887923 -39.01408939294407
v -10.484966567249826 -4.899468523945944 -38.68323618941306
v -17.841460535948407 0.03359221438835076 -35.86453425093955
v -10.484966567249826 -4.899468523945944 -38.68323618941306
v -17.564174527716048 -5.712352536465444 -35.60065561930075
v -10.704778485818089 0.3574282208887923 -39.01408939294407
v -17.841460535948407 0.03359221438835076 -35.86453425093955
v -17.93216577744693 7.169879757830994 -35.41797913373939
v -10.704778485818089 0.3574282208887923 -39.01408939294407
v -17.93216577744693 7.169879757830994 -35.41797913373939
v -10.981032445623777 8.080969375169383 -38.34979525687491
v -17.564174527716048 -5.712352536465444 -35.60065561930075
v -10.484966567249826 -4.899468523945944 -38.68323618941306
v -9.871704946848972 -10.78043821027618 -37.858810683819165
v -17.564174527716048 -5.712352536465444 -35.60065561930075
v -9.871704946848972 -10.78043821027618 -37.858810683819165
v -16.68067218592211 -12.094317875843586 -34.82841891789831
v -16.68067218592211 -12.094317875843586 -34.82841891789831
v -9.871704946848972 -10.78043821027618 -37.858810683819165
v -9.547725062161039 -15.63677250112509 -36.58904612825655
v -16.68067218592211 -12.094317875843586 -34.82841891789831
v -9.547725062161039 -15.63677250112509 -36.58904612825655
v -15.778521502678595 -16.244105535182577 -33.93933452846491
v -15.778521502678595 -16.244105535182577 -33.93933452846491
v -9.547725062161039 -15.63677250112509 -36.58904612825655
v -9.186557627888025 -20.76950049045562 -34.40372370556807
v -15.778521502678595 -16.244105535182577 -33.93933452846491
v -9.186557627888025 -20.76950049045562 -34.40372370556807
v -14.756637123445577 -21.609121941123785 -31.78460213089241
v 26.72491440482005 4.058644737720484 -27.849486085371815
v 26.158301565943795 -3.193613342051683 -28.227956472523864
v 21.20066808767676 -1.426157942404813 -33.2963616878803
v 26.72491440482005 4.058644737720484 -27.849486085371815
v 21.20066808767676 -1.426157942404813 -33.2963616878803
v 22.415546724355714 5.866799218697347 -32.255865877196534
v 17.913887724245843 6.839432301167091 -35.40947612942715
v 22.415546724355714 5.866799218697347 -32.255865877196534
v 21.20066808767676 -1.426157942404813 -33.2963616878803
v 17.913887724245843 6.839432301167091 -35.40947612942715
v 21.20066808767676 -1.426157942404813 -33.2963616878803
v 16.628322741642897 -0.5728409331916177 -36.36342026078251
v 17.913887724245843 6.839432301167091 -35.40947612942715
v 16.628322741642897 -0.5728409331916177 -36.36342026078251
v 11.941261819178417 0.18768761929711253 -38.314393806929466
v 17.913887724245843 6.839432301167091 -35.40947612942715
v 11.941261819178417 0.18768761929711253 -38.314393806929466
v 12.587464532699414 7.855663815745235 -37.64378633963616
v 7.1300807945938 7.830441177467103 -39.309931603924575
v 12.587464532699414 7.855663815745235 -37.64378633963616
v 11.941261819178417 0.18768761929711253 -38.314393806929466
v 7.1300807945938 7.830441177467103 -39.309931603924575
v 11.941261819178417 0.18768761929711253 -38.314393806929466
v 6.657916085798766 1.1151970603160004 -39.77867687093025
v 0.7082062831647364 8.390343779874447 -39.95587815972814
v 7.1300807945938 7.830441177467103 -39.309931603924575
v 6.657916085798766 1.1151970603160004 -39.77867687093025
v 0.7082062831647364 8.390343779874447 -39.95587815972814
v 6.657916085798766 1.1151970603160004 -39.77867687093025
v 0.6125292301488324 1.0988056706699374 -40.59005913465662
v 0.7082062831647364 8.390343779874447 -39.95587815972814
v 0.6125292301488324 1.0988056706699374 -40.59005913465662
v -5.195358400630114 1.1289576029165695 -40.30236231017627
v 0.7082062831647364 8.390343779874447 -39.95587815972814
v -5.195358400630114 1.1289576029165695 -40.30236231017627
v -5.315986113707896 8.399350860546908 -39.68920794301521
v -10.981032445623777 8.080969375169383 -38.34979525687491
v -5.315986113707896 8.399350860546908 -39.68920794301521
v -5.195358400630114 1.1289576029165695 -40.30236231017627
v -10.981032445623777 8.080969375169383 -38.34979525687491
v -5.195358400630114 1.1289576029165695 -40.30236231017627
v -10.704778485818089 0.3574282208887923 -39.01408939294407
v 20.026793792617507 -6.848681169148398 -33.37740419995044
v 21.20066808767676 -1.426157942404813 -33.2963616878803
v 26.158301565943795 -3.193613342051683 -28.227956472523864
v 20.026793792617507 -6.848681169148398 -33.37740419995044
v 26.158301565943795 -3.193613342051683 -28.227956472523864
v 24.70343289061019 -8.435716734392516 -28.830960203127255
v 6.389869199188398 -15.80882440230273 -36.774848558497055
v 13.139979378454179 -15.635667810798155 -34.55971880528794
v 12.10208001356799 -20.423936253582216 -32.855940907026984
v 6.389869199188398 -15.80882440230273 -36.774848558497055
v 12.10208001356799 -20.423936253582216 -32.855940907026984
v 5.734007943529384 -20.380612585592445 -34.84832670890923
v 6.389869199188398 -15.80882440230273 -36.774848558497055
v 5.734007943529384 -20.380612585592445 -34.84832670890923
v -1.9470446006665842 -19.332798781319187 -36.06562722306491
v 6.389869199188398 -15.80882440230273 -36.774848558497055
v -1.9470446006665842 -19.332798781319187 -36.06562722306491
v -1.9153878950408203 -14.270799083023206 -38.03948571526587
v -9.547725062161039 -15.63677250112509 -36.58904612825655
v -1.9153878950408203 -14.270799083023206 -38.03948571526587
v -1.9470446006665842 -19.332798781319187 -36.06562722306491
v -9.547725062161039 -15.63677250112509 -36.58904612825655
v -1.9470446006665842 -19.332798781319187 -36.06562722306491
v -9.186557627888025 -20.76950049045562 -34.40372370556807
v -10.704778485818089 0.3574282208887923 -39.01408939294407
v -5.195358400630114 1.1289576029165695 -40.30236231017627
v -4.393473322089238 -4.263490655071388 -40.041867362391656
v -10.704778485818089 0.3574282208887923 -39.01408939294407
v -4.393473322089238 -4.263490655071388 -40.041867362391656
v -10.484966567249826 -4.899468523945944 -38.68323618941306
v -10.484966567249826 -4.899468523945944 -38.68323618941306
v -4.393473322089238 -4.263490655071388 -40.041867362391656
v -4.156422809145518 -9.765035267222208 -39.190574995854696
v -10.484966567249826 -4.899468523945944 -38.68323618941306
v -4.156422809145518 -9.765035267222208 -39.190574995854696
v -9.871704946848972 -10.78043821027618 -37.858810683819165
v -9.547725062161039 -15.63677250112509 -36.58904612825655
v -9.871704946848972 -10.78043821027618 -37.858810683819165
v -4.156422809145518 -9.765035267222208 -39.190574995854696
v -9.547725062161039 -15.63677250112509 -36.58904612825655
v -4.156422809145518 -9.765035267222208 -39.190574995854696
v -1.9153878950408203 -14.270799083023206 -38.03948571526587
v 6.389869199188398 -15.80882440230273 -36.774848558497055
v -1.9153878950408203 -14.270799083023206 -38.03948571526587
v 1.897361946145589 -11.530950566641557 -38.76473630270522
v 6.389869199188398 -15.80882440230273 -36.774848558497055
v 1.897361946145589 -11.530950566641557 -38.76473630270522
v 6.887975482031691 -12.215543991028467 -37.832080908174824
v 1.897361946145589 -11.530950566641557 -38.76473630270522
v -1.9153878950408203 -14.270799083023206 -38.03948571526587
v -4.156422809145518 -9.765035267222208 -39.190574995854696
v 1.897361946145589 -11.530950566641557 -38.76473630270522
v -4.156422809145518 -9.765035267222208 -39.190574995854696
v 0.8933473411673373 -8.154691916059342 -39.6114393030377
v 0.8933473411673373 -8.154691916059342 -39.6114393030377
v -4.156422809145518 -9.765035267222208 -39.190574995854696
v -4.393473322089238 -4.263490655071388 -40.041867362391656
v 0.8933473411673373 -8.154691916059342 -39.6114393030377
v -4.393473322089238 -4.263490655071388 -40.041867362391656
v 0.8474989751150057 -2.695650659215568 -40.37946826949715
v -5.195358400630114 1.1289576029165695 -40.30236231017627
v 0.6125292301488324 1.0988056706699374 -40.59005913465662
v 0.8474989751150057 -2.695650659215568 -40.37946826949715
v -5.195358400630114 1.1289576029165695 -40.30236231017627
v 0.8474989751150057 -2.695650659215568 -40.37946826949715
v -4.393473322089238 -4.263490655071388 -40.041867362391656
v 6.887975482031691 -12.215543991028467 -37.832080908174824
v 13.362468164613254 -11.082281573368437 -35.91807584641129
v 13.139979378454179 -15.635667810798155 -34.55971880528794
v 6.887975482031691 -12.215543991028467 -37.832080908174824
v 13.139979378454179 -15.635667810798155 -34.55971880528794
v 6.389869199188398 -15.80882440230273 -36.774848558497055
v 0.8474989751150057 -2.695650659215568 -40.37946826949715
v 0.6125292301488324 1.0988056706699374 -40.59005913465662
v 6.657916085798766 1.1151970603160004 -39.77867687093025
v 0.8474989751150057 -2.695650659215568 -40.37946826949715
v 6.657916085798766 1.1151970603160004 -39.77867687093025
v 6.2695375241542255 -3.974108559435909 -39.53322712937617
v 0.8933473411673373 -8.154691916059342 -39.6114393030377
v 0.8474989751150057 -2.695650659215568 -40.37946826949715
v 6.2695375241542255 -3.974108559435909 -39.53322712937617
v 0.8933473411673373 -8.154691916059342 -39.6114393030377
v 6.2695375241542255 -3.974108559435909 -39.53322712937617
v 6.236461808826405 -8.377428588673899 -38.89397103595023
v 1.897361946145589 -11.530950566641557 -38.76473630270522
v 0.8933473411673373 -8.154691916059342 -39.6114393030377
v 6.236461808826405 -8.377428588673899 -38.89397103595023
v 1.897361946145589 -11.530950566641557 -38.76473630270522
v 6.236461808826405 -8.377428588673899 -38.89397103595023
v 6.887975482031691 -12.215543991028467 -37.832080908174824
v 21.434614687447205 -14.44473823139777 -29.962139166613632
v 27.53510101057001 -14.612049955234482 -22.93198038818378
v 25.766206553038106 -18.99384361963594 -22.898429538148154
v 21.434614687447205 -14.44473823139777 -29.962139166613632
v 25.766206553038106 -18.99384361963594 -22.898429538148154
v 18.79586244076456 -19.51986058894072 -29.61054929387946
v 24.70343289061019 -8.435716734392516 -28.830960203127255
v 29.393392946468918 -9.611802242037284 -22.480916011974124
v 27.53510101057001 -14.612049955234482 -22.93198038818378
v 24.70343289061019 -8.435716734392516 -28.830960203127255
v 27.53510101057001 -14.612049955234482 -22.93198038818378
v 21.434614687447205 -14.44473823139777 -29.962139166613632
v 18.26038657615598 -10.55990071674603 -33.58179517381136
v 20.026793792617507 -6.848681169148398 -33.37740419995044
v 24.70343289061019 -8.435716734392516 -28.830960203127255
v 18.26038657615598 -10.55990071674603 -33.58179517381136
v 24.70343289061019 -8.435716734392516 -28.830960203127255
v 21.434614687447205 -14.44473823139777 -29.962139166613632
v 18.79586244076456 -19.51986058894072 -29.61054929387946
v 12.10208001356799 -20.423936253582216 -32.855940907026984
v 13.139979378454179 -15.635667810798155 -34.55971880528794
v 18.79586244076456 -19.51986058894072 -29.61054929387946
v 13.139979378454179 -15.635667810798155 -34.55971880528794
v 21.434614687447205 -14.44473823139777 -29.962139166613632
v 18.26038657615598 -10.55990071674603 -33.58179517381136
v 21.434614687447205 -14.44473823139777 -29.962139166613632
v 13.139979378454179 -15.635667810798155 -34.55971880528794
v 18.26038657615598 -10.55990071674603 -33.58179517381136
v 13.139979378454179 -15.635667810798155 -34.55971880528794
v 13.362468164613254 -11.082281573368437 -35.91807584641129
v 16.628322741642897 -0.5728409331916177 -36.36342026078251
v 21.20066808767676 -1.426157942404813 -33.2963616878803
v 20.026793792617507 -6.848681169148398 -33.37740419995044
v 16.628322741642897 -0.5728409331916177 -36.36342026078251
v 20.026793792617507 -6.848681169148398 -33.37740419995044
v 15.263011711969797 -5.768202712370262 -36.290955575962116
v 15.263011711969797 -5.768202712370262 -36.290955575962116
v 20.026793792617507 -6.848681169148398 -33.37740419995044
v 18.26038657615598 -10.55990071674603 -33.58179517381136
v 15.263011711969797 -5.768202712370262 -36.290955575962116
v 18.26038657615598 -10.55990071674603 -33.58179517381136
v 13.362468164613254 -11.082281573368437 -35.91807584641129
v 11.941261819178417 0.18768761929711253 -38.314393806929466
v 16.628322741642897 -0.5728409331916177 -36.36342026078251
v 15.263011711969797 -5.768202712370262 -36.290955575962116
v 11.941261819178417 0.18768761929711253 -38.314393806929466
v 15.263011711969797 -5.768202712370262 -36.290955575962116
v 10.96864718038098 -4.582804674369905 -38.25656617210126
v 10.401567402565007 -7.700632820988222 -37.93002386373569
v 10.96864718038098 -4.582804674369905 -38.25656617210126
v 15.263011711969797 -5.768202712370262 -36.290955575962116
v 10.401567402565007 -7.700632820988222 -37.93002386373569
v 15.263011711969797 -5.768202712370262 -36.290955575962116
v 13.362468164613254 -11.082281573368437 -35.91807584641129
v 10.401567402565007 -7.700632820988222 -37.93002386373569
v 13.362468164613254 -11.082281573368437 -35.91807584641129
v 6.887975482031691 -12.215543991028467 -37.832080908174824
v 10.401567402565007 -7.700632820988222 -37.93002386373569
v 6.887975482031691 -12.215543991028467 -37.832080908174824
v 6.236461808826405 -8.377428588673899 -38.89397103595023
v 6.2695375241542255 -3.974108559435909 -39.53322712937617
v 10.96864718038098 -4.582804674369905 -38.25656617210126
v 10.401567402565007 -7.700632820988222 -37.93002386373569
v 6.2695375241542255 -3.974108559435909 -39.53322712937617
v 10.401567402565007 -7.700632820988222 -37.93002386373569
v 6.236461808826405 -8.377428588673899 -38.89397103595023
v 11.941261819178417 0.18768761929711253 -38.314393806929466
v 10.96864718038098 -4.582804674369905 -38.25656617210126
v 6.2695375241542255 -3.974108559435909 -39.53322712937617
v 11.941261819178417 0.18768761929711253 -38.314393806929466
v 6.2695375241542255 -3.974108559435909 -39.53322712937617
v 6.657916085798766 1.1151970603160004 -39.77867687093025
v 20.517109860927395 -31.973302367043427 -12.941834621553472
v 23.032685079364093 -32.182514600725405 -6.848075265281181
v 19.59225548095576 -33.857478981610214 -6.030600702981401
v 20.517109860927395 -31.973302367043427 -12.941834621553472
v 19.59225548095576 -33.857478981610214 -6.030600702981401
v 17.697110211348047 -33.6639832218258 -11.47086810563316
v 23.032685079364093 -32.182514600725405 -6.848075265281181
v 20.517109860927395 -31.973302367043427 -12.941834621553472
v 23.830224062777432 -28.971838205032114 -14.368553687845372
v 23.032685079364093 -32.182514600725405 -6.848075265281181
v 23.830224062777432 -28.971838205032114 -14.368553687845372
v 26.742623161739054 -28.899273918528042 -7.602758221475589
v 19.59225548095576 -33.857478981610214 -6.030600702981401
v 23.032685079364093 -32.182514600725405 -6.848075265281181
v 23.576618846159064 -32.918902603225774 -1.0299792045970786
v 19.59225548095576 -33.857478981610214 -6.030600702981401
v 23.576618846159064 -32.918902603225774 -1.0299792045970786
v 19.476010138598742 -34.77874247519752 -0.5421058940176645
v 28.095108708405256 -29.099277316767473 -1.2384185839540933
v 23.576618846159064 -32.918902603225774 -1.0299792045970786
v 23.032685079364093 -32.182514600725405 -6.848075265281181
v 28.095108708405256 -29.099277316767473 -1.2384185839540933
v 23.032685079364093 -32.182514600725405 -6.848075265281181
v 26.742623161739054 -28.899273918528042 -7.602758221475589
v 18.60140689182853 -35.18090976838555 3.848633450646541
v 23.005448037894517 -33.381944830613875 3.504772594488753
v 21.961918601181935 -33.3550808990323 7.168825428721083
v 18.60140689182853 -35.18090976838555 3.848633450646541
v 21.961918601181935 -33.3550808990323 7.168825428721083
v 16.998627614575792 -35.16428422516724 8.547398088606394
v 19.476010138598742 -34.77874247519752 -0.5421058940176645
v 23.576618846159064 -32.918902603225774 -1.0299792045970786
v 23.005448037894517 -33.381944830613875 3.504772594488753
v 19.476010138598742 -34.77874247519752 -0.5421058940176645
v 23.005448037894517 -33.381944830613875 3.504772594488753
v 18.60140689182853 -35.18090976838555 3.848633450646541
v 27.606827442288136 -29.665987698425347 3.6036013612433346
v 23.005448037894517 -33.381944830613875 3.504772594488753
v 23.576618846159064 -32.918902603225774 -1.0299792045970786
v 27.606827442288136 -29.665987698425347 3.6036013612433346
v 23.576618846159064 -32.918902603225774 -1.0299792045970786
v 28.095108708405256 -29.099277316767473 -1.2384185839540933
v 15.813817256476826 -32.88547328859088 -17.64456356318641
v 20.517109860927395 -31.973302367043427 -12.941834621553472
v 17.697110211348047 -33.6639832218258 -11.47086810563316
v 15.813817256476826 -32.88547328859088 -17.64456356318641
v 17.697110211348047 -33.6639832218258 -11.47086810563316
v 12.348779027649774 -34.789700547472464 -14.76774093418729
v 20.517109860927395 -31.973302367043427 -12.941834621553472
v 15.813817256476826 -32.88547328859088 -17.64456356318641
v 19.32269031251194 -29.334883748180665 -20.33882740627092
v 20.517109860927395 -31.973302367043427 -12.941834621553472
v 19.32269031251194 -29.334883748180665 -20.33882740627092
v 23.830224062777432 -28.971838205032114 -14.368553687845372
v -6.280453895835783 -33.472233753146234 -22.28706134180132
v -6.968928378033248 -32.03298708283698 -24.61411452559364
v -2.3755840580775716 -32.65082344031855 -24.50826041178129
v -6.280453895835783 -33.472233753146234 -22.28706134180132
v -2.3755840580775716 -32.65082344031855 -24.50826041178129
v -3.1846819406657088 -34.60798332919261 -19.956800038495967
v -1.5590278137130271 -28.95160584874011 -29.243673344374052
v -2.3755840580775716 -32.65082344031855 -24.50826041178129
v -6.968928378033248 -32.03298708283698 -24.61411452559364
v -1.5590278137130271 -28.95160584874011 -29.243673344374052
v -6.968928378033248 -32.03298708283698 -24.61411452559364
v -8.279836343463229 -29.031538210486385 -28.186212584917577
v -3.1846819406657088 -34.60798332919261 -19.956800038495967
v -2.3755840580775716 -32.65082344031855 -24.50826041178129
v 1.5142881833396804 -33.14563562908062 -23.78798449104665
v -3.1846819406657088 -34.60798332919261 -19.956800038495967
v 1.5142881833396804 -33.14563562908062 -23.78798449104665
v 0.40834250313201065 -35.07601618034745 -18.55724863191465
v 1.5142881833396804 -33.14563562908062 -23.78798449104665
v -2.3755840580775716 -32.65082344031855 -24.50826041178129
v -1.5590278137130271 -28.95160584874011 -29.243673344374052
v 1.5142881833396804 -33.14563562908062 -23.78798449104665
v -1.5590278137130271 -28.95160584874011 -29.243673344374052
v 2.5295777814309366 -29.016799320395165 -28.94872476782956
v 11.248696832932916 -33.33200673232245 -20.874025062572823
v 15.813817256476826 -32.88547328859088 -17.64456356318641
v 12.348779027649774 -34.789700547472464 -14.76774093418729
v 11.248696832932916 -33.33200673232245 -20.874025062572823
v 12.348779027649774 -34.789700547472464 -14.76774093418729
v 8.118447853008194 -35.28544337253338 -16.80902631254117
v 15.813817256476826 -32.88547328859088 -17.64456356318641
v 11.248696832932916 -33.33200673232245 -20.874025062572823
v 14.168786695694063 -29.43162493434662 -24.862089262374052
v 15.813817256476826 -32.88547328859088 -17.64456356318641
v 14.168786695694063 -29.43162493434662 -24.862089262374052
v 19.32269031251194 -29.334883748180665 -20.33882740627092
v 5.618204041922911 -33.47378368186245 -22.885957347705187
v 11.248696832932916 -33.33200673232245 -20.874025062572823
v 8.118447853008194 -35.28544337253338 -16.80902631254117
v 5.618204041922911 -33.47378368186245 -22.885957347705187
v 8.118447853008194 -35.28544337253338 -16.80902631254117
v 3.3817118842253406 -35.23326572720312 -17.77631525739005
v 11.248696832932916 -33.33200673232245 -20.874025062572823
v 5.618204041922911 -33.47378368186245 -22.885957347705187
v 8.067197913316749 -29.399520456176802 -27.555845277999858
v 11.248696832932916 -33.33200673232245 -20.874025062572823
v 8.067197913316749 -29.399520456176802 -27.555845277999858
v 14.168786695694063 -29.43162493434662 -24.862089262374052
v 1.5142881833396804 -33.14563562908062 -23.78798449104665
v 5.618204041922911 -33.47378368186245 -22.885957347705187
v 3.3817118842253406 -35.23326572720312 -17.77631525739005
v 1.5142881833396804 -33.14563562908062 -23.78798449104665
v 3.3817118842253406 -35.23326572720312 -17.77631525739005
v 0.40834250313201065 -35.07601618034745 -18.55724863191465
v 5.618204041922911 -33.47378368186245 -22.885957347705187
v 1.5142881833396804 -33.14563562908062 -23.78798449104665
v 2.5295777814309366 -29.016799320395165 -28.94872476782956
v 5.618204041922911 -33.47378368186245 -22.885957347705187
v 2.5295777814309366 -29.016799320395165 -28.94872476782956
v 8.067197913316749 -29.399520456176802 -27.555845277999858
v -10.025072951967918 -32.819897277538395 -22.040700659072442
v -6.968928378033248 -32.03298708283698 -24.61411452559364
v -6.280453895835783 -33.472233753146234 -22.28706134180132
v -10.025072951967918 -32.819897277538395 -22.040700659072442
v -6.280453895835783 -33.472233753146234 -22.28706134180132
v -8.746168239492443 -34.13340394649762 -19.684056886497803
v -6.968928378033248 -32.03298708283698 -24.61411452559364
v -10.025072951967918 -32.819897277538395 -22.040700659072442
v -11.864119050911587 -29.92097217369532 -25.68417931741252
v -6.968928378033248 -32.03298708283698 -24.61411452559364
v -11.864119050911587 -29.92097217369532 -25.68417931741252
v -8.279836343463229 -29.031538210486385 -28.186212584917577
v -11.94550113238866 -33.229694370505456 -20.100152727319404
v -10.025072951967918 -32.819897277538395 -22.040700659072442
v -8.746168239492443 -34.13340394649762 -19.684056886497803
v -11.94550113238866 -33.229694370505456 -20.100152727319404
v -8.746168239492443 -34.13340394649762 -19.684056886497803
v -10.107540171266105 -34.48743781759134 -17.605317743822603
v -10.025072951967918 -32.819897277538395 -22.040700659072442
v -11.94550113238866 -33.229694370505456 -20.100152727319404
v -14.654774062856246 -30.685947860524106 -22.999551773563073
v -10.025072951967918 -32.819897277538395 -22.040700659072442
v -14.654774062856246 -30.685947860524106 -22.999551773563073
v -11.864119050911587 -29.92097217369532 -25.68417931741252
v -17.789926891087365 32.180548180936306 -18.663558018795406
v -14.517193229549791 34.43653723546663 -16.971610442808718
v -12.11527592797082 34.53292635656715 -19.121962860183434
v -17.789926891087365 32.180548180936306 -18.663558018795406
v -12.11527592797082 34.53292635656715 -19.121962860183434
v -14.109117219659776 31.59414024644832 -23.224390761190694
v -14.517193229549791 34.43653723546663 -16.971610442808718
v -17.789926891087365 32.180548180936306 -18.663558018795406
v -19.921781747779136 32.27610734593122 -14.643217249750295
v -14.517193229549791 34.43653723546663 -16.971610442808718
v -19.921781747779136 32.27610734593122 -14.643217249750295
v -16.10009793061492 34.50800275436203 -12.808301497624594
v -18.46965285983648 27.967589852697675 -24.33206388103697
v -21.235479820995774 28.293081657227855 -21.26358258448673
v -17.789926891087365 32.180548180936306 -18.663558018795406
v -18.46965285983648 27.967589852697675 -24.33206388103697
v -17.789926891087365 32.180548180936306 -18.663558018795406
v -14.109117219659776 31.59414024644832 -23.224390761190694
v -17.789926891087365 32.180548180936306 -18.663558018795406
v -21.235479820995774 28.293081657227855 -21.26358258448673
v -23.893957425303054 28.25767086005533 -17.29978800715182
v -17.789926891087365 32.180548180936306 -18.663558018795406
v -23.893957425303054 28.25767086005533 -17.29978800715182
v -19.921781747779136 32.27610734593122 -14.643217249750295
v -22.11664484345031 22.20776519716899 -26.396504717398866
v -25.066805627119074 22.14595651290273 -23.460336138940704
v -21.235479820995774 28.293081657227855 -21.26358258448673
v -22.11664484345031 22.20776519716899 -26.396504717398866
v -21.235479820995774 28.293081657227855 -21.26358258448673
v -18.46965285983648 27.967589852697675 -24.33206388103697
v -23.893957425303054 28.25767086005533 -17.29978800715182
v -21.235479820995774 28.293081657227855 -21.26358258448673
v -25.066805627119074 22.14595651290273 -23.460336138940704
v -23.893957425303054 28.25767086005533 -17.29978800715182
v -25.066805627119074 22.14595651290273 -23.460336138940704
v -28.424013713364726 21.41254214352408 -18.945607648789846
v -24.118957116319997 14.16181707658741 -29.07117471790007
v -27.595744523248825 13.27187968343176 -25.98007210403527
v -25.066805627119074 22.14595651290273 -23.460336138940704
v -24.118957116319997 14.16181707658741 -29.07117471790007
v -25.066805627119074 22.14595651290273 -23.460336138940704
v -22.11664484345031 22.20776519716899 -26.396504717398866
v -28.424013713364726 21.41254214352408 -18.945607648789846
v -25.066805627119074 22.14595651290273 -23.460336138940704
v -27.595744523248825 13.27187968343176 -25.98007210403527
v -28.424013713364726 21.41254214352408 -18.945607648789846
v -27.595744523248825 13.27187968343176 -25.98007210403527
v -31.23410346812325 11.85209457537858 -21.155395564744186
v -25.102192108778695 6.678063967633697 -30.287661555274408
v -28.77767562200044 5.977774380985771 -26.59962371510588
v -27.595744523248825 13.27187968343176 -25.98007210403527
v -25.102192108778695 6.678063967633697 -30.287661555274408
v -27.595744523248825 13.27187968343176 -25.98007210403527
v -24.118957116319997 14.16181707658741 -29.07117471790007
v -31.23410346812325 11.85209457537858 -21.155395564744186
v -27.595744523248825 13.27187968343176 -25.98007210403527
v -28.77767562200044 5.977774380985771 -26.59962371510588
v -31.23410346812325 11.85209457537858 -21.155395564744186
v -28.77767562200044 5.977774380985771 -26.59962371510588
v -32.13249569980294 5.337223200908708 -21.543501975933815
v -14.654774062856246 -30.685947860524106 -22.999551773563073
v -18.258918899592995 -31.06819475879331 -19.55619627976301
v -20.98941388448694 -27.85318343345387 -21.528440906916565
v -14.654774062856246 -30.685947860524106 -22.999551773563073
v -20.98941388448694 -27.85318343345387 -21.528440906916565
v -17.237418978017324 -26.976407011333315 -25.81205217570503
v -24.025405369123565 -28.125086265599123 -17.16570527142295
v -20.98941388448694 -27.85318343345387 -21.528440906916565
v -18.258918899592995 -31.06819475879331 -19.55619627976301
v -24.025405369123565 -28.125086265599123 -17.16570527142295
v -18.258918899592995 -31.06819475879331 -19.55619627976301
v -20.704380046407977 -31.537531169257104 -15.498026990679412
v -17.237418978017324 -26.976407011333315 -25.81205217570503
v -20.98941388448694 -27.85318343345387 -21.528440906916565
v -23.4986067182928 -23.108055231483867 -23.927481684518945
v -17.237418978017324 -26.976407011333315 -25.81205217570503
v -23.4986067182928 -23.108055231483867 -23.927481684518945
v -19.18655329604094 -22.68456785702613 -28.123496002091777
v -23.4986067182928 -23.108055231483867 -23.927481684518945
v -20.98941388448694 -27.85318343345387 -21.528440906916565
v -24.025405369123565 -28.125086265599123 -17.16570527142295
v -23.4986067182928 -23.108055231483867 -23.927481684518945
v -24.025405369123565 -28.125086265599123 -17.16570527142295
v -27.325953230113697 -22.788595840246277 -18.702239291547333
v -23.4986067182928 -23.108055231483867 -23.927481684518945
v -25.754740095460864 -17.370571508800435 -25.191879079602753
v -21.85178621994205 -16.899972588499054 -29.385619844012947
v -23.4986067182928 -23.108055231483867 -23.927481684518945
v -21.85178621994205 -16.899972588499054 -29.385619844012947
v -19.18655329604094 -22.68456785702613 -28.123496002091777
v -25.754740095460864 -17.370571508800435 -25.191879079602753
v -23.4986067182928 -23.108055231483867 -23.927481684518945
v -27.325953230113697 -22.788595840246277 -18.702239291547333
v -25.754740095460864 -17.370571508800435 -25.191879079602753
v -27.325953230113697 -22.788595840246277 -18.702239291547333
v -29.340257730859044 -17.342562645812013 -20.04846190101908
v -21.85178621994205 -16.899972588499054 -29.385619844012947
v -25.754740095460864 -17.370571508800435 -25.191879079602753
v -26.986608374557555 -13.018505660060548 -25.931602844588138
v -21.85178621994205 -16.899972588499054 -29.385619844012947
v -26.986608374557555 -13.018505660060548 -25.931602844588138
v -22.989587903244583 -12.749677544197445 -30.22716166312035
v -26.986608374557555 -13.018505660060548 -25.931602844588138
v -25.754740095460864 -17.370571508800435 -25.191879079602753
v -29.340257730859044 -17.342562645812013 -20.04846190101908
v -26.986608374557555 -13.018505660060548 -25.931602844588138
v -29.340257730859044 -17.342562645812013 -20.04846190101908
v -30.581254600983456 -13.231806856437968 -20.53571371839594
v -26.986608374557555 -13.018505660060548 -25.931602844588138
v -28.220708104588283 -6.987088041068045 -26.56828423619725
v -24.164906950953906 -6.533189871514037 -30.72912705027085
v -26.986608374557555 -13.018505660060548 -25.931602844588138
v -24.164906950953906 -6.533189871514037 -30.72912705027085
v -22.989587903244583 -12.749677544197445 -30.22716166312035
v -31.657856958287798 -7.45773252922485 -21.145684566089056
v -28.220708104588283 -6.987088041068045 -26.56828423619725
v -26.986608374557555 -13.018505660060548 -25.931602844588138
v -31.657856958287798 -7.45773252922485 -21.145684566089056
v -26.986608374557555 -13.018505660060548 -25.931602844588138
v -30.581254600983456 -13.231806856437968 -20.53571371839594
v -24.73801126742599 -0.7830489264038362 -30.985380102900464
v -28.659844076235956 -1.2286654227709657 -26.935876855220393
v -28.77767562200044 5.977774380985771 -26.59962371510588
v -24.73801126742599 -0.7830489264038362 -30.985380102900464
v -28.77767562200044 5.977774380985771 -26.59962371510588
v -25.102192108778695 6.678063967633697 -30.287661555274408
v -32.13249569980294 5.337223200908708 -21.543501975933815
v -28.77767562200044 5.977774380985771 -26.59962371510588
v -28.659844076235956 -1.2286654227709657 -26.935876855220393
v -32.13249569980294 5.337223200908708 -21.543501975933815
v -28.659844076235956 -1.2286654227709657 -26.935876855220393
v -32.25558131114424 -1.5007510986446628 -21.523916402099996
v -24.164906950953906 -6.533189871514037 -30.72912705027085
v -28.220708104588283 -6.987088041068045 -26.56828423619725
v -28.659844076235956 -1.2286654227709657 -26.935876855220393
v -24.164906950953906 -6.533189871514037 -30.72912705027085
v -28.659844076235956 -1.2286654227709657 -26.935876855220393
v -24.73801126742599 -0.7830489264038362 -30.985380102900464
v -32.25558131114424 -1.5007510986446628 -21.523916402099996
v -28.659844076235956 -1.2286654227709657 -26.935876855220393
v -28.220708104588283 -6.987088041068045 -26.56828423619725
v -32.25558131114424 -1.5007510986446628 -21.523916402099996
v -28.220708104588283 -6.987088041068045 -26.56828423619725
v -31.657856958287798 -7.45773252922485 -21.145684566089056
v -15.092103565879997 -33.43883046849734 -17.227323360296925
v -18.258918899592995 -31.06819475879331 -19.55619627976301
v -14.654774062856246 -30.685947860524106 -22.999551773563073
v -15.092103565879997 -33.43883046849734 -17.227323360296925
v -14.654774062856246 -30.685947860524106 -22.999551773563073
v -11.94550113238866 -33.229694370505456 -20.100152727319404
v -14.709537262428235 -34.83875376029333 -7.732678378479095
v -17.834202257979662 -34.257004824728114 -9.11369227961139
v -15.230823214579255 -34.57674619563646 -13.348309324983013
v -14.709537262428235 -34.83875376029333 -7.732678378479095
v -15.230823214579255 -34.57674619563646 -13.348309324983013
v -11.40408135224697 -35.12513181751742 -11.800057198584069
v -20.704380046407977 -31.537531169257104 -15.498026990679412
v -15.230823214579255 -34.57674619563646 -13.348309324983013
v -17.834202257979662 -34.257004824728114 -9.11369227961139
v -20.704380046407977 -31.537531169257104 -15.498026990679412
v -17.834202257979662 -34.257004824728114 -9.11369227961139
v -22.58994662761613 -31.524522042382323 -11.332660008536793
v -10.107540171266105 -34.48743781759134 -17.605317743822603
v -15.230823214579255 -34.57674619563646 -13.348309324983013
v -15.092103565879997 -33.43883046849734 -17.227323360296925
v -10.107540171266105 -34.48743781759134 -17.605317743822603
v -15.092103565879997 -33.43883046849734 -17.227323360296925
v -11.94550113238866 -33.229694370505456 -20.100152727319404
v -20.704380046407977 -31.537531169257104 -15.498026990679412
v -18.258918899592995 -31.06819475879331 -19.55619627976301
v -15.092103565879997 -33.43883046849734 -17.227323360296925
v -20.704380046407977 -31.537531169257104 -15.498026990679412
v -15.092103565879997 -33.43883046849734 -17.227323360296925
v -15.230823214579255 -34.57674619563646 -13.348309324983013
v -10.107540171266105 -34.48743781759134 -17.605317743822603
v -7.456938546771536 -35.149897717528965 -14.468193700609909
v -11.40408135224697 -35.12513181751742 -11.800057198584069
v -10.107540171266105 -34.48743781759134 -17.605317743822603
v -11.40408135224697 -35.12513181751742 -11.800057198584069
v -15.230823214579255 -34.57674619563646 -13.348309324983013
v -7.297576960523193 32.98733621010081 -1.9461638706099187
v -2.656989407177474 33.72312892665031 -6.48207537427129
v -9.548313752977478 35.77509262457222 -9.639881938368072
v -7.297576960523193 32.98733621010081 -1.9461638706099187
v -9.548313752977478 35.77509262457222 -9.639881938368072
v -12.474092006141158 35.037564033495705 -5.288458724667514
v -16.10009793061492 34.50800275436203 -12.808301497624594
v -18.31415002786004 33.953282012150254 -8.481630924520976
v -12.474092006141158 35.037564033495705 -5.288458724667514
v -16.10009793061492 34.50800275436203 -12.808301497624594
v -12.474092006141158 35.037564033495705 -5.288458724667514
v -9.548313752977478 35.77509262457222 -9.639881938368072
v -9.548313752977478 35.77509262457222 -9.639881938368072
v -2.656989407177474 33.72312892665031 -6.48207537427129
v -1.7689787588463302 36.093908506339076 -12.430103099993175
v -9.548313752977478 35.77509262457222 -9.639881938368072
v -1.7689787588463302 36.093908506339076 -12.430103099993175
v -4.641478020421846 36.18226060229992 -14.182953584398295
v -9.465892593432754 34.20103568920631 -20.802813740723977
v -5.539507837299628 35.33437448521273 -19.57099859702658
v -5.487068333518718 33.24950037768213 -24.377551039346965
v -9.465892593432754 34.20103568920631 -20.802813740723977
v -5.487068333518718 33.24950037768213 -24.377551039346965
v -9.831815672846608 32.18088206726358 -24.142912689688572
v -1.5752867580712773 33.88279318229883 -24.2966070659268
v -5.487068333518718 33.24950037768213 -24.377551039346965
v -5.539507837299628 35.33437448521273 -19.57099859702658
v -1.5752867580712773 33.88279318229883 -24.2966070659268
v -5.539507837299628 35.33437448521273 -19.57099859702658
v -2.0263354108118987 35.79757010766028 -18.857779994708622
v -5.487068333518718 33.24950037768213 -24.377551039346965
v -4.739892539450263 29.53043278907569 -29.459554912826924
v -9.092960672539173 28.622870995502677 -29.209749348998933
v -5.487068333518718 33.24950037768213 -24.377551039346965
v -9.092960672539173 28.622870995502677 -29.209749348998933
v -9.831815672846608 32.18088206726358 -24.142912689688572
v -4.739892539450263 29.53043278907569 -29.459554912826924
v -5.487068333518718 33.24950037768213 -24.377551039346965
v -1.5752867580712773 33.88279318229883 -24.2966070659268
v -4.739892539450263 29.53043278907569 -29.459554912826924
v -1.5752867580712773 33.88279318229883 -24.2966070659268
v -0.8375661734644465 30.09396242673341 -29.312441193528823
v -8.065724126932178 35.84211535460488 -16.389934168416282
v -5.539507837299628 35.33437448521273 -19.57099859702658
v -9.465892593432754 34.20103568920631 -20.802813740723977
v -8.065724126932178 35.84211535460488 -16.389934168416282
v -9.465892593432754 34.20103568920631 -20.802813740723977
v -12.11527592797082 34.53292635656715 -19.121962860183434
v -5.539507837299628 35.33437448521273 -19.57099859702658
v -8.065724126932178 35.84211535460488 -16.389934168416282
v -4.641478020421846 36.18226060229992 -14.182953584398295
v -5.539507837299628 35.33437448521273 -19.57099859702658
v -4.641478020421846 36.18226060229992 -14.182953584398295
v -2.0263354108118987 35.79757010766028 -18.857779994708622
v -10.384377067466891 35.92706545018891 -14.40596551299716
v -8.065724126932178 35.84211535460488 -16.389934168416282
v -12.11527592797082 34.53292635656715 -19.121962860183434
v -10.384377067466891 35.92706545018891 -14.40596551299716
v -12.11527592797082 34.53292635656715 -19.121962860183434
v -14.517193229549791 34.43653723546663 -16.971610442808718
v -4.641478020421846 36.18226060229992 -14.182953584398295
v -8.065724126932178 35.84211535460488 -16.389934168416282
v -10.384377067466891 35.92706545018891 -14.40596551299716
v -4.641478020421846 36.18226060229992 -14.182953584398295
v -10.384377067466891 35.92706545018891 -14.40596551299716
v -9.548313752977478 35.77509262457222 -9.639881938368072
v -10.384377067466891 35.92706545018891 -14.40596551299716
v -14.517193229549791 34.43653723546663 -16.971610442808718
v -16.10009793061492 34.50800275436203 -12.808301497624594
v -10.384377067466891 35.92706545018891 -14.40596551299716
v -16.10009793061492 34.50800275436203 -12.808301497624594
v -9.548313752977478 35.77509262457222 -9.639881938368072
v 8.755393591500486 30.82609210995827 -26.86554959098254
v 10.350096816382656 26.933908107319848 -30.28054605197292
v 5.469762299317158 26.967847624251977 -31.612447561236895
v 8.755393591500486 30.82609210995827 -26.86554959098254
v 5.469762299317158 26.967847624251977 -31.612447561236895
v 4.6441840155644405 30.96344038125473 -28.13992929604094
v 6.0931654470011605 22.86326534211532 -34.251515522934106
v 5.469762299317158 26.967847624251977 -31.612447561236895
v 10.350096816382656 26.933908107319848 -30.28054605197292
v 6.0931654470011605 22.86326534211532 -34.251515522934106
v 10.350096816382656 26.933908107319848 -30.28054605197292
v 11.24385702285573 22.20407589332007 -33.24975689321547
v 27.268659118468822 22.55870914652427 -17.26321574001253
v 23.37821379057527 23.874229639763886 -22.401273449636456
v 20.966112618463658 28.545420660506142 -18.910833828072608
v 27.268659118468822 22.55870914652427 -17.26321574001253
v 20.966112618463658 28.545420660506142 -18.910833828072608
v 24.884496794737437 27.315911973312158 -14.143380632395573
v 25.869443082625825 17.601339086285574 -24.66666483274381
v 23.37821379057527 23.874229639763886 -22.401273449636456
v 27.268659118468822 22.55870914652427 -17.26321574001253
v 25.869443082625825 17.601339086285574 -24.66666483274381
v 27.268659118468822 22.55870914652427 -17.26321574001253
v 29.42581248562019 16.056648701085745 -19.93996114319024
v 28.05736323145873 25.40150693578584 -9.22719325707518
v 30.86509808732785 20.882812494650775 -11.329558071762113
v 27.268659118468822 22.55870914652427 -17.26321574001253
v 28.05736323145873 25.40150693578584 -9.22719325707518
v 27.268659118468822 22.55870914652427 -17.26321574001253
v 24.884496794737437 27.315911973312158 -14.143380632395573
v 27.268659118468822 22.55870914652427 -17.26321574001253
v 30.86509808732785 20.882812494650775 -11.329558071762113
v 32.70565462143177 15.86940922189654 -13.028666417462592
v 27.268659118468822 22.55870914652427 -17.26321574001253
v 32.70565462143177 15.86940922189654 -13.028666417462592
v 29.42581248562019 16.056648701085745 -19.93996114319024
v 31.00968296748203 23.562781562642297 -4.958688536532362
v 32.86172571034527 20.334711986631735 -6.039333150204843
v 30.86509808732785 20.882812494650775 -11.329558071762113
v 31.00968296748203 23.562781562642297 -4.958688536532362
v 30.86509808732785 20.882812494650775 -11.329558071762113
v 28.05736323145873 25.40150693578584 -9.22719325707518
v 30.86509808732785 20.882812494650775 -11.329558071762113
v 32.86172571034527 20.334711986631735 -6.039333150204843
v 34.891926092666154 15.336592474188311 -6.787735048566514
v 30.86509808732785 20.882812494650775 -11.329558071762113
v 34.891926092666154 15.336592474188311 -6.787735048566514
v 32.70565462143177 15.86940922189654 -13.028666417462592
v 34.15495754765565 19.896953520688033 -0.9532217199154511
v 32.86172571034527 20.334711986631735 -6.039333150204843
v 31.00968296748203 23.562781562642297 -4.958688536532362
v 34.15495754765565 19.896953520688033 -0.9532217199154511
v 31.00968296748203 23.562781562642297 -4.958688536532362
v 32.614018562283384 22.644455741566397 3.025346805514479
v 34.891926092666154 15.336592474188311 -6.787735048566514
v 32.86172571034527 20.334711986631735 -6.039333150204843
v 34.15495754765565 19.896953520688033 -0.9532217199154511
v 34.891926092666154 15.336592474188311 -6.787735048566514
v 34.15495754765565 19.896953520688033 -0.9532217199154511
v 36.26160447841574 15.132976499951567 -0.7010233460031319
v 5.469762299317158 26.967847624251977 -31.612447561236895
v -0.3128911518642956 26.528017188144485 -32.483525963536934
v -0.8375661734644465 30.09396242673341 -29.312441193528823
v 5.469762299317158 26.967847624251977 -31.612447561236895
v -0.8375661734644465 30.09396242673341 -29.312441193528823
v 4.6441840155644405 30.96344038125473 -28.13992929604094
v -0.3128911518642956 26.528017188144485 -32.483525963536934
v 5.469762299317158 26.967847624251977 -31.612447561236895
v 6.0931654470011605 22.86326534211532 -34.251515522934106
v -0.3128911518642956 26.528017188144485 -32.483525963536934
v 6.0931654470011605 22.86326534211532 -34.251515522934106
v -0.5978149929670082 23.014734081375092 -34.830746785666015
v 23.37821379057527 23.874229639763886 -22.401273449636456
v 19.21192770023018 24.937442492191284 -26.463071549162272
v 17.758288203105643 29.369862117304653 -22.38792274805065
v 23.37821379057527 23.874229639763886 -22.401273449636456
v 17.758288203105643 29.369862117304653 -22.38792274805065
v 20.966112618463658 28.545420660506142 -18.910833828072608
v 20.94280779426423 18.934662966906625 -29.285702481958648
v 19.21192770023018 24.937442492191284 -26.463071549162272
v 23.37821379057527 23.874229639763886 -22.401273449636456
v 20.94280779426423 18.934662966906625 -29.285702481958648
v 23.37821379057527 23.874229639763886 -22.401273449636456
v 25.869443082625825 17.601339086285574 -24.66666483274381
v 13.547358706002626 30.34483179690053 -24.947165039982508
v 15.090758007205833 25.72439715949237 -29.154218413368536
v 10.350096816382656 26.933908107319848 -30.28054605197292
v 13.547358706002626 30.34483179690053 -24.947165039982508
v 10.350096816382656 26.933908107319848 -30.28054605197292
v 8.755393591500486 30.82609210995827 -26.86554959098254
v 11.24385702285573 22.20407589332007 -33.24975689321547
v 10.350096816382656 26.933908107319848 -30.28054605197292
v 15.090758007205833 25.72439715949237 -29.154218413368536
v 11.24385702285573 22.20407589332007 -33.24975689321547
v 15.090758007205833 25.72439715949237 -29.154218413368536
v 16.273710359676283 20.606652226181154 -31.91172495558751
v 19.21192770023018 24.937442492191284 -26.463071549162272
v 15.090758007205833 25.72439715949237 -29.154218413368536
v 13.547358706002626 30.34483179690053 -24.947165039982508
v 19.21192770023018 24.937442492191284 -26.463071549162272
v 13.547358706002626 30.34483179690053 -24.947165039982508
v 17.758288203105643 29.369862117304653 -22.38792274805065
v 16.273710359676283 20.606652226181154 -31.91172495558751
v 15.090758007205833 25.72439715949237 -29.154218413368536
v 19.21192770023018 24.937442492191284 -26.463071549162272
v 16.273710359676283 20.606652226181154 -31.91172495558751
v 19.21192770023018 24.937442492191284 -26.463071549162272
v 20.94280779426423 18.934662966906625 -29.285702481958648
v -0.8375661734644465 30.09396242673341 -29.312441193528823
v -0.3128911518642956 26.528017188144485 -32.483525963536934
v -4.27593975698469 27.197378780006847 -31.725149004234375
v -0.8375661734644465 30.09396242673341 -29.312441193528823
v -4.27593975698469 27.197378780006847 -31.725149004234375
v -4.739892539450263 29.53043278907569 -29.459554912826924
v 34.15495754765565 19.896953520688033 -0.9532217199154511
v 32.614018562283384 22.644455741566397 3.025346805514479
v 35.76826119743493 15.573569616769909 5.593531089734175
v 34.15495754765565 19.896953520688033 -0.9532217199154511
v 35.76826119743493 15.573569616769909 5.593531089734175
v 36.26160447841574 15.132976499951567 -0.7010233460031319
v -4.27593975698469 27.197378780006847 -31.725149004234375
v -0.3128911518642956 26.528017188144485 -32.483525963536934
v -0.5978149929670082 23.014734081375092 -34.830746785666015
v -4.27593975698469 27.197378780006847 -31.725149004234375
v -0.5978149929670082 23.014734081375092 -34.830746785666015
v -6.2775193023653 22.647821823667115 -34.460980513673036
v -6.2775193023653 22.647821823667115 -34.460980513673036
v -5.2464187253334025 16.022676357804617 -37.63624196601337
v -11.77274734968287 15.672705474260187 -36.131591854526775
v -6.2775193023653 22.647821823667115 -34.460980513673036
v -11.77274734968287 15.672705474260187 -36.131591854526775
v -11.726693856633476 22.117968776236218 -33.086079671672266
v -5.2464187253334025 16.022676357804617 -37.63624196601337
v -6.2775193023653 22.647821823667115 -34.460980513673036
v -0.5978149929670082 23.014734081375092 -34.830746785666015
v -5.2464187253334025 16.022676357804617 -37.63624196601337
v -0.5978149929670082 23.014734081375092 -34.830746785666015
v 0.5504044237594783 16.52986079019774 -37.763313410423926
v -4.27593975698469 27.197378780006847 -31.725149004234375
v -6.2775193023653 22.647821823667115 -34.460980513673036
v -9.092960672539173 28.622870995502677 -29.209749348998933
v -4.27593975698469 27.197378780006847 -31.725149004234375
v -9.092960672539173 28.622870995502677 -29.209749348998933
v -4.739892539450263 29.53043278907569 -29.459554912826924
v -9.092960672539173 28.622870995502677 -29.209749348998933
v -6.2775193023653 22.647821823667115 -34.460980513673036
v -11.726693856633476 22.117968776236218 -33.086079671672266
v -9.092960672539173 28.622870995502677 -29.209749348998933
v -11.726693856633476 22.117968776236218 -33.086079671672266
v -11.968078808942685 27.735111200370767 -28.78826334326844
v 18.26213167134353 -33.849487002548095 13.13445296124244
v 21.529801380069564 -30.93621026601706 15.35101285771781
v 17.62571074720301 -31.151045184425488 19.55944494010522
v 18.26213167134353 -33.849487002548095 13.13445296124244
v 17.62571074720301 -31.151045184425488 19.55944494010522
v 15.193528370284973 -33.79802576794591 16.595643059550625
v 21.793785891001352 -32.66542100350718 11.043176704910692
v 24.45789804583652 -29.849815941815706 12.164367313012734
v 21.529801380069564 -30.93621026601706 15.35101285771781
v 21.793785891001352 -32.66542100350718 11.043176704910692
v 21.529801380069564 -30.93621026601706 15.35101285771781
v 18.26213167134353 -33.849487002548095 13.13445296124244
v 23.005448037894517 -33.381944830613875 3.504772594488753
v 27.606827442288136 -29.665987698425347 3.6036013612433346
v 26.365757747232845 -29.509439111971535 8.223197663410948
v 23.005448037894517 -33.381944830613875 3.504772594488753
v 26.365757747232845 -29.509439111971535 8.223197663410948
v 21.961918601181935 -33.3550808990323 7.168825428721083
v 21.793785891001352 -32.66542100350718 11.043176704910692
v 21.961918601181935 -33.3550808990323 7.168825428721083
v 26.365757747232845 -29.509439111971535 8.223197663410948
v 21.793785891001352 -32.66542100350718 11.043176704910692
v 26.365757747232845 -29.509439111971535 8.223197663410948
v 24.45789804583652 -29.849815941815706 12.164367313012734
v 21.793785891001352 -32.66542100350718 11.043176704910692
v 18.26213167134353 -33.849487002548095 13.13445296124244
v 16.998627614575792 -35.16428422516724 8.547398088606394
v 21.793785891001352 -32.66542100350718 11.043176704910692
v 16.998627614575792 -35.16428422516724 8.547398088606394
v 21.961918601181935 -33.3550808990323 7.168825428721083
v -0.8598111639031886 23.933883633461587 3.584547853667648
v 0.8066647273932451 21.13923057195262 3.2264149253723744
v -1.0652230680316281 23.85175853286397 1.556683001098784
v -0.8598111639031886 23.933883633461587 3.584547853667648
v -1.0652230680316281 23.85175853286397 1.556683001098784
v -1.3096302152806603 24.000358391131655 2.6283615829093563
v -1.0652230680316281 23.85175853286397 1.556683001098784
v 0.8066647273932451 21.13923057195262 3.2264149253723744
v -0.6218640370984991 25.71764923640809 3.0518356495098193
v -1.0652230680316281 23.85175853286397 1.556683001098784
v -0.6218640370984991 25.71764923640809 3.0518356495098193
v -0.7640731874610984 24.49304534527572 1.6095083640252938
v 0.8066647273932451 21.13923057195262 3.2264149253723744
v 2.413202362774033 20.297927528201416 2.9286292896294777
v 0.5623700092343659 25.547196917589307 2.542979393289679
v 0.8066647273932451 21.13923057195262 3.2264149253723744
v 0.5623700092343659 25.547196917589307 2.542979393289679
v -0.6218640370984991 25.71764923640809 3.0518356495098193
v 0.5623700092343659 25.547196917589307 2.542979393289679
v 2.413202362774033 20.297927528201416 2.9286292896294777
v 3.566393070709452 22.289244830607203 1.559690146053011
v 0.5623700092343659 25.547196917589307 2.542979393289679
v 3.566393070709452 22.289244830607203 1.559690146053011
v 0.962464978862677 25.67365960007518 1.4848305515857656
v 0.962464978862677 25.67365960007518 1.4848305515857656
v 3.566393070709452 22.289244830607203 1.559690146053011
v 1.6964218724607876 21.70665267878369 -0.041489797463649565
v 0.962464978862677 25.67365960007518 1.4848305515857656
v 1.6964218724607876 21.70665267878369 -0.041489797463649565
v 0.6417224078669443 25.835675329294187 0.4583203263059845
v 0.14858769294625113 22.975058703957888 0.05202971656632093
v -3.6266823576253464 30.1797915120248 -0.787489292938839
v -3.8052547394545564 27.70713189852978 0.9429244169450551
v 0.14858769294625113 22.975058703957888 0.05202971656632093
v -3.8052547394545564 27.70713189852978 0.9429244169450551
v -1.0652230680316281 23.85175853286397 1.556683001098784
v -0.9334762752904845 29.681427382809307 -2.838379124652369
v -3.6266823576253464 30.1797915120248 -0.787489292938839
v 0.14858769294625113 22.975058703957888 0.05202971656632093
v -0.9334762752904845 29.681427382809307 -2.838379124652369
v 0.14858769294625113 22.975058703957888 0.05202971656632093
v 1.6964218724607876 21.70665267878369 -0.041489797463649565
v 0.6417224078669443 25.835675329294187 0.4583203263059845
v 1.6964218724607876 21.70665267878369 -0.041489797463649565
v 0.14858769294625113 22.975058703957888 0.05202971656632093
v 0.6417224078669443 25.835675329294187 0.4583203263059845
v 0.14858769294625113 22.975058703957888 0.05202971656632093
v -0.15679430783196424 25.6065893946872 0.014491312676499364
v -0.7640731874610984 24.49304534527572 1.6095083640252938
v -0.15679430783196424 25.6065893946872 0.014491312676499364
v 0.14858769294625113 22.975058703957888 0.05202971656632093
v -0.7640731874610984 24.49304534527572 1.6095083640252938
v 0.14858769294625113 22.975058703957888 0.05202971656632093
v -1.0652230680316281 23.85175853286397 1.556683001098784
v -2.1601957542791967 27.58196022633959 1.5775784571446752
v -0.7640731874610984 24.49304534527572 1.6095083640252938
v -0.6218640370984991 25.71764923640809 3.0518356495098193
v -2.1601957542791967 27.58196022633959 1.5775784571446752
v -0.6218640370984991 25.71764923640809 3.0518356495098193
v -1.7872770849369404 28.60076487849817 2.413121447329998
v -0.15679430783196424 25.6065893946872 0.014491312676499364
v -0.7640731874610984 24.49304534527572 1.6095083640252938
v -2.1601957542791967 27.58196022633959 1.5775784571446752
v -0.15679430783196424 25.6065893946872 0.014491312676499364
v -2.1601957542791967 27.58196022633959 1.5775784571446752
v -1.7543352726940413 28.557992045293386 -0.24297229183962166
v -0.4269446584786834 28.95043277501826 0.06914951288255099
v 0.6417224078669443 25.835675329294187 0.4583203263059845
v -0.15679430783196424 25.6065893946872 0.014491312676499364
v -0.4269446584786834 28.95043277501826 0.06914951288255099
v -0.15679430783196424 25.6065893946872 0.014491312676499364
v -1.7543352726940413 28.557992045293386 -0.24297229183962166
v -0.1872495748133615 29.269572449925278 1.184420284871837
v 0.962464978862677 25.67365960007518 1.4848305515857656
v 0.6417224078669443 25.835675329294187 0.4583203263059845
v -0.1872495748133615 29.269572449925278 1.184420284871837
v 0.6417224078669443 25.835675329294187 0.4583203263059845
v -0.4269446584786834 28.95043277501826 0.06914951288255099
v -0.5969165789245272 29.074199129625054 2.0342275444549878
v 0.5623700092343659 25.547196917589307 2.542979393289679
v 0.962464978862677 25.67365960007518 1.4848305515857656
v -0.5969165789245272 29.074199129625054 2.0342275444549878
v 0.962464978862677 25.67365960007518 1.4848305515857656
v -0.1872495748133615 29.269572449925278 1.184420284871837
v -0.6218640370984991 25.71764923640809 3.0518356495098193
v 0.5623700092343659 25.547196917589307 2.542979393289679
v -0.5969165789245272 29.074199129625054 2.0342275444549878
v -0.6218640370984991 25.71764923640809 3.0518356495098193
v -0.5969165789245272 29.074199129625054 2.0342275444549878
v -1.7872770849369404 28.60076487849817 2.413121447329998
v -2.8975478767575122 35.30417734194386 0.3727840076181138
v -0.5969165789245272 29.074199129625054 2.0342275444549878
v -0.1872495748133615 29.269572449925278 1.184420284871837
v -2.8975478767575122 35.30417734194386 0.3727840076181138
v -0.1872495748133615 29.269572449925278 1.184420284871837
v -2.548482105515022 35.47002491223415 -0.4744719308703521
v -4.039922832226046 34.831742526143586 0.6968117175117924
v -1.7872770849369404 28.60076487849817 2.413121447329998
v -0.5969165789245272 29.074199129625054 2.0342275444549878
v -4.039922832226046 34.831742526143586 0.6968117175117924
v -0.5969165789245272 29.074199129625054 2.0342275444549878
v -2.8975478767575122 35.30417734194386 0.3727840076181138
v -4.661342309920764 33.79704398828057 0.00023278167411171143
v -2.1601957542791967 27.58196022633959 1.5775784571446752
v -1.7872770849369404 28.60076487849817 2.413121447329998
v -4.661342309920764 33.79704398828057 0.00023278167411171143
v -1.7872770849369404 28.60076487849817 2.413121447329998
v -4.039922832226046 34.831742526143586 0.6968117175117924
v -2.7330304952003153 35.191742553743694 -1.5524051680469897
v -0.4269446584786834 28.95043277501826 0.06914951288255099
v -1.7543352726940413 28.557992045293386 -0.24297229183962166
v -2.7330304952003153 35.191742553743694 -1.5524051680469897
v -1.7543352726940413 28.557992045293386 -0.24297229183962166
v -4.094397191194764 34.72985141935214 -2.0203144260620536
v -2.548482105515022 35.47002491223415 -0.4744719308703521
v -0.1872495748133615 29.269572449925278 1.184420284871837
v -0.4269446584786834 28.95043277501826 0.06914951288255099
v -2.548482105515022 35.47002491223415 -0.4744719308703521
v -0.4269446584786834 28.95043277501826 0.06914951288255099
v -2.7330304952003153 35.191742553743694 -1.5524051680469897
v -4.942009553256454 39.736920018294505 -1.7136666164891032
v -2.8975478767575122 35.30417734194386 0.3727840076181138
v -2.548482105515022 35.47002491223415 -0.4744719308703521
v -4.942009553256454 39.736920018294505 -1.7136666164891032
v -2.548482105515022 35.47002491223415 -0.4744719308703521
v -4.345094845448773 39.51331366830288 -2.679282302753147
v -6.02477796112533 39.25940786599442 -1.23877347547686
v -4.039922832226046 34.831742526143586 0.6968117175117924
v -2.8975478767575122 35.30417734194386 0.3727840076181138
v -6.02477796112533 39.25940786599442 -1.23877347547686
v -2.8975478767575122 35.30417734194386 0.3727840076181138
v -4.942009553256454 39.736920018294505 -1.7136666164891032
v -6.595205421408341 38.326268045937994 -1.735970007429867
v -4.661342309920764 33.79704398828057 0.00023278167411171143
v -4.039922832226046 34.831742526143586 0.6968117175117924
v -6.595205421408341 38.326268045937994 -1.735970007429867
v -4.039922832226046 34.831742526143586 0.6968117175117924
v -6.02477796112533 39.25940786599442 -1.23877347547686
v -2.7330304952003153 35.191742553743694 -1.5524051680469897
v -4.094397191194764 34.72985141935214 -2.0203144260620536
v -4.98927002055989 37.60801345993121 -3.613735502170451
v -2.7330304952003153 35.191742553743694 -1.5524051680469897
v -4.98927002055989 37.60801345993121 -3.613735502170451
v -4.437267519164761 38.85736107098919 -3.5382418600543875
v -4.345094845448773 39.51331366830288 -2.679282302753147
v -2.548482105515022 35.47002491223415 -0.4744719308703521
v -2.7330304952003153 35.191742553743694 -1.5524051680469897
v -4.345094845448773 39.51331366830288 -2.679282302753147
v -2.7330304952003153 35.191742553743694 -1.5524051680469897
v -4.437267519164761 38.85736107098919 -3.5382418600543875
v -4.437267519164761 38.85736107098919 -3.5382418600543875
v -4.98927002055989 37.60801345993121 -3.613735502170451
v -5.625093073320433 39.36418914919849 -5.0982337113028615
v -4.437267519164761 38.85736107098919 -3.5382418600543875
v -5.625093073320433 39.36418914919849 -5.0982337113028615
v -5.041143487852557 40.045429253010596 -4.622958779428622
v -1.7543352726940413 28.557992045293386 -0.24297229183962166
v -2.1601957542791967 27.58196022633959 1.5775784571446752
v -4.661342309920764 33.79704398828057 0.00023278167411171143
v -1.7543352726940413 28.557992045293386 -0.24297229183962166
v -4.661342309920764 33.79704398828057 0.00023278167411171143
v -4.094397191194764 34.72985141935214 -2.0203144260620536
v -4.094397191194764 34.72985141935214 -2.0203144260620536
v -4.661342309920764 33.79704398828057 0.00023278167411171143
v -6.595205421408341 38.326268045937994 -1.735970007429867
v -4.094397191194764 34.72985141935214 -2.0203144260620536
v -6.595205421408341 38.326268045937994 -1.735970007429867
v -6.226752978489139 37.40158523983273 -2.6646798352278553
v -6.595205421408341 38.326268045937994 -1.735970007429867
v -7.721705798057879 40.07375774107465 -3.0806886524611734
v -7.458569007493439 39.44313849852263 -4.027659474954709
v -6.595205421408341 38.326268045937994 -1.735970007429867
v -7.458569007493439 39.44313849852263 -4.027659474954709
v -6.226752978489139 37.40158523983273 -2.6646798352278553
v -7.458569007493439 39.44313849852263 -4.027659474954709
v -6.628089454159322 39.309295824106044 -4.708736437138512
v -5.920575813893647 37.93088949655926 -3.664521562184952
v -7.458569007493439 39.44313849852263 -4.027659474954709
v -5.920575813893647 37.93088949655926 -3.664521562184952
v -6.226752978489139 37.40158523983273 -2.6646798352278553
v -5.920575813893647 37.93088949655926 -3.664521562184952
v -6.628089454159322 39.309295824106044 -4.708736437138512
v -5.625093073320433 39.36418914919849 -5.0982337113028615
v -5.920575813893647 37.93088949655926 -3.664521562184952
v -5.625093073320433 39.36418914919849 -5.0982337113028615
v -4.98927002055989 37.60801345993121 -3.613735502170451
v -6.226752978489139 37.40158523983273 -2.6646798352278553
v -5.920575813893647 37.93088949655926 -3.664521562184952
v -4.98927002055989 37.60801345993121 -3.613735502170451
v -6.226752978489139 37.40158523983273 -2.6646798352278553
v -4.98927002055989 37.60801345993121 -3.613735502170451
v -4.094397191194764 34.72985141935214 -2.0203144260620536
v -4.437267519164761 38.85736107098919 -3.5382418600543875
v -5.041143487852557 40.045429253010596 -4.622958779428622
v -4.830591698691888 40.787059935893666 -3.7725532151272083
v -4.437267519164761 38.85736107098919 -3.5382418600543875
v -4.830591698691888 40.787059935893666 -3.7725532151272083
v -4.345094845448773 39.51331366830288 -2.679282302753147
v -4.345094845448773 39.51331366830288 -2.679282302753147
v -4.830591698691888 40.787059935893666 -3.7725532151272083
v -5.3414473108350835 41.10309639720124 -2.7711556821551677
v -4.345094845448773 39.51331366830288 -2.679282302753147
v -5.3414473108350835 41.10309639720124 -2.7711556821551677
v -4.942009553256454 39.736920018294505 -1.7136666164891032
v -4.942009553256454 39.736920018294505 -1.7136666164891032
v -5.3414473108350835 41.10309639720124 -2.7711556821551677
v -6.693042167377382 40.82694689742321 -2.167823146171951
v -4.942009553256454 39.736920018294505 -1.7136666164891032
v -6.693042167377382 40.82694689742321 -2.167823146171951
v -6.02477796112533 39.25940786599442 -1.23877347547686
v -6.595205421408341 38.326268045937994 -1.735970007429867
v -6.02477796112533 39.25940786599442 -1.23877347547686
v -6.693042167377382 40.82694689742321 -2.167823146171951
v -6.595205421408341 38.326268045937994 -1.735970007429867
v -6.693042167377382 40.82694689742321 -2.167823146171951
v -7.721705798057879 40.07375774107465 -3.0806886524611734
v -6.628089454159322 39.309295824106044 -4.708736437138512
v -7.458569007493439 39.44313849852263 -4.027659474954709
v -7.931277588945429 40.4528886329535 -5.203816091208993
v -6.628089454159322 39.309295824106044 -4.708736437138512
v -7.931277588945429 40.4528886329535 -5.203816091208993
v -7.0939554157074625 40.4008559644817 -5.826788074460703
v -6.2037272305255335 40.11077095476785 -6.334389279249695
v -5.625093073320433 39.36418914919849 -5.0982337113028615
v -6.628089454159322 39.309295824106044 -4.708736437138512
v -6.2037272305255335 40.11077095476785 -6.334389279249695
v -6.628089454159322 39.309295824106044 -4.708736437138512
v -7.0939554157074625 40.4008559644817 -5.826788074460703
v -5.484858941830233 41.05207803288404 -5.815149520999126
v -5.041143487852557 40.045429253010596 -4.622958779428622
v -5.625093073320433 39.36418914919849 -5.0982337113028615
v -5.484858941830233 41.05207803288404 -5.815149520999126
v -5.625093073320433 39.36418914919849 -5.0982337113028615
v -6.2037272305255335 40.11077095476785 -6.334389279249695
v -5.177378081547875 41.84430685443369 -4.9433401747083785
v -4.830591698691888 40.787059935893666 -3.7725532151272083
v -5.041143487852557 40.045429253010596 -4.622958779428622
v -5.177378081547875 41.84430685443369 -4.9433401747083785
v -5.041143487852557 40.045429253010596 -4.622958779428622
v -5.484858941830233 41.05207803288404 -5.815149520999126
v -5.698076559384254 42.23186508717802 -3.872958145192755
v -5.3414473108350835 41.10309639720124 -2.7711556821551677
v -4.830591698691888 40.787059935893666 -3.7725532151272083
v -5.698076559384254 42.23186508717802 -3.872958145192755
v -4.830591698691888 40.787059935893666 -3.7725532151272083
v -5.177378081547875 41.84430685443369 -4.9433401747083785
v -7.2637517288897335 42.02539110221564 -3.0086578960277683
v -6.693042167377382 40.82694689742321 -2.167823146171951
v -5.3414473108350835 41.10309639720124 -2.7711556821551677
v -7.2637517288897335 42.02539110221564 -3.0086578960277683
v -5.3414473108350835 41.10309639720124 -2.7711556821551677
v -5.698076559384254 42.23186508717802 -3.872958145192755
v -7.721705798057879 40.07375774107465 -3.0806886524611734
v -6.693042167377382 40.82694689742321 -2.167823146171951
v -7.2637517288897335 42.02539110221564 -3.0086578960277683
v -7.721705798057879 40.07375774107465 -3.0806886524611734
v -7.2637517288897335 42.02539110221564 -3.0086578960277683
v -8.488498907176346 41.096680132148165 -3.8538907058781455
v -7.458569007493439 39.44313849852263 -4.027659474954709
v -7.721705798057879 40.07375774107465 -3.0806886524611734
v -8.488498907176346 41.096680132148165 -3.8538907058781455
v -7.458569007493439 39.44313849852263 -4.027659474954709
v -8.488498907176346 41.096680132148165 -3.8538907058781455
v -7.931277588945429 40.4528886329535 -5.203816091208993
v -4.989152450976508 40.669578122158484 -6.73054946650285
v -5.57472375044145 40.09205203124969 -7.072433990242001
v -4.542153015379402 39.71252377327541 -7.738261667618395
v -4.989152450976508 40.669578122158484 -6.73054946650285
v -4.542153015379402 39.71252377327541 -7.738261667618395
v -4.12621985651685 40.34353192478555 -7.436129156235141
v -6.2037272305255335 40.11077095476785 -6.334389279249695
v -5.57472375044145 40.09205203124969 -7.072433990242001
v -4.989152450976508 40.669578122158484 -6.73054946650285
v -6.2037272305255335 40.11077095476785 -6.334389279249695
v -4.989152450976508 40.669578122158484 -6.73054946650285
v -5.484858941830233 41.05207803288404 -5.815149520999126
v -4.989152450976508 40.669578122158484 -6.73054946650285
v -4.12621985651685 40.34353192478555 -7.436129156235141
v -4.375324279779579 41.024146340421545 -7.703763630305657
v -4.989152450976508 40.669578122158484 -6.73054946650285
v -4.375324279779579 41.024146340421545 -7.703763630305657
v -4.822032412565812 41.47020289077005 -6.911926978754277
v -5.484858941830233 41.05207803288404 -5.815149520999126
v -4.989152450976508 40.669578122158484 -6.73054946650285
v -4.822032412565812 41.47020289077005 -6.911926978754277
v -5.484858941830233 41.05207803288404 -5.815149520999126
v -4.822032412565812 41.47020289077005 -6.911926978754277
v -5.356623998974029 42.06272465890456 -6.546079483301795
v -5.3626316174524185 42.66287204181838 -5.7788009189350795
v -5.177378081547875 41.84430685443369 -4.9433401747083785
v -5.484858941830233 41.05207803288404 -5.815149520999126
v -5.3626316174524185 42.66287204181838 -5.7788009189350795
v -5.484858941830233 41.05207803288404 -5.815149520999126
v -5.356623998974029 42.06272465890456 -6.546079483301795
v -5.949611407529694 43.0720062038865 -4.725511119669123
v -5.698076559384254 42.23186508717802 -3.872958145192755
v -5.177378081547875 41.84430685443369 -4.9433401747083785
v -5.949611407529694 43.0720062038865 -4.725511119669123
v -5.177378081547875 41.84430685443369 -4.9433401747083785
v -5.3626316174524185 42.66287204181838 -5.7788009189350795
v -7.435858376271035 42.98275787497313 -3.762438363847926
v -7.2637517288897335 42.02539110221564 -3.0086578960277683
v -5.698076559384254 42.23186508717802 -3.872958145192755
v -7.435858376271035 42.98275787497313 -3.762438363847926
v -5.698076559384254 42.23186508717802 -3.872958145192755
v -5.949611407529694 43.0720062038865 -4.725511119669123
v -8.55833823222873 42.786236117697264 -4.270779155615011
v -8.488498907176346 41.096680132148165 -3.8538907058781455
v -7.2637517288897335 42.02539110221564 -3.0086578960277683
v -8.55833823222873 42.786236117697264 -4.270779155615011
v -7.2637517288897335 42.02539110221564 -3.0086578960277683
v -7.435858376271035 42.98275787497313 -3.762438363847926
v -9.730946596978985 41.99154313626066 -4.852520361936622
v -8.488498907176346 41.096680132148165 -3.8538907058781455
v -8.55833823222873 42.786236117697264 -4.270779155615011
v -9.730946596978985 41.99154313626066 -4.852520361936622
v -8.55833823222873 42.786236117697264 -4.270779155615011
v -9.751590684297307 43.12620948275515 -5.145117798227689
v -9.808224746031579 41.795532415416424 -5.566022718252686
v -7.931277588945429 40.4528886329535 -5.203816091208993
v -8.488498907176346 41.096680132148165 -3.8538907058781455
v -9.808224746031579 41.795532415416424 -5.566022718252686
v -8.488498907176346 41.096680132148165 -3.8538907058781455
v -9.730946596978985 41.99154313626066 -4.852520361936622
v -8.49646375845182 43.79700484959434 -4.8549415066857495
v -7.568953548980725 43.927749691423394 -4.887938177633559
v -7.907979558322322 43.261142581534244 -6.166282198671064
v -8.49646375845182 43.79700484959434 -4.8549415066857495
v -7.907979558322322 43.261142581534244 -6.166282198671064
v -8.846246698549937 43.56459804082568 -5.994357177426115
v -7.568953548980725 43.927749691423394 -4.887938177633559
v -8.49646375845182 43.79700484959434 -4.8549415066857495
v -8.55833823222873 42.786236117697264 -4.270779155615011
v -7.568953548980725 43.927749691423394 -4.887938177633559
v -8.55833823222873 42.786236117697264 -4.270779155615011
v -7.435858376271035 42.98275787497313 -3.762438363847926
v -8.49646375845182 43.79700484959434 -4.8549415066857495
v -8.846246698549937 43.56459804082568 -5.994357177426115
v -9.751590684297307 43.12620948275515 -5.145117798227689
v -8.49646375845182 43.79700484959434 -4.8549415066857495
v -9.751590684297307 43.12620948275515 -5.145117798227689
v -8.55833823222873 42.786236117697264 -4.270779155615011
v -6.93695744699571 43.81867572802599 -6.233808611753885
v -7.907979558322322 43.261142581534244 -6.166282198671064
v -7.568953548980725 43.927749691423394 -4.887938177633559
v -6.93695744699571 43.81867572802599 -6.233808611753885
v -7.568953548980725 43.927749691423394 -4.887938177633559
v -6.41989099552045 43.91181928657742 -5.524750840616188
v -5.949611407529694 43.0720062038865 -4.725511119669123
v -6.41989099552045 43.91181928657742 -5.524750840616188
v -7.568953548980725 43.927749691423394 -4.887938177633559
v -5.949611407529694 43.0720062038865 -4.725511119669123
v -7.568953548980725 43.927749691423394 -4.887938177633559
v -7.435858376271035 42.98275787497313 -3.762438363847926
v -6.93695744699571 43.81867572802599 -6.233808611753885
v -6.41989099552045 43.91181928657742 -5.524750840616188
v -5.769645869750115 43.69010882628993 -6.540213174598707
v -6.93695744699571 43.81867572802599 -6.233808611753885
v -5.769645869750115 43.69010882628993 -6.540213174598707
v -6.592239012282523 43.84204819587997 -6.980082583796133
v -5.3626316174524185 42.66287204181838 -5.7788009189350795
v -5.769645869750115 43.69010882628993 -6.540213174598707
v -6.41989099552045 43.91181928657742 -5.524750840616188
v -5.3626316174524185 42.66287204181838 -5.7788009189350795
v -6.41989099552045 43.91181928657742 -5.524750840616188
v -5.949611407529694 43.0720062038865 -4.725511119669123
v -5.427410389622233 42.98515261747736 -7.2715930406568665
v -5.769645869750115 43.69010882628993 -6.540213174598707
v -5.3626316174524185 42.66287204181838 -5.7788009189350795
v -5.427410389622233 42.98515261747736 -7.2715930406568665
v -5.3626316174524185 42.66287204181838 -5.7788009189350795
v -5.356623998974029 42.06272465890456 -6.546079483301795
v -5.014572517406569 42.050609006466416 -7.258223355308575
v -5.427410389622233 42.98515261747736 -7.2715930406568665
v -5.356623998974029 42.06272465890456 -6.546079483301795
v -5.014572517406569 42.050609006466416 -7.258223355308575
v -5.356623998974029 42.06272465890456 -6.546079483301795
v -4.822032412565812 41.47020289077005 -6.911926978754277
v -4.837764199453809 41.73968051206015 -7.9724929271457095
v -5.014572517406569 42.050609006466416 -7.258223355308575
v -4.822032412565812 41.47020289077005 -6.911926978754277
v -4.837764199453809 41.73968051206015 -7.9724929271457095
v -4.822032412565812 41.47020289077005 -6.911926978754277
v -4.375324279779579 41.024146340421545 -7.703763630305657
v -5.271925447161242 40.696353153064955 -8.471069887819793
v -5.916622585549987 40.77423028134165 -8.323628992990598
v -6.013200656155997 41.277163719157656 -8.597817092866123
v -5.271925447161242 40.696353153064955 -8.471069887819793
v -6.013200656155997 41.277163719157656 -8.597817092866123
v -5.149545626859837 41.25528634255215 -8.662076616840972
v -6.93695744699571 43.81867572802599 -6.233808611753885
v -6.592239012282523 43.84204819587997 -6.980082583796133
v -7.329077845591827 43.08532674296737 -7.210086784859095
v -6.93695744699571 43.81867572802599 -6.233808611753885
v -7.329077845591827 43.08532674296737 -7.210086784859095
v -7.907979558322322 43.261142581534244 -6.166282198671064
v -6.480760750633016 43.16231851924533 -8.106646479786715
v -7.329077845591827 43.08532674296737 -7.210086784859095
v -6.592239012282523 43.84204819587997 -6.980082583796133
v -6.480760750633016 43.16231851924533 -8.106646479786715
v -6.592239012282523 43.84204819587997 -6.980082583796133
v -5.9434377684934665 43.4011147597696 -7.803212150308979
v -5.769645869750115 43.69010882628993 -6.540213174598707
v -5.427410389622233 42.98515261747736 -7.2715930406568665
v -5.9434377684934665 43.4011147597696 -7.803212150308979
v -5.769645869750115 43.69010882628993 -6.540213174598707
v -5.9434377684934665 43.4011147597696 -7.803212150308979
v -6.592239012282523 43.84204819587997 -6.980082583796133
v -6.019900594532479 42.42188561503212 -8.846280868841381
v -5.798864614885445 42.85017312770781 -8.64631927093752
v -5.314650849154735 42.505160502013865 -8.303037490421401
v -6.019900594532479 42.42188561503212 -8.846280868841381
v -5.314650849154735 42.505160502013865 -8.303037490421401
v -5.780022950505268 41.96025384108097 -8.816100830433088
v -4.837764199453809 41.73968051206015 -7.9724929271457095
v -5.149545626859837 41.25528634255215 -8.662076616840972
v -5.780022950505268 41.96025384108097 -8.816100830433088
v -4.837764199453809 41.73968051206015 -7.9724929271457095
v -5.780022950505268 41.96025384108097 -8.816100830433088
v -5.314650849154735 42.505160502013865 -8.303037490421401
v -5.014572517406569 42.050609006466416 -7.258223355308575
v -4.837764199453809 41.73968051206015 -7.9724929271457095
v -5.314650849154735 42.505160502013865 -8.303037490421401
v -5.014572517406569 42.050609006466416 -7.258223355308575
v -5.314650849154735 42.505160502013865 -8.303037490421401
v -5.427410389622233 42.98515261747736 -7.2715930406568665
v -5.314650849154735 42.505160502013865 -8.303037490421401
v -5.798864614885445 42.85017312770781 -8.64631927093752
v -5.9434377684934665 43.4011147597696 -7.803212150308979
v -5.314650849154735 42.505160502013865 -8.303037490421401
v -5.9434377684934665 43.4011147597696 -7.803212150308979
v -5.427410389622233 42.98515261747736 -7.2715930406568665
v -6.095682951756429 41.69701688809433 -8.767194470444913
v -6.478427190159318 42.24243469939905 -8.713606632047679
v -6.019900594532479 42.42188561503212 -8.846280868841381
v -6.095682951756429 41.69701688809433 -8.767194470444913
v -6.019900594532479 42.42188561503212 -8.846280868841381
v -5.780022950505268 41.96025384108097 -8.816100830433088
v -7.005879643615674 42.005744301003276 -8.375213400464173
v -6.478427190159318 42.24243469939905 -8.713606632047679
v -6.095682951756429 41.69701688809433 -8.767194470444913
v -7.005879643615674 42.005744301003276 -8.375213400464173
v -6.095682951756429 41.69701688809433 -8.767194470444913
v -6.013200656155997 41.277163719157656 -8.597817092866123
v -6.019900594532479 42.42188561503212 -8.846280868841381
v -6.478427190159318 42.24243469939905 -8.713606632047679
v -6.28590414407485 42.890315255757976 -8.510631452911392
v -6.019900594532479 42.42188561503212 -8.846280868841381
v -6.28590414407485 42.890315255757976 -8.510631452911392
v -5.798864614885445 42.85017312770781 -8.64631927093752
v -6.013200656155997 41.277163719157656 -8.597817092866123
v -6.095682951756429 41.69701688809433 -8.767194470444913
v -5.780022950505268 41.96025384108097 -8.816100830433088
v -6.013200656155997 41.277163719157656 -8.597817092866123
v -5.780022950505268 41.96025384108097 -8.816100830433088
v -5.149545626859837 41.25528634255215 -8.662076616840972
v -5.798864614885445 42.85017312770781 -8.64631927093752
v -6.28590414407485 42.890315255757976 -8.510631452911392
v -6.480760750633016 43.16231851924533 -8.106646479786715
v -5.798864614885445 42.85017312770781 -8.64631927093752
v -6.480760750633016 43.16231851924533 -8.106646479786715
v -5.9434377684934665 43.4011147597696 -7.803212150308979
v -10.090760240771429 42.240463537839055 -5.158369937067045
v -10.060360939307374 42.023533074141135 -5.548187609268793
v -9.808224746031579 41.795532415416424 -5.566022718252686
v -10.090760240771429 42.240463537839055 -5.158369937067045
v -9.808224746031579 41.795532415416424 -5.566022718252686
v -9.730946596978985 41.99154313626066 -4.852520361936622
v -10.090760240771429 42.240463537839055 -5.158369937067045
v -9.730946596978985 41.99154313626066 -4.852520361936622
v -9.751590684297307 43.12620948275515 -5.145117798227689
v -10.090760240771429 42.240463537839055 -5.158369937067045
v -9.751590684297307 43.12620948275515 -5.145117798227689
v -10.154273949186406 42.73273111373561 -5.264125805556929
v -9.12222775096274 42.17018110066543 -6.994939650832697
v -9.205717103877921 42.84962836548747 -6.468810514373026
v -8.060482143621755 42.58665436276064 -7.091089148078606
v -9.12222775096274 42.17018110066543 -6.994939650832697
v -8.060482143621755 42.58665436276064 -7.091089148078606
v -8.202990697786701 41.93298306425323 -7.42977885273637
v -9.751590684297307 43.12620948275515 -5.145117798227689
v -8.846246698549937 43.56459804082568 -5.994357177426115
v -9.205717103877921 42.84962836548747 -6.468810514373026
v -9.751590684297307 43.12620948275515 -5.145117798227689
v -9.205717103877921 42.84962836548747 -6.468810514373026
v -10.080304109837806 42.77172479552211 -5.983306846970589
v -9.969869652908386 41.997600568265 -6.469422181948567
v -10.080304109837806 42.77172479552211 -5.983306846970589
v -9.205717103877921 42.84962836548747 -6.468810514373026
v -9.969869652908386 41.997600568265 -6.469422181948567
v -9.205717103877921 42.84962836548747 -6.468810514373026
v -9.12222775096274 42.17018110066543 -6.994939650832697
v -10.176955244938412 42.034542202107204 -6.032166819340764
v -10.265206311899217 42.50226228057645 -5.760860853566673
v -10.080304109837806 42.77172479552211 -5.983306846970589
v -10.176955244938412 42.034542202107204 -6.032166819340764
v -10.080304109837806 42.77172479552211 -5.983306846970589
v -9.969869652908386 41.997600568265 -6.469422181948567
v -10.154273949186406 42.73273111373561 -5.264125805556929
v -9.751590684297307 43.12620948275515 -5.145117798227689
v -10.080304109837806 42.77172479552211 -5.983306846970589
v -10.154273949186406 42.73273111373561 -5.264125805556929
v -10.080304109837806 42.77172479552211 -5.983306846970589
v -10.265206311899217 42.50226228057645 -5.760860853566673
v -10.090760240771429 42.240463537839055 -5.158369937067045
v -10.154273949186406 42.73273111373561 -5.264125805556929
v -10.265206311899217 42.50226228057645 -5.760860853566673
v -10.090760240771429 42.240463537839055 -5.158369937067045
v -10.265206311899217 42.50226228057645 -5.760860853566673
v -10.060360939307374 42.023533074141135 -5.548187609268793
v -7.480589088061951 42.39305448457966 -7.7477634846605605
v -7.329077845591827 43.08532674296737 -7.210086784859095
v -6.480760750633016 43.16231851924533 -8.106646479786715
v -7.480589088061951 42.39305448457966 -7.7477634846605605
v -6.480760750633016 43.16231851924533 -8.106646479786715
v -7.005879643615674 42.005744301003276 -8.375213400464173
v -6.478427190159318 42.24243469939905 -8.713606632047679
v -7.005879643615674 42.005744301003276 -8.375213400464173
v -6.480760750633016 43.16231851924533 -8.106646479786715
v -6.478427190159318 42.24243469939905 -8.713606632047679
v -6.480760750633016 43.16231851924533 -8.106646479786715
v -6.28590414407485 42.890315255757976 -8.510631452911392
v -9.205717103877921 42.84962836548747 -6.468810514373026
v -8.846246698549937 43.56459804082568 -5.994357177426115
v -7.907979558322322 43.261142581534244 -6.166282198671064
v -9.205717103877921 42.84962836548747 -6.468810514373026
v -7.907979558322322 43.261142581534244 -6.166282198671064
v -8.060482143621755 42.58665436276064 -7.091089148078606
v -8.060482143621755 42.58665436276064 -7.091089148078606
v -7.907979558322322 43.261142581534244 -6.166282198671064
v -7.329077845591827 43.08532674296737 -7.210086784859095
v -8.060482143621755 42.58665436276064 -7.091089148078606
v -7.329077845591827 43.08532674296737 -7.210086784859095
v -7.480589088061951 42.39305448457966 -7.7477634846605605
v -8.202990697786701 41.93298306425323 -7.42977885273637
v -8.060482143621755 42.58665436276064 -7.091089148078606
v -7.480589088061951 42.39305448457966 -7.7477634846605605
v -8.202990697786701 41.93298306425323 -7.42977885273637
v -7.480589088061951 42.39305448457966 -7.7477634846605605
v -7.572572964900391 41.38680222844666 -7.7960764886771035
v -8.202990697786701 41.93298306425323 -7.42977885273637
v -7.714631836852491 41.01684932118096 -6.6957203746444645
v -8.5566532154359 41.34943762797568 -6.455275290536799
v -8.202990697786701 41.93298306425323 -7.42977885273637
v -8.5566532154359 41.34943762797568 -6.455275290536799
v -9.12222775096274 42.17018110066543 -6.994939650832697
v -7.931277588945429 40.4528886329535 -5.203816091208993
v -8.5566532154359 41.34943762797568 -6.455275290536799
v -7.714631836852491 41.01684932118096 -6.6957203746444645
v -7.931277588945429 40.4528886329535 -5.203816091208993
v -7.714631836852491 41.01684932118096 -6.6957203746444645
v -7.0939554157074625 40.4008559644817 -5.826788074460703
v -7.572572964900391 41.38680222844666 -7.7960764886771035
v -6.996062608221693 41.00661054807389 -7.007220911923005
v -7.714631836852491 41.01684932118096 -6.6957203746444645
v -7.572572964900391 41.38680222844666 -7.7960764886771035
v -7.714631836852491 41.01684932118096 -6.6957203746444645
v -8.202990697786701 41.93298306425323 -7.42977885273637
v -9.12222775096274 42.17018110066543 -6.994939650832697
v -8.5566532154359 41.34943762797568 -6.455275290536799
v -9.79859359079367 41.783817373420426 -6.089907948838404
v -9.12222775096274 42.17018110066543 -6.994939650832697
v -9.79859359079367 41.783817373420426 -6.089907948838404
v -9.969869652908386 41.997600568265 -6.469422181948567
v -9.808224746031579 41.795532415416424 -5.566022718252686
v -9.79859359079367 41.783817373420426 -6.089907948838404
v -8.5566532154359 41.34943762797568 -6.455275290536799
v -9.808224746031579 41.795532415416424 -5.566022718252686
v -8.5566532154359 41.34943762797568 -6.455275290536799
v -7.931277588945429 40.4528886329535 -5.203816091208993
v -5.271925447161242 40.696353153064955 -8.471069887819793
v -5.0146542126653815 40.26491476999828 -8.12246754686249
v -5.666319383257621 40.213675873139195 -7.836057218055411
v -5.271925447161242 40.696353153064955 -8.471069887819793
v -5.666319383257621 40.213675873139195 -7.836057218055411
v -5.916622585549987 40.77423028134165 -8.323628992990598
v -9.79859359079367 41.783817373420426 -6.089907948838404
v -10.056592983262043 41.89861312525728 -5.851284353350371
v -10.176955244938412 42.034542202107204 -6.032166819340764
v -9.79859359079367 41.783817373420426 -6.089907948838404
v -10.176955244938412 42.034542202107204 -6.032166819340764
v -9.969869652908386 41.997600568265 -6.469422181948567
v -10.056592983262043 41.89861312525728 -5.851284353350371
v -9.79859359079367 41.783817373420426 -6.089907948838404
v -9.808224746031579 41.795532415416424 -5.566022718252686
v -10.056592983262043 41.89861312525728 -5.851284353350371
v -9.808224746031579 41.795532415416424 -5.566022718252686
v -10.060360939307374 42.023533074141135 -5.548187609268793
v -10.060360939307374 42.023533074141135 -5.548187609268793
v -10.265206311899217 42.50226228057645 -5.760860853566673
v -10.176955244938412 42.034542202107204 -6.032166819340764
v -10.060360939307374 42.023533074141135 -5.548187609268793
v -10.176955244938412 42.034542202107204 -6.032166819340764
v -10.056592983262043 41.89861312525728 -5.851284353350371
v -4.368116466572866 40.374621559817875 -8.263310948200173
v -4.375324279779579 41.024146340421545 -7.703763630305657
v -4.12621985651685 40.34353192478555 -7.436129156235141
v -4.368116466572866 40.374621559817875 -8.263310948200173
v -4.12621985651685 40.34353192478555 -7.436129156235141
v -4.542153015379402 39.71252377327541 -7.738261667618395
v -4.368116466572866 40.374621559817875 -8.263310948200173
v -5.0146542126653815 40.26491476999828 -8.12246754686249
v -5.271925447161242 40.696353153064955 -8.471069887819793
v -4.368116466572866 40.374621559817875 -8.263310948200173
v -5.271925447161242 40.696353153064955 -8.471069887819793
v -5.149545626859837 41.25528634255215 -8.662076616840972
v -5.149545626859837 41.25528634255215 -8.662076616840972
v -4.837764199453809 41.73968051206015 -7.9724929271457095
v -4.375324279779579 41.024146340421545 -7.703763630305657
v -5.149545626859837 41.25528634255215 -8.662076616840972
v -4.375324279779579 41.024146340421545 -7.703763630305657
v -4.368116466572866 40.374621559817875 -8.263310948200173
v -3.8875139722536316 27.017740521324672 32.517841222082126
v 2.100287519576007 31.020336728584784 27.877650718612912
v -3.414662820321929 31.418665851904976 27.25488991370502
v -3.8875139722536316 27.017740521324672 32.517841222082126
v -3.414662820321929 31.418665851904976 27.25488991370502
v -7.968322278569793 27.63371306034044 30.9618643249038
v 0.8074051636776844 25.543869244389 34.06672289785554
v -3.8875139722536316 27.017740521324672 32.517841222082126
v -5.602899772402163 21.52069424330314 36.50261355278182
v 0.8074051636776844 25.543869244389 34.06672289785554
v -5.602899772402163 21.52069424330314 36.50261355278182
v 0.44431803666448016 20.38011662664101 37.43570769874825
v 6.317881385397912 20.200996850548048 36.653553666334545
v 6.249514782364241 24.738494577035357 33.703594356384706
v 0.8074051636776844 25.543869244389 34.06672289785554
v 6.317881385397912 20.200996850548048 36.653553666334545
v 0.8074051636776844 25.543869244389 34.06672289785554
v 0.44431803666448016 20.38011662664101 37.43570769874825
v 15.355303657901793 28.33392797145374 24.914081539880936
v 8.537827968075439 29.66141127849833 27.54192703573474
v 11.228421088482426 24.91567682308296 31.41648122116588
v 15.355303657901793 28.33392797145374 24.914081539880936
v 11.228421088482426 24.91567682308296 31.41648122116588
v 16.695555178322888 24.782947108439377 28.139744138022348
v 12.180593848209082 20.24729864951261 34.27540661626975
v 11.228421088482426 24.91567682308296 31.41648122116588
v 6.249514782364241 24.738494577035357 33.703594356384706
v 12.180593848209082 20.24729864951261 34.27540661626975
v 6.249514782364241 24.738494577035357 33.703594356384706
v 6.317881385397912 20.200996850548048 36.653553666334545
v 6.249514782364241 24.738494577035357 33.703594356384706
v 5.9622034933779124 27.544402208612087 31.235229348298443
v 2.6371991802822685 27.96672960837473 31.63909890663744
v 6.249514782364241 24.738494577035357 33.703594356384706
v 2.6371991802822685 27.96672960837473 31.63909890663744
v 0.8074051636776844 25.543869244389 34.06672289785554
v 2.100287519576007 31.020336728584784 27.877650718612912
v 2.6371991802822685 27.96672960837473 31.63909890663744
v 5.9622034933779124 27.544402208612087 31.235229348298443
v 2.100287519576007 31.020336728584784 27.877650718612912
v 5.9622034933779124 27.544402208612087 31.235229348298443
v 8.537827968075439 29.66141127849833 27.54192703573474
v 11.228421088482426 24.91567682308296 31.41648122116588
v 8.537827968075439 29.66141127849833 27.54192703573474
v 5.9622034933779124 27.544402208612087 31.235229348298443
v 11.228421088482426 24.91567682308296 31.41648122116588
v 5.9622034933779124 27.544402208612087 31.235229348298443
v 6.249514782364241 24.738494577035357 33.703594356384706
v 2.6371991802822685 27.96672960837473 31.63909890663744
v 2.100287519576007 31.020336728584784 27.877650718612912
v -3.8875139722536316 27.017740521324672 32.517841222082126
v 2.6371991802822685 27.96672960837473 31.63909890663744
v -3.8875139722536316 27.017740521324672 32.517841222082126
v 0.8074051636776844 25.543869244389 34.06672289785554
v -7.001867136799863 41.1181520535358 -8.186982773124772
v -7.005879643615674 42.005744301003276 -8.375213400464173
v -6.013200656155997 41.277163719157656 -8.597817092866123
v -7.001867136799863 41.1181520535358 -8.186982773124772
v -6.013200656155997 41.277163719157656 -8.597817092866123
v -5.916622585549987 40.77423028134165 -8.323628992990598
v -6.996062608221693 41.00661054807389 -7.007220911923005
v -6.2037272305255335 40.11077095476785 -6.334389279249695
v -7.0939554157074625 40.4008559644817 -5.826788074460703
v -6.996062608221693 41.00661054807389 -7.007220911923005
v -7.0939554157074625 40.4008559644817 -5.826788074460703
v -7.714631836852491 41.01684932118096 -6.6957203746444645
v -6.43977587105052 40.58823349467322 -7.482930754588632
v -7.001867136799863 41.1181520535358 -8.186982773124772
v -5.916622585549987 40.77423028134165 -8.323628992990598
v -6.43977587105052 40.58823349467322 -7.482930754588632
v -5.916622585549987 40.77423028134165 -8.323628992990598
v -5.666319383257621 40.213675873139195 -7.836057218055411
v -6.996062608221693 41.00661054807389 -7.007220911923005
v -7.572572964900391 41.38680222844666 -7.7960764886771035
v -7.001867136799863 41.1181520535358 -8.186982773124772
v -6.996062608221693 41.00661054807389 -7.007220911923005
v -7.001867136799863 41.1181520535358 -8.186982773124772
v -6.43977587105052 40.58823349467322 -7.482930754588632
v -7.005879643615674 42.005744301003276 -8.375213400464173
v -7.001867136799863 41.1181520535358 -8.186982773124772
v -7.572572964900391 41.38680222844666 -7.7960764886771035
v -7.005879643615674 42.005744301003276 -8.375213400464173
v -7.572572964900391 41.38680222844666 -7.7960764886771035
v -7.480589088061951 42.39305448457966 -7.7477634846605605
v -4.975028600143822 39.92805035845378 -7.866940967684491
v -5.640072369239411 40.11391779673059 -7.487638980799061
v -5.666319383257621 40.213675873139195 -7.836057218055411
v -4.975028600143822 39.92805035845378 -7.866940967684491
v -5.666319383257621 40.213675873139195 -7.836057218055411
v -5.0146542126653815 40.26491476999828 -8.12246754686249
v -5.57472375044145 40.09205203124969 -7.072433990242001
v -5.640072369239411 40.11391779673059 -7.487638980799061
v -4.975028600143822 39.92805035845378 -7.866940967684491
v -5.57472375044145 40.09205203124969 -7.072433990242001
v -4.975028600143822 39.92805035845378 -7.866940967684491
v -4.542153015379402 39.71252377327541 -7.738261667618395
v -5.666319383257621 40.213675873139195 -7.836057218055411
v -5.640072369239411 40.11391779673059 -7.487638980799061
v -6.142372585791453 40.245612684370805 -7.218753395209196
v -5.666319383257621 40.213675873139195 -7.836057218055411
v -6.142372585791453 40.245612684370805 -7.218753395209196
v -6.43977587105052 40.58823349467322 -7.482930754588632
v -6.142372585791453 40.245612684370805 -7.218753395209196
v -5.640072369239411 40.11391779673059 -7.487638980799061
v -5.57472375044145 40.09205203124969 -7.072433990242001
v -6.142372585791453 40.245612684370805 -7.218753395209196
v -5.57472375044145 40.09205203124969 -7.072433990242001
v -6.2037272305255335 40.11077095476785 -6.334389279249695
v -6.142372585791453 40.245612684370805 -7.218753395209196
v -6.2037272305255335 40.11077095476785 -6.334389279249695
v -6.996062608221693 41.00661054807389 -7.007220911923005
v -6.142372585791453 40.245612684370805 -7.218753395209196
v -6.996062608221693 41.00661054807389 -7.007220911923005
v -6.43977587105052 40.58823349467322 -7.482930754588632
v -5.0146542126653815 40.26491476999828 -8.12246754686249
v -4.368116466572866 40.374621559817875 -8.263310948200173
v -4.542153015379402 39.71252377327541 -7.738261667618395
v -5.0146542126653815 40.26491476999828 -8.12246754686249
v -4.542153015379402 39.71252377327541 -7.738261667618395
v -4.975028600143822 39.92805035845378 -7.866940967684491
vt 0.6311904191970825 0.17354720830917358
vt 0.6053632497787476 0.14210402965545654
vt 0.5739936828613281 0.17526960372924805
vt 0.6311904191970825 0.17354720830917358
vt 0.5739936828613281 0.17526960372924805
vt 0.596136212348938 0.20188194513320923
vt 0.6472988128662109 0.19970577955245972
vt 0.6311904191970825 0.17354720830917358
vt 0.596136212348938 0.20188194513320923
vt 0.6472988128662109 0.19970577955245972
vt 0.596136212348938 0.20188194513320923
vt 0.610375165939331 0.22350817918777466
vt 0.610375165939331 0.22350817918777466
vt 0.596136212348938 0.20188194513320923
vt 0.5730642080307007 0.21954214572906494
vt 0.610375165939331 0.22350817918777466
vt 0.5730642080307007 0.21954214572906494
vt 0.5856723189353943 0.2392420768737793
vt 0.596136212348938 0.20188194513320923
vt 0.5739936828613281 0.17526960372924805
vt 0.5529530048370361 0.19485080242156982
vt 0.596136212348938 0.20188194513320923
vt 0.5529530048370361 0.19485080242156982
vt 0.5730642080307007 0.21954214572906494
vt 0.6663838624954224 0.23483383655548096
vt 0.6472988128662109 0.19970577955245972
vt 0.610375165939331 0.22350817918777466
vt 0.6663838624954224 0.23483383655548096
vt 0.610375165939331 0.22350817918777466
vt 0.6265603303909302 0.254685640335083
vt 0.610375165939331 0.22350817918777466
vt 0.5856723189353943 0.2392420768737793
vt 0.6033185124397278 0.26641303300857544
vt 0.610375165939331 0.22350817918777466
vt 0.6033185124397278 0.26641303300857544
vt 0.6265603303909302 0.254685640335083
vt 0.6830732822418213 0.27417850494384766
vt 0.6663838624954224 0.23483383655548096
vt 0.6265603303909302 0.254685640335083
vt 0.6830732822418213 0.27417850494384766
vt 0.6265603303909302 0.254685640335083
vt 0.6419843435287476 0.2897986173629761
vt 0.6265603303909302 0.254685640335083
vt 0.6033185124397278 0.26641303300857544
vt 0.6170752048492432 0.2991148829460144
vt 0.6265603303909302 0.254685640335083
vt 0.6170752048492432 0.2991148829460144
vt 0.6419843435287476 0.2897986173629761
vt 0.6830732822418213 0.27417850494384766
vt 0.6419843435287476 0.2897986173629761
vt 0.6520565748214722 0.3185827136039734
vt 0.6830732822418213 0.27417850494384766
vt 0.6520565748214722 0.3185827136039734
vt 0.695773720741272 0.310787558555603
vt 0.6419843435287476 0.2897986173629761
vt 0.6170752048492432 0.2991148829460144
vt 0.6262955665588379 0.3256758451461792
vt 0.6419843435287476 0.2897986173629761
vt 0.6262955665588379 0.3256758451461792
vt 0.6520565748214722 0.3185827136039734
vt 0.6973111629486084 0.3728167414665222
vt 0.6643412113189697 0.37573736906051636
vt 0.6672040224075317 0.4182734489440918
vt 0.6973111629486084 0.3728167414665222
vt 0.6672040224075317 0.4182734489440918
vt 0.7018710374832153 0.41892939805984497
vt 0.6672040224075317 0.4182734489440918
vt 0.6643412113189697 0.37573736906051636
vt 0.6336948871612549 0.3879721760749817
vt 0.6672040224075317 0.4182734489440918
vt 0.6336948871612549 0.3879721760749817
vt 0.6440366506576538 0.42319583892822266
vt 0.04132901877164841 0.933641105890274
vt 0.04180952161550522 0.9152553752064705
vt 0.020168427377939224 0.9245093539357185
vt 0.04132901877164841 0.933641105890274
vt 0.020168427377939224 0.9245093539357185
vt 0.029969515278935432 0.9399745985865593
vt 0.06655391305685043 0.9267133697867393
vt 0.04180952161550522 0.9152553752064705
vt 0.04132901877164841 0.933641105890274
vt 0.06655391305685043 0.9267133697867393
vt 0.04132901877164841 0.933641105890274
vt 0.051163844764232635 0.9414635524153709
vt 0.051163844764232635 0.9414635524153709
vt 0.04132901877164841 0.933641105890274
vt 0.042535796761512756 0.9463496580719948
vt 0.051163844764232635 0.9414635524153709
vt 0.042535796761512756 0.9463496580719948
vt 0.049675941467285156 0.9450090229511261
vt 0.042535796761512756 0.9463496580719948
vt 0.04132901877164841 0.933641105890274
vt 0.029969515278935432 0.9399745985865593
vt 0.042535796761512756 0.9463496580719948
vt 0.029969515278935432 0.9399745985865593
vt 0.037860698997974396 0.9470396712422371
vt 0.0401792898774147 0.9490820020437241
vt 0.04041258990764618 0.9490897357463837
vt 0.042535796761512756 0.9463496580719948
vt 0.0401792898774147 0.9490820020437241
vt 0.042535796761512756 0.9463496580719948
vt 0.037860698997974396 0.9470396712422371
vt 0.0404045432806015 0.9493908584117889
vt 0.04016057401895523 0.9492709711194038
vt 0.03814411535859108 0.9498001933097839
vt 0.0404045432806015 0.9493908584117889
vt 0.03814411535859108 0.9498001933097839
vt 0.04083673655986786 0.9515186473727226
vt 0.04083673655986786 0.9515186473727226
vt 0.03814411535859108 0.9498001933097839
vt 0.02841186337172985 0.9673377498984337
vt 0.04083673655986786 0.9515186473727226
vt 0.02841186337172985 0.9673377498984337
vt 0.04174736887216568 0.9692136328667402
vt 0.042535796761512756 0.9463496580719948
vt 0.04041258990764618 0.9490897357463837
vt 0.04099150002002716 0.9493578225374222
vt 0.042535796761512756 0.9463496580719948
vt 0.04099150002002716 0.9493578225374222
vt 0.04418425261974335 0.9498379603028297
vt 0.042535796761512756 0.9463496580719948
vt 0.04418425261974335 0.9498379603028297
vt 0.047833673655986786 0.9488759413361549
vt 0.042535796761512756 0.9463496580719948
vt 0.047833673655986786 0.9488759413361549
vt 0.049675941467285156 0.9450090229511261
vt 0.05684657394886017 0.9574127569794655
vt 0.047833673655986786 0.9488759413361549
vt 0.04418425261974335 0.9498379603028297
vt 0.05684657394886017 0.9574127569794655
vt 0.04418425261974335 0.9498379603028297
vt 0.0482935905456543 0.9663462154567242
vt 0.04083673655986786 0.9515186473727226
vt 0.04418425261974335 0.9498379603028297
vt 0.04099150002002716 0.9493578225374222
vt 0.04083673655986786 0.9515186473727226
vt 0.04099150002002716 0.9493578225374222
vt 0.0404045432806015 0.9493908584117889
vt 0.029969515278935432 0.9399745985865593
vt 0.025075212121009827 0.9555089250206947
vt 0.03767771273851395 0.9494770243763924
vt 0.029969515278935432 0.9399745985865593
vt 0.03767771273851395 0.9494770243763924
vt 0.037860698997974396 0.9470396712422371
vt 0.03814411535859108 0.9498001933097839
vt 0.03767771273851395 0.9494770243763924
vt 0.025075212121009827 0.9555089250206947
vt 0.03814411535859108 0.9498001933097839
vt 0.025075212121009827 0.9555089250206947
vt 0.02841186337172985 0.9673377498984337
vt 0.0401792898774147 0.9490820020437241
vt 0.040152039378881454 0.9492088183760643
vt 0.04031557962298393 0.9492229148745537
vt 0.0401792898774147 0.9490820020437241
vt 0.04031557962298393 0.9492229148745537
vt 0.04041258990764618 0.9490897357463837
vt 0.04031557962298393 0.9492229148745537
vt 0.040152039378881454 0.9492088183760643
vt 0.04016057401895523 0.9492709711194038
vt 0.04031557962298393 0.9492229148745537
vt 0.04016057401895523 0.9492709711194038
vt 0.0404045432806015 0.9493908584117889
vt 0.03767771273851395 0.9494770243763924
vt 0.040152039378881454 0.9492088183760643
vt 0.0401792898774147 0.9490820020437241
vt 0.03767771273851395 0.9494770243763924
vt 0.0401792898774147 0.9490820020437241
vt 0.037860698997974396 0.9470396712422371
vt 0.040152039378881454 0.9492088183760643
vt 0.03767771273851395 0.9494770243763924
vt 0.03814411535859108 0.9498001933097839
vt 0.040152039378881454 0.9492088183760643
vt 0.03814411535859108 0.9498001933097839
vt 0.04016057401895523 0.9492709711194038
vt 0.04041258990764618 0.9490897357463837
vt 0.04031557962298393 0.9492229148745537
vt 0.0404045432806015 0.9493908584117889
vt 0.04041258990764618 0.9490897357463837
vt 0.0404045432806015 0.9493908584117889
vt 0.04099150002002716 0.9493578225374222
vt 0.04418425261974335 0.9498379603028297
vt 0.04083673655986786 0.9515186473727226
vt 0.04174736887216568 0.9692136328667402
vt 0.04418425261974335 0.9498379603028297
vt 0.04174736887216568 0.9692136328667402
vt 0.0482935905456543 0.9663462154567242
vt 0.009999999776482582 0.9502228200435638
vt 0.025075212121009827 0.9555089250206947
vt 0.029969515278935432 0.9399745985865593
vt 0.009999999776482582 0.9502228200435638
vt 0.029969515278935432 0.9399745985865593
vt 0.020168427377939224 0.9245093539357185
vt 0.02841186337172985 0.9673377498984337
vt 0.025075212121009827 0.9555089250206947
vt 0.009999999776482582 0.9502228200435638
vt 0.02841186337172985 0.9673377498984337
vt 0.009999999776482582 0.9502228200435638
vt 0.016606561839580536 0.9899999853223562
vt 0.02841186337172985 0.9673377498984337
vt 0.016606561839580536 0.9899999853223562
vt 0.04097165912389755 0.9883030783385038
vt 0.02841186337172985 0.9673377498984337
vt 0.04097165912389755 0.9883030783385038
vt 0.04174736887216568 0.9692136328667402
vt 0.05684657394886017 0.9574127569794655
vt 0.0482935905456543 0.9663462154567242
vt 0.057436347007751465 0.9796499498188496
vt 0.05684657394886017 0.9574127569794655
vt 0.057436347007751465 0.9796499498188496
vt 0.07622239738702774 0.9700728561729193
vt 0.04174736887216568 0.9692136328667402
vt 0.04097165912389755 0.9883030783385038
vt 0.057436347007751465 0.9796499498188496
vt 0.04174736887216568 0.9692136328667402
vt 0.057436347007751465 0.9796499498188496
vt 0.0482935905456543 0.9663462154567242
vt 0.05684657394886017 0.9574127569794655
vt 0.07622239738702774 0.9700728561729193
vt 0.08115672320127487 0.956647202372551
vt 0.05684657394886017 0.9574127569794655
vt 0.08115672320127487 0.956647202372551
vt 0.05745619535446167 0.9470824152231216
vt 0.05745619535446167 0.9470824152231216
vt 0.049675941467285156 0.9450090229511261
vt 0.047833673655986786 0.9488759413361549
vt 0.05745619535446167 0.9470824152231216
vt 0.047833673655986786 0.9488759413361549
vt 0.05684657394886017 0.9574127569794655
vt 0.05924718827009201 0.942118339240551
vt 0.07719124108552933 0.9374260157346725
vt 0.06655391305685043 0.9267133697867393
vt 0.05924718827009201 0.942118339240551
vt 0.06655391305685043 0.9267133697867393
vt 0.051163844764232635 0.9414635524153709
vt 0.07719124108552933 0.9374260157346725
vt 0.05924718827009201 0.942118339240551
vt 0.05745619535446167 0.9470824152231216
vt 0.07719124108552933 0.9374260157346725
vt 0.05745619535446167 0.9470824152231216
vt 0.08115672320127487 0.956647202372551
vt 0.05745619535446167 0.9470824152231216
vt 0.05924718827009201 0.942118339240551
vt 0.051163844764232635 0.9414635524153709
vt 0.05745619535446167 0.9470824152231216
vt 0.051163844764232635 0.9414635524153709
vt 0.049675941467285156 0.9450090229511261
vt 0.9318609237670898 0.636053055524826
vt 0.9552361965179443 0.6083137392997742
vt 0.9187481999397278 0.590732604265213
vt 0.9318609237670898 0.636053055524826
vt 0.9187481999397278 0.590732604265213
vt 0.9099083542823792 0.6294500529766083
vt 0.9656976461410522 0.7890809178352356
vt 0.9775378704071045 0.7501599341630936
vt 0.9413286447525024 0.7412271201610565
vt 0.9656976461410522 0.7890809178352356
vt 0.9413286447525024 0.7412271201610565
vt 0.9299191236495972 0.7749728262424469
vt 0.9490931034088135 0.8243099898099899
vt 0.9656976461410522 0.7890809178352356
vt 0.9299191236495972 0.7749728262424469
vt 0.9490931034088135 0.8243099898099899
vt 0.9299191236495972 0.7749728262424469
vt 0.9137122631072998 0.8061257749795914
vt 0.9323323369026184 0.849567711353302
vt 0.9490931034088135 0.8243099898099899
vt 0.9137122631072998 0.8061257749795914
vt 0.9323323369026184 0.849567711353302
vt 0.9137122631072998 0.8061257749795914
vt 0.8982083797454834 0.8287478238344193
vt 0.9079284071922302 0.881812334060669
vt 0.9323323369026184 0.849567711353302
vt 0.8982083797454834 0.8287478238344193
vt 0.9079284071922302 0.881812334060669
vt 0.8982083797454834 0.8287478238344193
vt 0.8767265677452087 0.8564217686653137
vt 0.9137122631072998 0.8061257749795914
vt 0.9299191236495972 0.7749728262424469
vt 0.9013696908950806 0.7635262906551361
vt 0.9137122631072998 0.8061257749795914
vt 0.9013696908950806 0.7635262906551361
vt 0.8858814835548401 0.7915166318416595
vt 0.8982083797454834 0.8287478238344193
vt 0.9137122631072998 0.8061257749795914
vt 0.8858814835548401 0.7915166318416595
vt 0.8982083797454834 0.8287478238344193
vt 0.8858814835548401 0.7915166318416595
vt 0.8727193474769592 0.8105399310588837
vt 0.8767265677452087 0.8564217686653137
vt 0.8982083797454834 0.8287478238344193
vt 0.8727193474769592 0.8105399310588837
vt 0.8767265677452087 0.8564217686653137
vt 0.8727193474769592 0.8105399310588837
vt 0.8524051904678345 0.8360769897699356
vt 0.9299191236495972 0.7749728262424469
vt 0.9413286447525024 0.7412271201610565
vt 0.9144548177719116 0.7336902618408203
vt 0.9299191236495972 0.7749728262424469
vt 0.9144548177719116 0.7336902618408203
vt 0.9013696908950806 0.7635262906551361
vt 0.8897621631622314 0.7198947966098785
vt 0.9144548177719116 0.7336902618408203
vt 0.9258171916007996 0.6968459188938141
vt 0.8897621631622314 0.7198947966098785
vt 0.9258171916007996 0.6968459188938141
vt 0.9036246538162231 0.689760684967041
vt 0.865430474281311 0.7026215493679047
vt 0.8897621631622314 0.7198947966098785
vt 0.9036246538162231 0.689760684967041
vt 0.865430474281311 0.7026215493679047
vt 0.9036246538162231 0.689760684967041
vt 0.8814101219177246 0.6717469692230225
vt 0.8757529258728027 0.7511049509048462
vt 0.9013696908950806 0.7635262906551361
vt 0.9144548177719116 0.7336902618408203
vt 0.8757529258728027 0.7511049509048462
vt 0.9144548177719116 0.7336902618408203
vt 0.8897621631622314 0.7198947966098785
vt 0.8858814835548401 0.7915166318416595
vt 0.9013696908950806 0.7635262906551361
vt 0.8757529258728027 0.7511049509048462
vt 0.8858814835548401 0.7915166318416595
vt 0.8757529258728027 0.7511049509048462
vt 0.8610076308250427 0.7770702093839645
vt 0.8727193474769592 0.8105399310588837
vt 0.8858814835548401 0.7915166318416595
vt 0.8610076308250427 0.7770702093839645
vt 0.8727193474769592 0.8105399310588837
vt 0.8610076308250427 0.7770702093839645
vt 0.8482775688171387 0.7962574362754822
vt 0.8524051904678345 0.8360769897699356
vt 0.8727193474769592 0.8105399310588837
vt 0.8482775688171387 0.7962574362754822
vt 0.8524051904678345 0.8360769897699356
vt 0.8482775688171387 0.7962574362754822
vt 0.8288773894309998 0.8200466632843018
vt 0.8509697318077087 0.7350926399230957
vt 0.8757529258728027 0.7511049509048462
vt 0.8897621631622314 0.7198947966098785
vt 0.8509697318077087 0.7350926399230957
vt 0.8897621631622314 0.7198947966098785
vt 0.865430474281311 0.7026215493679047
vt 0.8373556733131409 0.759568452835083
vt 0.8610076308250427 0.7770702093839645
vt 0.8757529258728027 0.7511049509048462
vt 0.8373556733131409 0.759568452835083
vt 0.8757529258728027 0.7511049509048462
vt 0.8509697318077087 0.7350926399230957
vt 0.8239836096763611 0.776017814874649
vt 0.8482775688171387 0.7962574362754822
vt 0.8610076308250427 0.7770702093839645
vt 0.8239836096763611 0.776017814874649
vt 0.8610076308250427 0.7770702093839645
vt 0.8373556733131409 0.759568452835083
vt 0.805968701839447 0.7982776463031769
vt 0.8288773894309998 0.8200466632843018
vt 0.8482775688171387 0.7962574362754822
vt 0.805968701839447 0.7982776463031769
vt 0.8482775688171387 0.7962574362754822
vt 0.8239836096763611 0.776017814874649
vt 0.8767265677452087 0.8564217686653137
vt 0.8505842089653015 0.8805305659770966
vt 0.8792683482170105 0.909862644970417
vt 0.8767265677452087 0.8564217686653137
vt 0.8792683482170105 0.909862644970417
vt 0.9079284071922302 0.881812334060669
vt 0.8524051904678345 0.8360769897699356
vt 0.8266616463661194 0.8583016842603683
vt 0.8505842089653015 0.8805305659770966
vt 0.8524051904678345 0.8360769897699356
vt 0.8505842089653015 0.8805305659770966
vt 0.8767265677452087 0.8564217686653137
vt 0.8288773894309998 0.8200466632843018
vt 0.8052703738212585 0.8391320556402206
vt 0.8266616463661194 0.8583016842603683
vt 0.8288773894309998 0.8200466632843018
vt 0.8266616463661194 0.8583016842603683
vt 0.8524051904678345 0.8360769897699356
vt 0.805968701839447 0.7982776463031769
vt 0.7852360606193542 0.8174909800291061
vt 0.8052703738212585 0.8391320556402206
vt 0.805968701839447 0.7982776463031769
vt 0.8052703738212585 0.8391320556402206
vt 0.8288773894309998 0.8200466632843018
vt 0.5739936828613281 0.17526960372924805
vt 0.5498048067092896 0.15000736713409424
vt 0.5304622650146484 0.17196917533874512
vt 0.5739936828613281 0.17526960372924805
vt 0.5304622650146484 0.17196917533874512
vt 0.5529530048370361 0.19485080242156982
vt 0.6053632497787476 0.14210402965545654
vt 0.5777676105499268 0.11346769332885742
vt 0.5498048067092896 0.15000736713409424
vt 0.6053632497787476 0.14210402965545654
vt 0.5498048067092896 0.15000736713409424
vt 0.5739936828613281 0.17526960372924805
vt 0.8032935261726379 0.9600468687713146
vt 0.8424842357635498 0.9378060102462769
vt 0.8176217079162598 0.9045101329684258
vt 0.8032935261726379 0.9600468687713146
vt 0.8176217079162598 0.9045101329684258
vt 0.7866237163543701 0.9218635931611061
vt 0.8505842089653015 0.8805305659770966
vt 0.8176217079162598 0.9045101329684258
vt 0.8424842357635498 0.9378060102462769
vt 0.8505842089653015 0.8805305659770966
vt 0.8424842357635498 0.9378060102462769
vt 0.8792683482170105 0.909862644970417
vt 0.7866237163543701 0.9218635931611061
vt 0.8176217079162598 0.9045101329684258
vt 0.7964195013046265 0.8797550052404404
vt 0.7866237163543701 0.9218635931611061
vt 0.7964195013046265 0.8797550052404404
vt 0.7655553817749023 0.8957463726401329
vt 0.8266616463661194 0.8583016842603683
vt 0.7964195013046265 0.8797550052404404
vt 0.8176217079162598 0.9045101329684258
vt 0.8266616463661194 0.8583016842603683
vt 0.8176217079162598 0.9045101329684258
vt 0.8505842089653015 0.8805305659770966
vt 0.7655553817749023 0.8957463726401329
vt 0.7964195013046265 0.8797550052404404
vt 0.7768067717552185 0.8587453961372375
vt 0.7655553817749023 0.8957463726401329
vt 0.7768067717552185 0.8587453961372375
vt 0.7480480074882507 0.8752029240131378
vt 0.8052703738212585 0.8391320556402206
vt 0.7768067717552185 0.8587453961372375
vt 0.7964195013046265 0.8797550052404404
vt 0.8052703738212585 0.8391320556402206
vt 0.7964195013046265 0.8797550052404404
vt 0.8266616463661194 0.8583016842603683
vt 0.7480480074882507 0.8752029240131378
vt 0.7768067717552185 0.8587453961372375
vt 0.7587334513664246 0.8354554027318954
vt 0.7480480074882507 0.8752029240131378
vt 0.7587334513664246 0.8354554027318954
vt 0.7319964170455933 0.8507499694824219
vt 0.7852360606193542 0.8174909800291061
vt 0.7587334513664246 0.8354554027318954
vt 0.7768067717552185 0.8587453961372375
vt 0.7852360606193542 0.8174909800291061
vt 0.7768067717552185 0.8587453961372375
vt 0.8052703738212585 0.8391320556402206
vt 0.474189817905426 0.12916404008865356
vt 0.5027288794517517 0.14869147539138794
vt 0.5196005702018738 0.1247631311416626
vt 0.474189817905426 0.12916404008865356
vt 0.5196005702018738 0.1247631311416626
vt 0.48796623945236206 0.10450953245162964
vt 0.5498048067092896 0.15000736713409424
vt 0.5196005702018738 0.1247631311416626
vt 0.5027288794517517 0.14869147539138794
vt 0.5498048067092896 0.15000736713409424
vt 0.5027288794517517 0.14869147539138794
vt 0.5304622650146484 0.17196917533874512
vt 0.48796623945236206 0.10450953245162964
vt 0.5196005702018738 0.1247631311416626
vt 0.5425682067871094 0.08513081073760986
vt 0.48796623945236206 0.10450953245162964
vt 0.5425682067871094 0.08513081073760986
vt 0.5055922269821167 0.06277036666870117
vt 0.5777676105499268 0.11346769332885742
vt 0.5425682067871094 0.08513081073760986
vt 0.5196005702018738 0.1247631311416626
vt 0.5777676105499268 0.11346769332885742
vt 0.5196005702018738 0.1247631311416626
vt 0.5498048067092896 0.15000736713409424
vt 0.9187481999397278 0.590732604265213
vt 0.8934014439582825 0.5471301078796387
vt 0.8729169964790344 0.5814465582370758
vt 0.9187481999397278 0.590732604265213
vt 0.8729169964790344 0.5814465582370758
vt 0.8882619142532349 0.6047567427158356
vt 0.9099083542823792 0.6294500529766083
vt 0.9187481999397278 0.590732604265213
vt 0.8882619142532349 0.6047567427158356
vt 0.9099083542823792 0.6294500529766083
vt 0.8882619142532349 0.6047567427158356
vt 0.889420211315155 0.6240991055965424
vt 0.8814101219177246 0.6717469692230225
vt 0.8593569397926331 0.659173846244812
vt 0.8402964472770691 0.6858195960521698
vt 0.8814101219177246 0.6717469692230225
vt 0.8402964472770691 0.6858195960521698
vt 0.865430474281311 0.7026215493679047
vt 0.8420923352241516 0.6400363445281982
vt 0.8245186805725098 0.6171996593475342
vt 0.79924076795578 0.637387752532959
vt 0.8420923352241516 0.6400363445281982
vt 0.79924076795578 0.637387752532959
vt 0.8201157450675964 0.6636665463447571
vt 0.8593569397926331 0.659173846244812
vt 0.8420923352241516 0.6400363445281982
vt 0.8201157450675964 0.6636665463447571
vt 0.8593569397926331 0.659173846244812
vt 0.8201157450675964 0.6636665463447571
vt 0.8402964472770691 0.6858195960521698
vt 0.865430474281311 0.7026215493679047
vt 0.8402964472770691 0.6858195960521698
vt 0.8219571709632874 0.716349333524704
vt 0.865430474281311 0.7026215493679047
vt 0.8219571709632874 0.716349333524704
vt 0.8509697318077087 0.7350926399230957
vt 0.8201157450675964 0.6636665463447571
vt 0.79924076795578 0.637387752532959
vt 0.774003267288208 0.6598745286464691
vt 0.8201157450675964 0.6636665463447571
vt 0.774003267288208 0.6598745286464691
vt 0.7963170409202576 0.6865878999233246
vt 0.8402964472770691 0.6858195960521698
vt 0.8201157450675964 0.6636665463447571
vt 0.7963170409202576 0.6865878999233246
vt 0.8402964472770691 0.6858195960521698
vt 0.7963170409202576 0.6865878999233246
vt 0.8219571709632874 0.716349333524704
vt 0.7587334513664246 0.8354554027318954
vt 0.7852360606193542 0.8174909800291061
vt 0.7605484127998352 0.7931342571973801
vt 0.7587334513664246 0.8354554027318954
vt 0.7605484127998352 0.7931342571973801
vt 0.7358711361885071 0.8095893263816833
vt 0.7358711361885071 0.8095893263816833
vt 0.7097474336624146 0.8252961784601212
vt 0.7319964170455933 0.8507499694824219
vt 0.7358711361885071 0.8095893263816833
vt 0.7319964170455933 0.8507499694824219
vt 0.7587334513664246 0.8354554027318954
vt 0.8093498945236206 0.7393242716789246
vt 0.8373556733131409 0.759568452835083
vt 0.8509697318077087 0.7350926399230957
vt 0.8093498945236206 0.7393242716789246
vt 0.8509697318077087 0.7350926399230957
vt 0.8219571709632874 0.716349333524704
vt 0.8239836096763611 0.776017814874649
vt 0.8373556733131409 0.759568452835083
vt 0.8093498945236206 0.7393242716789246
vt 0.8239836096763611 0.776017814874649
vt 0.8093498945236206 0.7393242716789246
vt 0.7967286705970764 0.7545792013406754
vt 0.7799681425094604 0.7753429710865021
vt 0.805968701839447 0.7982776463031769
vt 0.8239836096763611 0.776017814874649
vt 0.7799681425094604 0.7753429710865021
vt 0.8239836096763611 0.776017814874649
vt 0.7967286705970764 0.7545792013406754
vt 0.7852360606193542 0.8174909800291061
vt 0.805968701839447 0.7982776463031769
vt 0.7799681425094604 0.7753429710865021
vt 0.7852360606193542 0.8174909800291061
vt 0.7799681425094604 0.7753429710865021
vt 0.7605484127998352 0.7931342571973801
vt 0.7605484127998352 0.7931342571973801
vt 0.7799681425094604 0.7753429710865021
vt 0.757989227771759 0.754110649228096
vt 0.7605484127998352 0.7931342571973801
vt 0.757989227771759 0.754110649228096
vt 0.7393245697021484 0.771392360329628
vt 0.7358711361885071 0.8095893263816833
vt 0.7605484127998352 0.7931342571973801
vt 0.7393245697021484 0.771392360329628
vt 0.7358711361885071 0.8095893263816833
vt 0.7393245697021484 0.771392360329628
vt 0.7155740857124329 0.7872012853622437
vt 0.7860715389251709 0.7189075946807861
vt 0.8093498945236206 0.7393242716789246
vt 0.8219571709632874 0.716349333524704
vt 0.7860715389251709 0.7189075946807861
vt 0.8219571709632874 0.716349333524704
vt 0.7963170409202576 0.6865878999233246
vt 0.7967286705970764 0.7545792013406754
vt 0.8093498945236206 0.7393242716789246
vt 0.7860715389251709 0.7189075946807861
vt 0.7967286705970764 0.7545792013406754
vt 0.7860715389251709 0.7189075946807861
vt 0.7704375982284546 0.7398636937141418
vt 0.7799681425094604 0.7753429710865021
vt 0.7967286705970764 0.7545792013406754
vt 0.7704375982284546 0.7398636937141418
vt 0.7799681425094604 0.7753429710865021
vt 0.7704375982284546 0.7398636937141418
vt 0.757989227771759 0.754110649228096
vt 0.7860715389251709 0.7189075946807861
vt 0.7963170409202576 0.6865878999233246
vt 0.7633399367332458 0.6913116574287415
vt 0.7860715389251709 0.7189075946807861
vt 0.7633399367332458 0.6913116574287415
vt 0.7647280097007751 0.7105910181999207
vt 0.7633399367332458 0.6913116574287415
vt 0.7963170409202576 0.6865878999233246
vt 0.774003267288208 0.6598745286464691
vt 0.7633399367332458 0.6913116574287415
vt 0.774003267288208 0.6598745286464691
vt 0.7488078474998474 0.6756734549999237
vt 0.7704375982284546 0.7398636937141418
vt 0.7860715389251709 0.7189075946807861
vt 0.7647280097007751 0.7105910181999207
vt 0.7704375982284546 0.7398636937141418
vt 0.7647280097007751 0.7105910181999207
vt 0.7544867396354675 0.7237235903739929
vt 0.7422623038291931 0.7086533010005951
vt 0.7544867396354675 0.7237235903739929
vt 0.7647280097007751 0.7105910181999207
vt 0.7422623038291931 0.7086533010005951
vt 0.7647280097007751 0.7105910181999207
vt 0.7633399367332458 0.6913116574287415
vt 0.7422623038291931 0.7086533010005951
vt 0.7633399367332458 0.6913116574287415
vt 0.7488078474998474 0.6756734549999237
vt 0.7422623038291931 0.7086533010005951
vt 0.7488078474998474 0.6756734549999237
vt 0.7260994911193848 0.6909924745559692
vt 0.7155740857124329 0.7872012853622437
vt 0.7393245697021484 0.771392360329628
vt 0.7213262319564819 0.7533252239227295
vt 0.7155740857124329 0.7872012853622437
vt 0.7213262319564819 0.7533252239227295
vt 0.6996073126792908 0.7685812562704086
vt 0.6916403770446777 0.8002349138259888
vt 0.7155740857124329 0.7872012853622437
vt 0.6996073126792908 0.7685812562704086
vt 0.6916403770446777 0.8002349138259888
vt 0.6996073126792908 0.7685812562704086
vt 0.6794893741607666 0.7843068689107895
vt 0.757989227771759 0.754110649228096
vt 0.7704375982284546 0.7398636937141418
vt 0.7544867396354675 0.7237235903739929
vt 0.757989227771759 0.754110649228096
vt 0.7544867396354675 0.7237235903739929
vt 0.7398388385772705 0.7368832230567932
vt 0.7393245697021484 0.771392360329628
vt 0.757989227771759 0.754110649228096
vt 0.7398388385772705 0.7368832230567932
vt 0.7393245697021484 0.771392360329628
vt 0.7398388385772705 0.7368832230567932
vt 0.7213262319564819 0.7533252239227295
vt 0.6674991250038147 0.7675528526306152
vt 0.6794893741607666 0.7843068689107895
vt 0.6996073126792908 0.7685812562704086
vt 0.6674991250038147 0.7675528526306152
vt 0.6996073126792908 0.7685812562704086
vt 0.686585545539856 0.7529384642839432
vt 0.6714277863502502 0.7359848916530609
vt 0.6508311629295349 0.7548380941152573
vt 0.6674991250038147 0.7675528526306152
vt 0.6714277863502502 0.7359848916530609
vt 0.6674991250038147 0.7675528526306152
vt 0.686585545539856 0.7529384642839432
vt 0.5547573566436768 0.8791958093643188
vt 0.5317802429199219 0.8501435965299606
vt 0.5062814354896545 0.8797651380300522
vt 0.5547573566436768 0.8791958093643188
vt 0.5062814354896545 0.8797651380300522
vt 0.5227944254875183 0.9025725200772285
vt 0.5062814354896545 0.8797651380300522
vt 0.5317802429199219 0.8501435965299606
vt 0.5047277808189392 0.8336191326379776
vt 0.5062814354896545 0.8797651380300522
vt 0.5047277808189392 0.8336191326379776
vt 0.48352208733558655 0.8635927140712738
vt 0.5708001852035522 0.9122950509190559
vt 0.5547573566436768 0.8791958093643188
vt 0.5227944254875183 0.9025725200772285
vt 0.5708001852035522 0.9122950509190559
vt 0.5227944254875183 0.9025725200772285
vt 0.5401255488395691 0.9278804957866669
vt 0.6310320496559143 0.7710500359535217
vt 0.6508311629295349 0.7548380941152573
vt 0.63516765832901 0.7378683984279633
vt 0.6310320496559143 0.7710500359535217
vt 0.63516765832901 0.7378683984279633
vt 0.6151415705680847 0.7551202476024628
vt 0.6029146313667297 0.7891193777322769
vt 0.6310320496559143 0.7710500359535217
vt 0.6151415705680847 0.7551202476024628
vt 0.6029146313667297 0.7891193777322769
vt 0.6151415705680847 0.7551202476024628
vt 0.5889208316802979 0.7757169902324677
vt 0.5779367685317993 0.8055997788906097
vt 0.6029146313667297 0.7891193777322769
vt 0.5889208316802979 0.7757169902324677
vt 0.5779367685317993 0.8055997788906097
vt 0.5889208316802979 0.7757169902324677
vt 0.5578727126121521 0.7877765446901321
vt 0.5507932305335999 0.8269751369953156
vt 0.5779367685317993 0.8055997788906097
vt 0.5578727126121521 0.7877765446901321
vt 0.5507932305335999 0.8269751369953156
vt 0.5578727126121521 0.7877765446901321
vt 0.5253809094429016 0.81535504758358
vt 0.5317802429199219 0.8501435965299606
vt 0.5507932305335999 0.8269751369953156
vt 0.5253809094429016 0.81535504758358
vt 0.5317802429199219 0.8501435965299606
vt 0.5253809094429016 0.81535504758358
vt 0.5047277808189392 0.8336191326379776
vt 0.6508311629295349 0.7548380941152573
vt 0.6714277863502502 0.7359848916530609
vt 0.6539875864982605 0.7198377251625061
vt 0.6508311629295349 0.7548380941152573
vt 0.6539875864982605 0.7198377251625061
vt 0.63516765832901 0.7378683984279633
vt 0.599289059638977 0.7378925085067749
vt 0.575775146484375 0.7599175423383713
vt 0.5889208316802979 0.7757169902324677
vt 0.599289059638977 0.7378925085067749
vt 0.5889208316802979 0.7757169902324677
vt 0.6151415705680847 0.7551202476024628
vt 0.5253809094429016 0.81535504758358
vt 0.5578727126121521 0.7877765446901321
vt 0.5349900126457214 0.7711670398712158
vt 0.5253809094429016 0.81535504758358
vt 0.5349900126457214 0.7711670398712158
vt 0.5015875101089478 0.798774927854538
vt 0.48352208733558655 0.8635927140712738
vt 0.5047277808189392 0.8336191326379776
vt 0.4627915322780609 0.8203064650297165
vt 0.48352208733558655 0.8635927140712738
vt 0.4627915322780609 0.8203064650297165
vt 0.45219147205352783 0.8569553941488266
vt 0.5015875101089478 0.798774927854538
vt 0.4627915322780609 0.8203064650297165
vt 0.5047277808189392 0.8336191326379776
vt 0.5015875101089478 0.798774927854538
vt 0.5047277808189392 0.8336191326379776
vt 0.5253809094429016 0.81535504758358
vt 0.6151415705680847 0.7551202476024628
vt 0.63516765832901 0.7378683984279633
vt 0.618405282497406 0.7218883037567139
vt 0.6151415705680847 0.7551202476024628
vt 0.618405282497406 0.7218883037567139
vt 0.599289059638977 0.7378925085067749
vt 0.63516765832901 0.7378683984279633
vt 0.6539875864982605 0.7198377251625061
vt 0.6378291249275208 0.7035599052906036
vt 0.63516765832901 0.7378683984279633
vt 0.6378291249275208 0.7035599052906036
vt 0.618405282497406 0.7218883037567139
vt 0.599289059638977 0.7378925085067749
vt 0.618405282497406 0.7218883037567139
vt 0.5967949032783508 0.7013333439826965
vt 0.599289059638977 0.7378925085067749
vt 0.5967949032783508 0.7013333439826965
vt 0.5805944800376892 0.7160299718379974
vt 0.618405282497406 0.7218883037567139
vt 0.6378291249275208 0.7035599052906036
vt 0.6181694865226746 0.6823379993438721
vt 0.618405282497406 0.7218883037567139
vt 0.6181694865226746 0.6823379993438721
vt 0.5967949032783508 0.7013333439826965
vt 0.7097474336624146 0.8252961784601212
vt 0.6845741868019104 0.8380312025547028
vt 0.7003247737884521 0.8659047335386276
vt 0.7097474336624146 0.8252961784601212
vt 0.7003247737884521 0.8659047335386276
vt 0.7319964170455933 0.8507499694824219
vt 0.5401255488395691 0.9278804957866669
vt 0.5446063876152039 0.9571641907095909
vt 0.5770857930183411 0.9402938634157181
vt 0.5401255488395691 0.9278804957866669
vt 0.5770857930183411 0.9402938634157181
vt 0.5708001852035522 0.9122950509190559
vt 0.6197665333747864 0.917560450732708
vt 0.5708001852035522 0.9122950509190559
vt 0.5770857930183411 0.9402938634157181
vt 0.6197665333747864 0.917560450732708
vt 0.5770857930183411 0.9402938634157181
vt 0.6253105998039246 0.9393644630908966
vt 0.6510046124458313 0.9115280881524086
vt 0.6197665333747864 0.917560450732708
vt 0.6253105998039246 0.9393644630908966
vt 0.6510046124458313 0.9115280881524086
vt 0.6253105998039246 0.9393644630908966
vt 0.6581509113311768 0.9345182478427887
vt 0.7480480074882507 0.8752029240131378
vt 0.7174969911575317 0.8894217386841774
vt 0.7311227917671204 0.9143241718411446
vt 0.7480480074882507 0.8752029240131378
vt 0.7311227917671204 0.9143241718411446
vt 0.7655553817749023 0.8957463726401329
vt 0.7174969911575317 0.8894217386841774
vt 0.7480480074882507 0.8752029240131378
vt 0.7319964170455933 0.8507499694824219
vt 0.7174969911575317 0.8894217386841774
vt 0.7319964170455933 0.8507499694824219
vt 0.7003247737884521 0.8659047335386276
vt 0.6126595139503479 0.8972890451550484
vt 0.6412790417671204 0.8861962780356407
vt 0.6238505840301514 0.8701164722442627
vt 0.6126595139503479 0.8972890451550484
vt 0.6238505840301514 0.8701164722442627
vt 0.5987288355827332 0.8871611058712006
vt 0.6412790417671204 0.8861962780356407
vt 0.6126595139503479 0.8972890451550484
vt 0.6197665333747864 0.917560450732708
vt 0.6412790417671204 0.8861962780356407
vt 0.6197665333747864 0.917560450732708
vt 0.6510046124458313 0.9115280881524086
vt 0.6523299813270569 0.8548171669244766
vt 0.6238505840301514 0.8701164722442627
vt 0.6412790417671204 0.8861962780356407
vt 0.6523299813270569 0.8548171669244766
vt 0.6412790417671204 0.8861962780356407
vt 0.6690102815628052 0.8773968145251274
vt 0.6845741868019104 0.8380312025547028
vt 0.6523299813270569 0.8548171669244766
vt 0.6690102815628052 0.8773968145251274
vt 0.6845741868019104 0.8380312025547028
vt 0.6690102815628052 0.8773968145251274
vt 0.7003247737884521 0.8659047335386276
vt 0.6690102815628052 0.8773968145251274
vt 0.6412790417671204 0.8861962780356407
vt 0.6510046124458313 0.9115280881524086
vt 0.6690102815628052 0.8773968145251274
vt 0.6510046124458313 0.9115280881524086
vt 0.6804656386375427 0.9024076387286186
vt 0.7003247737884521 0.8659047335386276
vt 0.6690102815628052 0.8773968145251274
vt 0.6804656386375427 0.9024076387286186
vt 0.7003247737884521 0.8659047335386276
vt 0.6804656386375427 0.9024076387286186
vt 0.7174969911575317 0.8894217386841774
vt 0.6804656386375427 0.9024076387286186
vt 0.6510046124458313 0.9115280881524086
vt 0.6581509113311768 0.9345182478427887
vt 0.6804656386375427 0.9024076387286186
vt 0.6581509113311768 0.9345182478427887
vt 0.6927707195281982 0.9293829202651978
vt 0.7174969911575317 0.8894217386841774
vt 0.6804656386375427 0.9024076387286186
vt 0.6927707195281982 0.9293829202651978
vt 0.7174969911575317 0.8894217386841774
vt 0.6927707195281982 0.9293829202651978
vt 0.7311227917671204 0.9143241718411446
vt 0.6197665333747864 0.917560450732708
vt 0.6126595139503479 0.8972890451550484
vt 0.5987288355827332 0.8871611058712006
vt 0.6197665333747864 0.917560450732708
vt 0.5987288355827332 0.8871611058712006
vt 0.5708001852035522 0.9122950509190559
vt 0.7655553817749023 0.8957463726401329
vt 0.7311227917671204 0.9143241718411446
vt 0.7423626184463501 0.9426994323730469
vt 0.7655553817749023 0.8957463726401329
vt 0.7423626184463501 0.9426994323730469
vt 0.7866237163543701 0.9218635931611061
vt 0.7423626184463501 0.9426994323730469
vt 0.7311227917671204 0.9143241718411446
vt 0.6927707195281982 0.9293829202651978
vt 0.7423626184463501 0.9426994323730469
vt 0.6927707195281982 0.9293829202651978
vt 0.6958910226821899 0.9565732926130295
vt 0.2833348512649536 0.02490234375
vt 0.24792341887950897 0.0257604718208313
vt 0.24947234988212585 0.0407753586769104
vt 0.2833348512649536 0.02490234375
vt 0.24947234988212585 0.0407753586769104
vt 0.2902502715587616 0.04688161611557007
vt 0.3346221446990967 0.0214846134185791
vt 0.2833348512649536 0.02490234375
vt 0.2902502715587616 0.04688161611557007
vt 0.3346221446990967 0.0214846134185791
vt 0.2902502715587616 0.04688161611557007
vt 0.3311632573604584 0.050550878047943115
vt 0.5860771536827087 0.961344238370657
vt 0.5774712562561035 0.9698413256555796
vt 0.6268616914749146 0.982980526983738
vt 0.5860771536827087 0.961344238370657
vt 0.6268616914749146 0.982980526983738
vt 0.6309559941291809 0.9618140868842602
vt 0.5860771536827087 0.961344238370657
vt 0.6309559941291809 0.9618140868842602
vt 0.6253105998039246 0.9393644630908966
vt 0.5860771536827087 0.961344238370657
vt 0.6253105998039246 0.9393644630908966
vt 0.5770857930183411 0.9402938634157181
vt 0.5774712562561035 0.9698413256555796
vt 0.5860771536827087 0.961344238370657
vt 0.5770857930183411 0.9402938634157181
vt 0.5774712562561035 0.9698413256555796
vt 0.5770857930183411 0.9402938634157181
vt 0.5446063876152039 0.9571641907095909
vt 0.6581509113311768 0.9345182478427887
vt 0.6253105998039246 0.9393644630908966
vt 0.6309559941291809 0.9618140868842602
vt 0.6581509113311768 0.9345182478427887
vt 0.6309559941291809 0.9618140868842602
vt 0.6615114212036133 0.9562934190034866
vt 0.6927707195281982 0.9293829202651978
vt 0.6581509113311768 0.9345182478427887
vt 0.6615114212036133 0.9562934190034866
vt 0.6927707195281982 0.9293829202651978
vt 0.6615114212036133 0.9562934190034866
vt 0.6958910226821899 0.9565732926130295
vt 0.3346221446990967 0.0214846134185791
vt 0.3311632573604584 0.050550878047943115
vt 0.3605201840400696 0.053705692291259766
vt 0.3346221446990967 0.0214846134185791
vt 0.3605201840400696 0.053705692291259766
vt 0.36593377590179443 0.024274706840515137
vt 0.6309559941291809 0.9618140868842602
vt 0.6268616914749146 0.982980526983738
vt 0.6576988101005554 0.9889220502227545
vt 0.6309559941291809 0.9618140868842602
vt 0.6576988101005554 0.9889220502227545
vt 0.6615114212036133 0.9562934190034866
vt 0.4033178389072418 0.029296040534973145
vt 0.36593377590179443 0.024274706840515137
vt 0.3605201840400696 0.053705692291259766
vt 0.4033178389072418 0.029296040534973145
vt 0.3605201840400696 0.053705692291259766
vt 0.3960810601711273 0.06552994251251221
vt 0.6615114212036133 0.9562934190034866
vt 0.6576988101005554 0.9889220502227545
vt 0.6957982778549194 0.9899999853223562
vt 0.6615114212036133 0.9562934190034866
vt 0.6957982778549194 0.9899999853223562
vt 0.6958910226821899 0.9565732926130295
vt 0.4033178389072418 0.029296040534973145
vt 0.3960810601711273 0.06552994251251221
vt 0.4431436061859131 0.07852894067764282
vt 0.4033178389072418 0.029296040534973145
vt 0.4431436061859131 0.07852894067764282
vt 0.45657721161842346 0.045734286308288574
vt 0.6958910226821899 0.9565732926130295
vt 0.6957982778549194 0.9899999853223562
vt 0.7525748014450073 0.981675423681736
vt 0.6958910226821899 0.9565732926130295
vt 0.7525748014450073 0.981675423681736
vt 0.7423626184463501 0.9426994323730469
vt 0.7423626184463501 0.9426994323730469
vt 0.7525748014450073 0.981675423681736
vt 0.8032935261726379 0.9600468687713146
vt 0.7423626184463501 0.9426994323730469
vt 0.8032935261726379 0.9600468687713146
vt 0.7866237163543701 0.9218635931611061
vt 0.5055922269821167 0.06277036666870117
vt 0.45657721161842346 0.045734286308288574
vt 0.4431436061859131 0.07852894067764282
vt 0.5055922269821167 0.06277036666870117
vt 0.4431436061859131 0.07852894067764282
vt 0.48796623945236206 0.10450953245162964
vt 0.6996073126792908 0.7685812562704086
vt 0.7213262319564819 0.7533252239227295
vt 0.70929354429245 0.7380329370498657
vt 0.6996073126792908 0.7685812562704086
vt 0.70929354429245 0.7380329370498657
vt 0.686585545539856 0.7529384642839432
vt 0.7398388385772705 0.7368832230567932
vt 0.7544867396354675 0.7237235903739929
vt 0.7422623038291931 0.7086533010005951
vt 0.7398388385772705 0.7368832230567932
vt 0.7422623038291931 0.7086533010005951
vt 0.7251741886138916 0.7238351702690125
vt 0.7213262319564819 0.7533252239227295
vt 0.7398388385772705 0.7368832230567932
vt 0.7251741886138916 0.7238351702690125
vt 0.7213262319564819 0.7533252239227295
vt 0.7251741886138916 0.7238351702690125
vt 0.70929354429245 0.7380329370498657
vt 0.686585545539856 0.7529384642839432
vt 0.70929354429245 0.7380329370498657
vt 0.6915431618690491 0.7161888480186462
vt 0.686585545539856 0.7529384642839432
vt 0.6915431618690491 0.7161888480186462
vt 0.6714277863502502 0.7359848916530609
vt 0.7251741886138916 0.7238351702690125
vt 0.7422623038291931 0.7086533010005951
vt 0.7260994911193848 0.6909924745559692
vt 0.7251741886138916 0.7238351702690125
vt 0.7260994911193848 0.6909924745559692
vt 0.7067664861679077 0.7042339742183685
vt 0.70929354429245 0.7380329370498657
vt 0.7251741886138916 0.7238351702690125
vt 0.7067664861679077 0.7042339742183685
vt 0.70929354429245 0.7380329370498657
vt 0.7067664861679077 0.7042339742183685
vt 0.6915431618690491 0.7161888480186462
vt 0.7701261043548584 0.5924771726131439
vt 0.7825964689254761 0.617503434419632
vt 0.8130075335502625 0.5980236828327179
vt 0.7701261043548584 0.5924771726131439
vt 0.8130075335502625 0.5980236828327179
vt 0.8057361841201782 0.568505585193634
vt 0.8130075335502625 0.5980236828327179
vt 0.7825964689254761 0.617503434419632
vt 0.79924076795578 0.637387752532959
vt 0.8130075335502625 0.5980236828327179
vt 0.79924076795578 0.637387752532959
vt 0.8245186805725098 0.6171996593475342
vt 0.8729169964790344 0.5814465582370758
vt 0.8934014439582825 0.5471301078796387
vt 0.8587852120399475 0.5457223057746887
vt 0.8729169964790344 0.5814465582370758
vt 0.8587852120399475 0.5457223057746887
vt 0.8565149903297424 0.5702632367610931
vt 0.7334148287773132 0.6549113392829895
vt 0.7114631533622742 0.6696699857711792
vt 0.7260994911193848 0.6909924745559692
vt 0.7334148287773132 0.6549113392829895
vt 0.7260994911193848 0.6909924745559692
vt 0.7488078474998474 0.6756734549999237
vt 0.7488078474998474 0.6756734549999237
vt 0.774003267288208 0.6598745286464691
vt 0.7543573379516602 0.6370806992053986
vt 0.7488078474998474 0.6756734549999237
vt 0.7543573379516602 0.6370806992053986
vt 0.7334148287773132 0.6549113392829895
vt 0.774003267288208 0.6598745286464691
vt 0.79924076795578 0.637387752532959
vt 0.7825964689254761 0.617503434419632
vt 0.774003267288208 0.6598745286464691
vt 0.7825964689254761 0.617503434419632
vt 0.7543573379516602 0.6370806992053986
vt 0.6714277863502502 0.7359848916530609
vt 0.6915431618690491 0.7161888480186462
vt 0.6752382516860962 0.7011235654354095
vt 0.6714277863502502 0.7359848916530609
vt 0.6752382516860962 0.7011235654354095
vt 0.6539875864982605 0.7198377251625061
vt 0.6915431618690491 0.7161888480186462
vt 0.7067664861679077 0.7042339742183685
vt 0.6929057836532593 0.6854194700717926
vt 0.6915431618690491 0.7161888480186462
vt 0.6929057836532593 0.6854194700717926
vt 0.6752382516860962 0.7011235654354095
vt 0.6929057836532593 0.6854194700717926
vt 0.7067664861679077 0.7042339742183685
vt 0.7260994911193848 0.6909924745559692
vt 0.6929057836532593 0.6854194700717926
vt 0.7260994911193848 0.6909924745559692
vt 0.7114631533622742 0.6696699857711792
vt 0.6724281311035156 0.4428829550743103
vt 0.7027497291564941 0.44592416286468506
vt 0.7018710374832153 0.41892939805984497
vt 0.6724281311035156 0.4428829550743103
vt 0.7018710374832153 0.41892939805984497
vt 0.6672040224075317 0.4182734489440918
vt 0.7027497291564941 0.44592416286468506
vt 0.6724281311035156 0.4428829550743103
vt 0.6784855127334595 0.4714016318321228
vt 0.7027497291564941 0.44592416286468506
vt 0.6784855127334595 0.4714016318321228
vt 0.7038922309875488 0.4769682288169861
vt 0.653897762298584 0.4502256512641907
vt 0.6724281311035156 0.4428829550743103
vt 0.6672040224075317 0.4182734489440918
vt 0.653897762298584 0.4502256512641907
vt 0.6672040224075317 0.4182734489440918
vt 0.6440366506576538 0.42319583892822266
vt 0.9636290073394775 0.580247312784195
vt 0.9838168621063232 0.5845518112182617
vt 0.9839625358581543 0.5547835230827332
vt 0.9636290073394775 0.580247312784195
vt 0.9839625358581543 0.5547835230827332
vt 0.9727442264556885 0.5471568703651428
vt 0.9636290073394775 0.580247312784195
vt 0.9381479024887085 0.5650267601013184
vt 0.9187481999397278 0.590732604265213
vt 0.9636290073394775 0.580247312784195
vt 0.9187481999397278 0.590732604265213
vt 0.9552361965179443 0.6083137392997742
vt 0.9381479024887085 0.5650267601013184
vt 0.9636290073394775 0.580247312784195
vt 0.9727442264556885 0.5471568703651428
vt 0.9381479024887085 0.5650267601013184
vt 0.9727442264556885 0.5471568703651428
vt 0.9605268239974976 0.5336832404136658
vt 0.9381479024887085 0.5650267601013184
vt 0.9311918616294861 0.5430521368980408
vt 0.8934014439582825 0.5471301078796387
vt 0.9381479024887085 0.5650267601013184
vt 0.8934014439582825 0.5471301078796387
vt 0.9187481999397278 0.590732604265213
vt 0.9311918616294861 0.5430521368980408
vt 0.9381479024887085 0.5650267601013184
vt 0.9605268239974976 0.5336832404136658
vt 0.9311918616294861 0.5430521368980408
vt 0.9605268239974976 0.5336832404136658
vt 0.9520453214645386 0.5226026177406311
vt 0.18922024965286255 0.9833328053355217
vt 0.1750917136669159 0.9506100416183472
vt 0.15902560949325562 0.9706298056989908
vt 0.18922024965286255 0.9833328053355217
vt 0.15902560949325562 0.9706298056989908
vt 0.1721031367778778 0.9900000002235174
vt 0.9520453214645386 0.5226026177406311
vt 0.9286254048347473 0.5117506682872772
vt 0.9223284125328064 0.5239167511463165
vt 0.9520453214645386 0.5226026177406311
vt 0.9223284125328064 0.5239167511463165
vt 0.9311918616294861 0.5430521368980408
vt 0.8619087338447571 0.49854105710983276
vt 0.8595025539398193 0.5220454037189484
vt 0.8945260643959045 0.5189386010169983
vt 0.8619087338447571 0.49854105710983276
vt 0.8945260643959045 0.5189386010169983
vt 0.8991549611091614 0.5011271834373474
vt 0.8934014439582825 0.5471301078796387
vt 0.8945260643959045 0.5189386010169983
vt 0.8595025539398193 0.5220454037189484
vt 0.8934014439582825 0.5471301078796387
vt 0.8595025539398193 0.5220454037189484
vt 0.8587852120399475 0.5457223057746887
vt 0.8991549611091614 0.5011271834373474
vt 0.8945260643959045 0.5189386010169983
vt 0.9223284125328064 0.5239167511463165
vt 0.8991549611091614 0.5011271834373474
vt 0.9223284125328064 0.5239167511463165
vt 0.9286254048347473 0.5117506682872772
vt 0.9223284125328064 0.5239167511463165
vt 0.8945260643959045 0.5189386010169983
vt 0.8934014439582825 0.5471301078796387
vt 0.9223284125328064 0.5239167511463165
vt 0.8934014439582825 0.5471301078796387
vt 0.9311918616294861 0.5430521368980408
vt 0.1750917136669159 0.9506100416183472
vt 0.18922024965286255 0.9833328053355217
vt 0.19957783818244934 0.9705613497644663
vt 0.1750917136669159 0.9506100416183472
vt 0.19957783818244934 0.9705613497644663
vt 0.18862353265285492 0.9415203332901001
vt 0.18862353265285492 0.9415203332901001
vt 0.19957783818244934 0.9705613497644663
vt 0.2166731208562851 0.9575290903449059
vt 0.18862353265285492 0.9415203332901001
vt 0.2166731208562851 0.9575290903449059
vt 0.21150197088718414 0.9323421120643616
vt 0.23121094703674316 0.9255287647247314
vt 0.21150197088718414 0.9323421120643616
vt 0.2166731208562851 0.9575290903449059
vt 0.23121094703674316 0.9255287647247314
vt 0.2166731208562851 0.9575290903449059
vt 0.24641172587871552 0.9460484087467194
vt 0.2166731208562851 0.9575290903449059
vt 0.23360306024551392 0.9864330496639013
vt 0.25625133514404297 0.9652624949812889
vt 0.2166731208562851 0.9575290903449059
vt 0.25625133514404297 0.9652624949812889
vt 0.24641172587871552 0.9460484087467194
vt 0.15981316566467285 0.9358406960964203
vt 0.1750917136669159 0.9506100416183472
vt 0.18862353265285492 0.9415203332901001
vt 0.15981316566467285 0.9358406960964203
vt 0.18862353265285492 0.9415203332901001
vt 0.1796106994152069 0.9204380661249161
vt 0.6991779804229736 0.6503210365772247
vt 0.7114631533622742 0.6696699857711792
vt 0.7334148287773132 0.6549113392829895
vt 0.6991779804229736 0.6503210365772247
vt 0.7334148287773132 0.6549113392829895
vt 0.7173271179199219 0.633560836315155
vt 0.6799588799476624 0.6669154465198517
vt 0.6929057836532593 0.6854194700717926
vt 0.7114631533622742 0.6696699857711792
vt 0.6799588799476624 0.6669154465198517
vt 0.7114631533622742 0.6696699857711792
vt 0.6991779804229736 0.6503210365772247
vt 0.6615781188011169 0.6833286881446838
vt 0.6752382516860962 0.7011235654354095
vt 0.6929057836532593 0.6854194700717926
vt 0.6615781188011169 0.6833286881446838
vt 0.6929057836532593 0.6854194700717926
vt 0.6799588799476624 0.6669154465198517
vt 0.6539875864982605 0.7198377251625061
vt 0.6752382516860962 0.7011235654354095
vt 0.6615781188011169 0.6833286881446838
vt 0.6539875864982605 0.7198377251625061
vt 0.6615781188011169 0.6833286881446838
vt 0.6378291249275208 0.7035599052906036
vt 0.7389265298843384 0.6144046783447266
vt 0.7543573379516602 0.6370806992053986
vt 0.7825964689254761 0.617503434419632
vt 0.7389265298843384 0.6144046783447266
vt 0.7825964689254761 0.617503434419632
vt 0.7701261043548584 0.5924771726131439
vt 0.7173271179199219 0.633560836315155
vt 0.7334148287773132 0.6549113392829895
vt 0.7543573379516602 0.6370806992053986
vt 0.7173271179199219 0.633560836315155
vt 0.7543573379516602 0.6370806992053986
vt 0.7389265298843384 0.6144046783447266
vt 0.42831385135650635 0.10168731212615967
vt 0.4431436061859131 0.07852894067764282
vt 0.3960810601711273 0.06552994251251221
vt 0.42831385135650635 0.10168731212615967
vt 0.3960810601711273 0.06552994251251221
vt 0.3856385350227356 0.09048688411712646
vt 0.474189817905426 0.12916404008865356
vt 0.48796623945236206 0.10450953245162964
vt 0.4431436061859131 0.07852894067764282
vt 0.474189817905426 0.12916404008865356
vt 0.4431436061859131 0.07852894067764282
vt 0.42831385135650635 0.10168731212615967
vt 0.3535926938056946 0.08090710639953613
vt 0.3605201840400696 0.053705692291259766
vt 0.3311632573604584 0.050550878047943115
vt 0.3535926938056946 0.08090710639953613
vt 0.3311632573604584 0.050550878047943115
vt 0.32747703790664673 0.07869064807891846
vt 0.3856385350227356 0.09048688411712646
vt 0.3960810601711273 0.06552994251251221
vt 0.3605201840400696 0.053705692291259766
vt 0.3856385350227356 0.09048688411712646
vt 0.3605201840400696 0.053705692291259766
vt 0.3535926938056946 0.08090710639953613
vt 0.25689631700515747 0.11544787883758545
vt 0.23794366419315338 0.08157926797866821
vt 0.21686811745166779 0.10398554801940918
vt 0.25689631700515747 0.11544787883758545
vt 0.21686811745166779 0.10398554801940918
vt 0.2283414602279663 0.13703638315200806
vt 0.5062814354896545 0.8797651380300522
vt 0.46810081601142883 0.9158826619386673
vt 0.490847647190094 0.9227821305394173
vt 0.5062814354896545 0.8797651380300522
vt 0.490847647190094 0.9227821305394173
vt 0.5227944254875183 0.9025725200772285
vt 0.4675882160663605 0.937782034277916
vt 0.490847647190094 0.9227821305394173
vt 0.46810081601142883 0.9158826619386673
vt 0.4675882160663605 0.937782034277916
vt 0.46810081601142883 0.9158826619386673
vt 0.446831077337265 0.9450456202030182
vt 0.48352208733558655 0.8635927140712738
vt 0.4530113935470581 0.906387560069561
vt 0.46810081601142883 0.9158826619386673
vt 0.48352208733558655 0.8635927140712738
vt 0.46810081601142883 0.9158826619386673
vt 0.5062814354896545 0.8797651380300522
vt 0.446831077337265 0.9450456202030182
vt 0.46810081601142883 0.9158826619386673
vt 0.4530113935470581 0.906387560069561
vt 0.446831077337265 0.9450456202030182
vt 0.4530113935470581 0.906387560069561
vt 0.43479037284851074 0.9443135559558868
vt 0.5227944254875183 0.9025725200772285
vt 0.490847647190094 0.9227821305394173
vt 0.5000556707382202 0.9366360604763031
vt 0.5227944254875183 0.9025725200772285
vt 0.5000556707382202 0.9366360604763031
vt 0.5401255488395691 0.9278804957866669
vt 0.4713267683982849 0.9438227415084839
vt 0.5000556707382202 0.9366360604763031
vt 0.490847647190094 0.9227821305394173
vt 0.4713267683982849 0.9438227415084839
vt 0.490847647190094 0.9227821305394173
vt 0.4675882160663605 0.937782034277916
vt 0.45219147205352783 0.8569553941488266
vt 0.43470460176467896 0.8962443694472313
vt 0.4530113935470581 0.906387560069561
vt 0.45219147205352783 0.8569553941488266
vt 0.4530113935470581 0.906387560069561
vt 0.48352208733558655 0.8635927140712738
vt 0.4530113935470581 0.906387560069561
vt 0.43470460176467896 0.8962443694472313
vt 0.42349013686180115 0.9310028254985809
vt 0.4530113935470581 0.906387560069561
vt 0.42349013686180115 0.9310028254985809
vt 0.43479037284851074 0.9443135559558868
vt 0.5401255488395691 0.9278804957866669
vt 0.5000556707382202 0.9366360604763031
vt 0.5023016929626465 0.950685665011406
vt 0.5401255488395691 0.9278804957866669
vt 0.5023016929626465 0.950685665011406
vt 0.5446063876152039 0.9571641907095909
vt 0.5023016929626465 0.950685665011406
vt 0.5000556707382202 0.9366360604763031
vt 0.4713267683982849 0.9438227415084839
vt 0.5023016929626465 0.950685665011406
vt 0.4713267683982849 0.9438227415084839
vt 0.4704151451587677 0.951110765337944
vt 0.24792341887950897 0.0257604718208313
vt 0.2056863009929657 0.025396108627319336
vt 0.2181931734085083 0.04140132665634155
vt 0.24792341887950897 0.0257604718208313
vt 0.2181931734085083 0.04140132665634155
vt 0.24947234988212585 0.0407753586769104
vt 0.2181931734085083 0.04140132665634155
vt 0.2055637389421463 0.06082606315612793
vt 0.23794366419315338 0.08157926797866821
vt 0.2181931734085083 0.04140132665634155
vt 0.23794366419315338 0.08157926797866821
vt 0.24947234988212585 0.0407753586769104
vt 0.2055637389421463 0.06082606315612793
vt 0.18939849734306335 0.07694482803344727
vt 0.21686811745166779 0.10398554801940918
vt 0.2055637389421463 0.06082606315612793
vt 0.21686811745166779 0.10398554801940918
vt 0.23794366419315338 0.08157926797866821
vt 0.1763569563627243 0.4708549976348877
vt 0.2215900868177414 0.45429229736328125
vt 0.20056560635566711 0.4292018413543701
vt 0.1763569563627243 0.4708549976348877
vt 0.20056560635566711 0.4292018413543701
vt 0.17312435805797577 0.43947046995162964
vt 0.20056560635566711 0.4292018413543701
vt 0.19152474403381348 0.39884424209594727
vt 0.17001333832740784 0.40768885612487793
vt 0.20056560635566711 0.4292018413543701
vt 0.17001333832740784 0.40768885612487793
vt 0.17312435805797577 0.43947046995162964
vt 0.15391507744789124 0.057564496994018555
vt 0.18939849734306335 0.07694482803344727
vt 0.2055637389421463 0.06082606315612793
vt 0.15391507744789124 0.057564496994018555
vt 0.2055637389421463 0.06082606315612793
vt 0.15036983788013458 0.034895360469818115
vt 0.19152474403381348 0.39884424209594727
vt 0.1845237910747528 0.37449491024017334
vt 0.172109454870224 0.37938451766967773
vt 0.19152474403381348 0.39884424209594727
vt 0.172109454870224 0.37938451766967773
vt 0.17001333832740784 0.40768885612487793
vt 0.1845237910747528 0.37449491024017334
vt 0.17459151148796082 0.3566220998764038
vt 0.1659456193447113 0.369096577167511
vt 0.1845237910747528 0.37449491024017334
vt 0.1659456193447113 0.369096577167511
vt 0.172109454870224 0.37938451766967773
vt 0.1837308406829834 0.15038728713989258
vt 0.18063606321811676 0.11749148368835449
vt 0.14471183717250824 0.12084084749221802
vt 0.1837308406829834 0.15038728713989258
vt 0.14471183717250824 0.12084084749221802
vt 0.1417715698480606 0.15702605247497559
vt 0.14471183717250824 0.12084084749221802
vt 0.18063606321811676 0.11749148368835449
vt 0.16502143442630768 0.08806413412094116
vt 0.14471183717250824 0.12084084749221802
vt 0.16502143442630768 0.08806413412094116
vt 0.15357699990272522 0.08612316846847534
vt 0.18939849734306335 0.07694482803344727
vt 0.16502143442630768 0.08806413412094116
vt 0.18063606321811676 0.11749148368835449
vt 0.18939849734306335 0.07694482803344727
vt 0.18063606321811676 0.11749148368835449
vt 0.21686811745166779 0.10398554801940918
vt 0.15391507744789124 0.057564496994018555
vt 0.15357699990272522 0.08612316846847534
vt 0.16502143442630768 0.08806413412094116
vt 0.15391507744789124 0.057564496994018555
vt 0.16502143442630768 0.08806413412094116
vt 0.18939849734306335 0.07694482803344727
vt 0.2596540153026581 0.15320038795471191
vt 0.25689631700515747 0.11544787883758545
vt 0.2283414602279663 0.13703638315200806
vt 0.2596540153026581 0.15320038795471191
vt 0.2283414602279663 0.13703638315200806
vt 0.24278348684310913 0.16412460803985596
vt 0.18614797294139862 0.18227028846740723
vt 0.1837308406829834 0.15038728713989258
vt 0.1417715698480606 0.15702605247497559
vt 0.18614797294139862 0.18227028846740723
vt 0.1417715698480606 0.15702605247497559
vt 0.14703215658664703 0.1874588131904602
vt 0.20515908300876617 0.4931418299674988
vt 0.24476079642772675 0.4703121781349182
vt 0.2215900868177414 0.45429229736328125
vt 0.20515908300876617 0.4931418299674988
vt 0.2215900868177414 0.45429229736328125
vt 0.1763569563627243 0.4708549976348877
vt 0.46183738112449646 0.7807314842939377
vt 0.4627915322780609 0.8203064650297165
vt 0.5015875101089478 0.798774927854538
vt 0.46183738112449646 0.7807314842939377
vt 0.5015875101089478 0.798774927854538
vt 0.48902207612991333 0.7768989950418472
vt 0.17816254496574402 0.5106146037578583
vt 0.20515908300876617 0.4931418299674988
vt 0.1763569563627243 0.4708549976348877
vt 0.17816254496574402 0.5106146037578583
vt 0.1763569563627243 0.4708549976348877
vt 0.1568465530872345 0.5058979690074921
vt 0.5060755014419556 0.7505658715963364
vt 0.48902207612991333 0.7768989950418472
vt 0.5015875101089478 0.798774927854538
vt 0.5060755014419556 0.7505658715963364
vt 0.5015875101089478 0.798774927854538
vt 0.5349900126457214 0.7711670398712158
vt 0.4636954367160797 0.7331966459751129
vt 0.46183738112449646 0.7807314842939377
vt 0.48902207612991333 0.7768989950418472
vt 0.4636954367160797 0.7331966459751129
vt 0.48902207612991333 0.7768989950418472
vt 0.5060755014419556 0.7505658715963364
vt 0.17897137999534607 0.5447773635387421
vt 0.17816254496574402 0.5106146037578583
vt 0.1568465530872345 0.5058979690074921
vt 0.17897137999534607 0.5447773635387421
vt 0.1568465530872345 0.5058979690074921
vt 0.14985916018486023 0.5459876656532288
vt 0.2705642580986023 0.17525798082351685
vt 0.2596540153026581 0.15320038795471191
vt 0.24278348684310913 0.16412460803985596
vt 0.2705642580986023 0.17525798082351685
vt 0.24278348684310913 0.16412460803985596
vt 0.25409969687461853 0.1838732361793518
vt 0.18614797294139862 0.18227028846740723
vt 0.14703215658664703 0.1874588131904602
vt 0.15216968953609467 0.21669942140579224
vt 0.18614797294139862 0.18227028846740723
vt 0.15216968953609467 0.21669942140579224
vt 0.18995420634746552 0.21020787954330444
vt 0.17565205693244934 0.5819222033023834
vt 0.17897137999534607 0.5447773635387421
vt 0.14985916018486023 0.5459876656532288
vt 0.17565205693244934 0.5819222033023834
vt 0.14985916018486023 0.5459876656532288
vt 0.14521153271198273 0.5807973742485046
vt 0.26607266068458557 0.4872817397117615
vt 0.23878872394561768 0.5113490521907806
vt 0.26201337575912476 0.5357107818126678
vt 0.26607266068458557 0.4872817397117615
vt 0.26201337575912476 0.5357107818126678
vt 0.28983283042907715 0.5126625597476959
vt 0.18995420634746552 0.21020787954330444
vt 0.15216968953609467 0.21669942140579224
vt 0.15967778861522675 0.25470834970474243
vt 0.18995420634746552 0.21020787954330444
vt 0.15967778861522675 0.25470834970474243
vt 0.19879646599292755 0.24426722526550293
vt 0.2705642580986023 0.17525798082351685
vt 0.25409969687461853 0.1838732361793518
vt 0.26917263865470886 0.21128779649734497
vt 0.2705642580986023 0.17525798082351685
vt 0.26917263865470886 0.21128779649734497
vt 0.2864464223384857 0.20113921165466309
vt 0.3434379994869232 0.13233906030654907
vt 0.35244905948638916 0.16346490383148193
vt 0.3730073571205139 0.15366369485855103
vt 0.3434379994869232 0.13233906030654907
vt 0.3730073571205139 0.15366369485855103
vt 0.3705623149871826 0.13233250379562378
vt 0.1443725824356079 0.47064071893692017
vt 0.1763569563627243 0.4708549976348877
vt 0.17312435805797577 0.43947046995162964
vt 0.1443725824356079 0.47064071893692017
vt 0.17312435805797577 0.43947046995162964
vt 0.15189652144908905 0.4357563257217407
vt 0.17001333832740784 0.40768885612487793
vt 0.14910092949867249 0.3971545696258545
vt 0.15189652144908905 0.4357563257217407
vt 0.17001333832740784 0.40768885612487793
vt 0.15189652144908905 0.4357563257217407
vt 0.17312435805797577 0.43947046995162964
vt 0.172109454870224 0.37938451766967773
vt 0.1659456193447113 0.369096577167511
vt 0.14910092949867249 0.3971545696258545
vt 0.172109454870224 0.37938451766967773
vt 0.14910092949867249 0.3971545696258545
vt 0.17001333832740784 0.40768885612487793
vt 0.1568465530872345 0.5058979690074921
vt 0.1763569563627243 0.4708549976348877
vt 0.1443725824356079 0.47064071893692017
vt 0.1568465530872345 0.5058979690074921
vt 0.1443725824356079 0.47064071893692017
vt 0.12831589579582214 0.5002593100070953
vt 0.12831589579582214 0.5002593100070953
vt 0.11823266744613647 0.5406138300895691
vt 0.14985916018486023 0.5459876656532288
vt 0.12831589579582214 0.5002593100070953
vt 0.14985916018486023 0.5459876656532288
vt 0.1568465530872345 0.5058979690074921
vt 0.1331457793712616 0.4372910261154175
vt 0.11780884861946106 0.46572959423065186
vt 0.1443725824356079 0.47064071893692017
vt 0.1331457793712616 0.4372910261154175
vt 0.1443725824356079 0.47064071893692017
vt 0.15189652144908905 0.4357563257217407
vt 0.09455082565546036 0.4460284113883972
vt 0.11780884861946106 0.46572959423065186
vt 0.1331457793712616 0.4372910261154175
vt 0.09455082565546036 0.4460284113883972
vt 0.1331457793712616 0.4372910261154175
vt 0.1233224868774414 0.42584288120269775
vt 0.11780884861946106 0.46572959423065186
vt 0.10035232454538345 0.48970144987106323
vt 0.12831589579582214 0.5002593100070953
vt 0.11780884861946106 0.46572959423065186
vt 0.12831589579582214 0.5002593100070953
vt 0.1443725824356079 0.47064071893692017
vt 0.07535947114229202 0.4769711494445801
vt 0.10035232454538345 0.48970144987106323
vt 0.11780884861946106 0.46572959423065186
vt 0.07535947114229202 0.4769711494445801
vt 0.11780884861946106 0.46572959423065186
vt 0.09455082565546036 0.4460284113883972
vt 0.12831589579582214 0.5002593100070953
vt 0.10035232454538345 0.48970144987106323
vt 0.08110874891281128 0.5249178409576416
vt 0.12831589579582214 0.5002593100070953
vt 0.08110874891281128 0.5249178409576416
vt 0.11823266744613647 0.5406138300895691
vt 0.08110874891281128 0.5249178409576416
vt 0.10035232454538345 0.48970144987106323
vt 0.07535947114229202 0.4769711494445801
vt 0.08110874891281128 0.5249178409576416
vt 0.07535947114229202 0.4769711494445801
vt 0.056104183197021484 0.5162179172039032
vt 0.15189652144908905 0.4357563257217407
vt 0.14910092949867249 0.3971545696258545
vt 0.1233224868774414 0.42584288120269775
vt 0.15189652144908905 0.4357563257217407
vt 0.1233224868774414 0.42584288120269775
vt 0.1331457793712616 0.4372910261154175
vt 0.4021684229373932 0.1428961157798767
vt 0.3705623149871826 0.13233250379562378
vt 0.3730073571205139 0.15366369485855103
vt 0.4021684229373932 0.1428961157798767
vt 0.3730073571205139 0.15366369485855103
vt 0.39389923214912415 0.1729130744934082
vt 0.3730073571205139 0.15366369485855103
vt 0.35244905948638916 0.16346490383148193
vt 0.3708072006702423 0.18851953744888306
vt 0.3730073571205139 0.15366369485855103
vt 0.3708072006702423 0.18851953744888306
vt 0.39389923214912415 0.1729130744934082
vt 0.6181694865226746 0.6823379993438721
vt 0.6378291249275208 0.7035599052906036
vt 0.6615781188011169 0.6833286881446838
vt 0.6181694865226746 0.6823379993438721
vt 0.6615781188011169 0.6833286881446838
vt 0.6400589346885681 0.6592974066734314
vt 0.661522388458252 0.641838550567627
vt 0.6799588799476624 0.6669154465198517
vt 0.6991779804229736 0.6503210365772247
vt 0.661522388458252 0.641838550567627
vt 0.6991779804229736 0.6503210365772247
vt 0.6816771030426025 0.6238679587841034
vt 0.6400589346885681 0.6592974066734314
vt 0.6615781188011169 0.6833286881446838
vt 0.6799588799476624 0.6669154465198517
vt 0.6400589346885681 0.6592974066734314
vt 0.6799588799476624 0.6669154465198517
vt 0.661522388458252 0.641838550567627
vt 0.7591249942779541 0.5702091753482819
vt 0.7701261043548584 0.5924771726131439
vt 0.8057361841201782 0.568505585193634
vt 0.7591249942779541 0.5702091753482819
vt 0.8057361841201782 0.568505585193634
vt 0.7971500158309937 0.529934823513031
vt 0.7276076078414917 0.5921056270599365
vt 0.7389265298843384 0.6144046783447266
vt 0.7701261043548584 0.5924771726131439
vt 0.7276076078414917 0.5921056270599365
vt 0.7701261043548584 0.5924771726131439
vt 0.7591249942779541 0.5702091753482819
vt 0.7015581130981445 0.6074962317943573
vt 0.7173271179199219 0.633560836315155
vt 0.7389265298843384 0.6144046783447266
vt 0.7015581130981445 0.6074962317943573
vt 0.7389265298843384 0.6144046783447266
vt 0.7276076078414917 0.5921056270599365
vt 0.6816771030426025 0.6238679587841034
vt 0.6991779804229736 0.6503210365772247
vt 0.7173271179199219 0.633560836315155
vt 0.6816771030426025 0.6238679587841034
vt 0.7173271179199219 0.633560836315155
vt 0.7015581130981445 0.6074962317943573
vt 0.7455577850341797 0.5267453193664551
vt 0.7385339140892029 0.49492472410202026
vt 0.6958844065666199 0.5054638385772705
vt 0.7455577850341797 0.5267453193664551
vt 0.6958844065666199 0.5054638385772705
vt 0.7009799480438232 0.5413535237312317
vt 0.7968835830688477 0.4963029623031616
vt 0.7385339140892029 0.49492472410202026
vt 0.7455577850341797 0.5267453193664551
vt 0.7968835830688477 0.4963029623031616
vt 0.7455577850341797 0.5267453193664551
vt 0.7971500158309937 0.529934823513031
vt 0.7591249942779541 0.5702091753482819
vt 0.7971500158309937 0.529934823513031
vt 0.7455577850341797 0.5267453193664551
vt 0.7591249942779541 0.5702091753482819
vt 0.7455577850341797 0.5267453193664551
vt 0.741408109664917 0.5507570505142212
vt 0.7276076078414917 0.5921056270599365
vt 0.7591249942779541 0.5702091753482819
vt 0.741408109664917 0.5507570505142212
vt 0.7276076078414917 0.5921056270599365
vt 0.741408109664917 0.5507570505142212
vt 0.7093134522438049 0.566559761762619
vt 0.7009799480438232 0.5413535237312317
vt 0.7093134522438049 0.566559761762619
vt 0.741408109664917 0.5507570505142212
vt 0.7009799480438232 0.5413535237312317
vt 0.741408109664917 0.5507570505142212
vt 0.7455577850341797 0.5267453193664551
vt 0.5907838940620422 0.554865688085556
vt 0.5558450818061829 0.5806372761726379
vt 0.5883905291557312 0.6099833548069
vt 0.5907838940620422 0.554865688085556
vt 0.5883905291557312 0.6099833548069
vt 0.6189889311790466 0.5890243351459503
vt 0.5255500078201294 0.6842392086982727
vt 0.5425188541412354 0.6603651344776154
vt 0.5040000081062317 0.6416254043579102
vt 0.5255500078201294 0.6842392086982727
vt 0.5040000081062317 0.6416254043579102
vt 0.4866558909416199 0.6709153354167938
vt 0.5558450818061829 0.5806372761726379
vt 0.5278281569480896 0.6091215312480927
vt 0.565485954284668 0.6346925497055054
vt 0.5558450818061829 0.5806372761726379
vt 0.565485954284668 0.6346925497055054
vt 0.5883905291557312 0.6099833548069
vt 0.5425188541412354 0.6603651344776154
vt 0.565485954284668 0.6346925497055054
vt 0.5278281569480896 0.6091215312480927
vt 0.5425188541412354 0.6603651344776154
vt 0.5278281569480896 0.6091215312480927
vt 0.5040000081062317 0.6416254043579102
vt 0.5425188541412354 0.6603651344776154
vt 0.5255500078201294 0.6842392086982727
vt 0.5564157366752625 0.6992828249931335
vt 0.5425188541412354 0.6603651344776154
vt 0.5564157366752625 0.6992828249931335
vt 0.5710114240646362 0.6795255839824677
vt 0.5710114240646362 0.6795255839824677
vt 0.5564157366752625 0.6992828249931335
vt 0.5805944800376892 0.7160299718379974
vt 0.5710114240646362 0.6795255839824677
vt 0.5805944800376892 0.7160299718379974
vt 0.5967949032783508 0.7013333439826965
vt 0.565485954284668 0.6346925497055054
vt 0.5425188541412354 0.6603651344776154
vt 0.5710114240646362 0.6795255839824677
vt 0.565485954284668 0.6346925497055054
vt 0.5710114240646362 0.6795255839824677
vt 0.5926944613456726 0.6580446362495422
vt 0.5926944613456726 0.6580446362495422
vt 0.5710114240646362 0.6795255839824677
vt 0.5967949032783508 0.7013333439826965
vt 0.5926944613456726 0.6580446362495422
vt 0.5967949032783508 0.7013333439826965
vt 0.6181694865226746 0.6823379993438721
vt 0.11823266744613647 0.5406138300895691
vt 0.11957457661628723 0.5827148854732513
vt 0.14521153271198273 0.5807973742485046
vt 0.11823266744613647 0.5406138300895691
vt 0.14521153271198273 0.5807973742485046
vt 0.14985916018486023 0.5459876656532288
vt 0.056104183197021484 0.5162179172039032
vt 0.04200015962123871 0.5431013405323029
vt 0.0683569386601448 0.5485638678073883
vt 0.056104183197021484 0.5162179172039032
vt 0.0683569386601448 0.5485638678073883
vt 0.08110874891281128 0.5249178409576416
vt 0.05850391089916229 0.5793556272983551
vt 0.0683569386601448 0.5485638678073883
vt 0.04200015962123871 0.5431013405323029
vt 0.05850391089916229 0.5793556272983551
vt 0.04200015962123871 0.5431013405323029
vt 0.03139028698205948 0.5723479986190796
vt 0.4866558909416199 0.6709153354167938
vt 0.4743282198905945 0.7022989690303802
vt 0.5118860602378845 0.7130210995674133
vt 0.4866558909416199 0.6709153354167938
vt 0.5118860602378845 0.7130210995674133
vt 0.5255500078201294 0.6842392086982727
vt 0.08110874891281128 0.5249178409576416
vt 0.0683569386601448 0.5485638678073883
vt 0.09372442215681076 0.5598330497741699
vt 0.08110874891281128 0.5249178409576416
vt 0.09372442215681076 0.5598330497741699
vt 0.11823266744613647 0.5406138300895691
vt 0.09372442215681076 0.5598330497741699
vt 0.0683569386601448 0.5485638678073883
vt 0.05850391089916229 0.5793556272983551
vt 0.09372442215681076 0.5598330497741699
vt 0.05850391089916229 0.5793556272983551
vt 0.09323891252279282 0.5810662508010864
vt 0.09372442215681076 0.5598330497741699
vt 0.09323891252279282 0.5810662508010864
vt 0.11957457661628723 0.5827148854732513
vt 0.09372442215681076 0.5598330497741699
vt 0.11957457661628723 0.5827148854732513
vt 0.11823266744613647 0.5406138300895691
vt 0.11596476286649704 0.6087606251239777
vt 0.11957457661628723 0.5827148854732513
vt 0.09323891252279282 0.5810662508010864
vt 0.11596476286649704 0.6087606251239777
vt 0.09323891252279282 0.5810662508010864
vt 0.08982604742050171 0.6078678071498871
vt 0.13854694366455078 0.6098466515541077
vt 0.14521153271198273 0.5807973742485046
vt 0.11957457661628723 0.5827148854732513
vt 0.13854694366455078 0.6098466515541077
vt 0.11957457661628723 0.5827148854732513
vt 0.11596476286649704 0.6087606251239777
vt 0.16884250938892365 0.6105497479438782
vt 0.17565205693244934 0.5819222033023834
vt 0.14521153271198273 0.5807973742485046
vt 0.16884250938892365 0.6105497479438782
vt 0.14521153271198273 0.5807973742485046
vt 0.13854694366455078 0.6098466515541077
vt 0.05315442383289337 0.6066212058067322
vt 0.05850391089916229 0.5793556272983551
vt 0.03139028698205948 0.5723479986190796
vt 0.05315442383289337 0.6066212058067322
vt 0.03139028698205948 0.5723479986190796
vt 0.0221855565905571 0.6018000841140747
vt 0.08982604742050171 0.6078678071498871
vt 0.09323891252279282 0.5810662508010864
vt 0.05850391089916229 0.5793556272983551
vt 0.08982604742050171 0.6078678071498871
vt 0.05850391089916229 0.5793556272983551
vt 0.05315442383289337 0.6066212058067322
vt 0.5883905291557312 0.6099833548069
vt 0.565485954284668 0.6346925497055054
vt 0.5926944613456726 0.6580446362495422
vt 0.5883905291557312 0.6099833548069
vt 0.5926944613456726 0.6580446362495422
vt 0.6172345280647278 0.6366731822490692
vt 0.6172345280647278 0.6366731822490692
vt 0.5926944613456726 0.6580446362495422
vt 0.6181694865226746 0.6823379993438721
vt 0.6172345280647278 0.6366731822490692
vt 0.6181694865226746 0.6823379993438721
vt 0.6400589346885681 0.6592974066734314
vt 0.6189889311790466 0.5890243351459503
vt 0.5883905291557312 0.6099833548069
vt 0.6172345280647278 0.6366731822490692
vt 0.6189889311790466 0.5890243351459503
vt 0.6172345280647278 0.6366731822490692
vt 0.6400867700576782 0.6184059381484985
vt 0.6400867700576782 0.6184059381484985
vt 0.6172345280647278 0.6366731822490692
vt 0.6400589346885681 0.6592974066734314
vt 0.6400867700576782 0.6184059381484985
vt 0.6400589346885681 0.6592974066734314
vt 0.661522388458252 0.641838550567627
vt 0.6526058316230774 0.5193532109260559
vt 0.6717982888221741 0.5548495054244995
vt 0.7009799480438232 0.5413535237312317
vt 0.6526058316230774 0.5193532109260559
vt 0.7009799480438232 0.5413535237312317
vt 0.6958844065666199 0.5054638385772705
vt 0.7093134522438049 0.566559761762619
vt 0.7009799480438232 0.5413535237312317
vt 0.6717982888221741 0.5548495054244995
vt 0.7093134522438049 0.566559761762619
vt 0.6717982888221741 0.5548495054244995
vt 0.6860663294792175 0.5829428434371948
vt 0.7093134522438049 0.566559761762619
vt 0.6860663294792175 0.5829428434371948
vt 0.7015581130981445 0.6074962317943573
vt 0.7093134522438049 0.566559761762619
vt 0.7015581130981445 0.6074962317943573
vt 0.7276076078414917 0.5921056270599365
vt 0.6189889311790466 0.5890243351459503
vt 0.6441265940666199 0.5707313120365143
vt 0.6204649806022644 0.5352960824966431
vt 0.6189889311790466 0.5890243351459503
vt 0.6204649806022644 0.5352960824966431
vt 0.5907838940620422 0.554865688085556
vt 0.6526058316230774 0.5193532109260559
vt 0.6204649806022644 0.5352960824966431
vt 0.6441265940666199 0.5707313120365143
vt 0.6526058316230774 0.5193532109260559
vt 0.6441265940666199 0.5707313120365143
vt 0.6717982888221741 0.5548495054244995
vt 0.6617496013641357 0.5988863408565521
vt 0.6441265940666199 0.5707313120365143
vt 0.6189889311790466 0.5890243351459503
vt 0.6617496013641357 0.5988863408565521
vt 0.6189889311790466 0.5890243351459503
vt 0.6400867700576782 0.6184059381484985
vt 0.6441265940666199 0.5707313120365143
vt 0.6617496013641357 0.5988863408565521
vt 0.6860663294792175 0.5829428434371948
vt 0.6441265940666199 0.5707313120365143
vt 0.6860663294792175 0.5829428434371948
vt 0.6717982888221741 0.5548495054244995
vt 0.7015581130981445 0.6074962317943573
vt 0.6860663294792175 0.5829428434371948
vt 0.6617496013641357 0.5988863408565521
vt 0.7015581130981445 0.6074962317943573
vt 0.6617496013641357 0.5988863408565521
vt 0.6816771030426025 0.6238679587841034
vt 0.6816771030426025 0.6238679587841034
vt 0.6617496013641357 0.5988863408565521
vt 0.6400867700576782 0.6184059381484985
vt 0.6816771030426025 0.6238679587841034
vt 0.6400867700576782 0.6184059381484985
vt 0.661522388458252 0.641838550567627
vt 0.20405277609825134 0.5355781614780426
vt 0.20515908300876617 0.4931418299674988
vt 0.17816254496574402 0.5106146037578583
vt 0.20405277609825134 0.5355781614780426
vt 0.17816254496574402 0.5106146037578583
vt 0.17897137999534607 0.5447773635387421
vt 0.24476079642772675 0.4703121781349182
vt 0.20515908300876617 0.4931418299674988
vt 0.23878872394561768 0.5113490521907806
vt 0.24476079642772675 0.4703121781349182
vt 0.23878872394561768 0.5113490521907806
vt 0.26607266068458557 0.4872817397117615
vt 0.22859959304332733 0.5362387895584106
vt 0.23977968096733093 0.5560432076454163
vt 0.26201337575912476 0.5357107818126678
vt 0.22859959304332733 0.5362387895584106
vt 0.26201337575912476 0.5357107818126678
vt 0.23878872394561768 0.5113490521907806
vt 0.20405277609825134 0.5355781614780426
vt 0.22859959304332733 0.5362387895584106
vt 0.23878872394561768 0.5113490521907806
vt 0.20405277609825134 0.5355781614780426
vt 0.23878872394561768 0.5113490521907806
vt 0.20515908300876617 0.4931418299674988
vt 0.16884250938892365 0.6105497479438782
vt 0.13854694366455078 0.6098466515541077
vt 0.1383461207151413 0.6405972540378571
vt 0.16884250938892365 0.6105497479438782
vt 0.1383461207151413 0.6405972540378571
vt 0.16855929791927338 0.6407489478588104
vt 0.1383461207151413 0.6405972540378571
vt 0.13854694366455078 0.6098466515541077
vt 0.11596476286649704 0.6087606251239777
vt 0.1383461207151413 0.6405972540378571
vt 0.11596476286649704 0.6087606251239777
vt 0.11317408084869385 0.6399021446704865
vt 0.049043044447898865 0.637601226568222
vt 0.05315442383289337 0.6066212058067322
vt 0.0221855565905571 0.6018000841140747
vt 0.049043044447898865 0.637601226568222
vt 0.0221855565905571 0.6018000841140747
vt 0.015511804260313511 0.6372717618942261
vt 0.08429542183876038 0.6380659937858582
vt 0.08982604742050171 0.6078678071498871
vt 0.05315442383289337 0.6066212058067322
vt 0.08429542183876038 0.6380659937858582
vt 0.05315442383289337 0.6066212058067322
vt 0.049043044447898865 0.637601226568222
vt 0.11317408084869385 0.6399021446704865
vt 0.11596476286649704 0.6087606251239777
vt 0.08982604742050171 0.6078678071498871
vt 0.11317408084869385 0.6399021446704865
vt 0.08982604742050171 0.6078678071498871
vt 0.08429542183876038 0.6380659937858582
vt 0.11317408084869385 0.6399021446704865
vt 0.08429542183876038 0.6380659937858582
vt 0.0838843360543251 0.669355720281601
vt 0.11317408084869385 0.6399021446704865
vt 0.0838843360543251 0.669355720281601
vt 0.11280557513237 0.6700478196144104
vt 0.1383461207151413 0.6405972540378571
vt 0.11317408084869385 0.6399021446704865
vt 0.11280557513237 0.6700478196144104
vt 0.1383461207151413 0.6405972540378571
vt 0.11280557513237 0.6700478196144104
vt 0.13869574666023254 0.6701860427856445
vt 0.16855929791927338 0.6407489478588104
vt 0.1383461207151413 0.6405972540378571
vt 0.13869574666023254 0.6701860427856445
vt 0.16855929791927338 0.6407489478588104
vt 0.13869574666023254 0.6701860427856445
vt 0.16827012598514557 0.67035311460495
vt 0.04761061072349548 0.6717732548713684
vt 0.049043044447898865 0.637601226568222
vt 0.015511804260313511 0.6372717618942261
vt 0.04761061072349548 0.6717732548713684
vt 0.015511804260313511 0.6372717618942261
vt 0.011634180322289467 0.6723996996879578
vt 0.0838843360543251 0.669355720281601
vt 0.08429542183876038 0.6380659937858582
vt 0.049043044447898865 0.637601226568222
vt 0.0838843360543251 0.669355720281601
vt 0.049043044447898865 0.637601226568222
vt 0.04761061072349548 0.6717732548713684
vt 0.11280557513237 0.6700478196144104
vt 0.0838843360543251 0.669355720281601
vt 0.08464867621660233 0.7038423418998718
vt 0.11280557513237 0.6700478196144104
vt 0.08464867621660233 0.7038423418998718
vt 0.11425141990184784 0.7025341987609863
vt 0.08464867621660233 0.7038423418998718
vt 0.0838843360543251 0.669355720281601
vt 0.04761061072349548 0.6717732548713684
vt 0.08464867621660233 0.7038423418998718
vt 0.04761061072349548 0.6717732548713684
vt 0.04750332236289978 0.7063781917095184
vt 0.04750332236289978 0.7063781917095184
vt 0.04761061072349548 0.6717732548713684
vt 0.011634180322289467 0.6723996996879578
vt 0.04750332236289978 0.7063781917095184
vt 0.011634180322289467 0.6723996996879578
vt 0.009999999776482582 0.7100026607513428
vt 0.12039628624916077 0.7546232491731644
vt 0.09089238196611404 0.7580207139253616
vt 0.09917335957288742 0.7926612049341202
vt 0.12039628624916077 0.7546232491731644
vt 0.09917335957288742 0.7926612049341202
vt 0.12795481085777283 0.7879018038511276
vt 0.056048035621643066 0.7642702460289001
vt 0.018639571964740753 0.7712061405181885
vt 0.028172722086310387 0.8097050935029984
vt 0.056048035621643066 0.7642702460289001
vt 0.028172722086310387 0.8097050935029984
vt 0.06542367488145828 0.8001516312360764
vt 0.09089238196611404 0.7580207139253616
vt 0.056048035621643066 0.7642702460289001
vt 0.06542367488145828 0.8001516312360764
vt 0.09089238196611404 0.7580207139253616
vt 0.06542367488145828 0.8001516312360764
vt 0.09917335957288742 0.7926612049341202
vt 0.1161315068602562 0.7282853424549103
vt 0.08638428151607513 0.7307005524635315
vt 0.09089238196611404 0.7580207139253616
vt 0.1161315068602562 0.7282853424549103
vt 0.09089238196611404 0.7580207139253616
vt 0.12039628624916077 0.7546232491731644
vt 0.08638428151607513 0.7307005524635315
vt 0.1161315068602562 0.7282853424549103
vt 0.11425141990184784 0.7025341987609863
vt 0.08638428151607513 0.7307005524635315
vt 0.11425141990184784 0.7025341987609863
vt 0.08464867621660233 0.7038423418998718
vt 0.05178007483482361 0.7350654602050781
vt 0.01315219048410654 0.7407206296920776
vt 0.018639571964740753 0.7712061405181885
vt 0.05178007483482361 0.7350654602050781
vt 0.018639571964740753 0.7712061405181885
vt 0.056048035621643066 0.7642702460289001
vt 0.01315219048410654 0.7407206296920776
vt 0.05178007483482361 0.7350654602050781
vt 0.04750332236289978 0.7063781917095184
vt 0.01315219048410654 0.7407206296920776
vt 0.04750332236289978 0.7063781917095184
vt 0.009999999776482582 0.7100026607513428
vt 0.08638428151607513 0.7307005524635315
vt 0.05178007483482361 0.7350654602050781
vt 0.056048035621643066 0.7642702460289001
vt 0.08638428151607513 0.7307005524635315
vt 0.056048035621643066 0.7642702460289001
vt 0.09089238196611404 0.7580207139253616
vt 0.05178007483482361 0.7350654602050781
vt 0.08638428151607513 0.7307005524635315
vt 0.08464867621660233 0.7038423418998718
vt 0.05178007483482361 0.7350654602050781
vt 0.08464867621660233 0.7038423418998718
vt 0.04750332236289978 0.7063781917095184
vt 0.17223863303661346 0.7277845740318298
vt 0.14184649288654327 0.7273905873298645
vt 0.14602799713611603 0.7533218711614609
vt 0.17223863303661346 0.7277845740318298
vt 0.14602799713611603 0.7533218711614609
vt 0.17530925571918488 0.7517729699611664
vt 0.12039628624916077 0.7546232491731644
vt 0.14602799713611603 0.7533218711614609
vt 0.14184649288654327 0.7273905873298645
vt 0.12039628624916077 0.7546232491731644
vt 0.14184649288654327 0.7273905873298645
vt 0.1161315068602562 0.7282853424549103
vt 0.168800950050354 0.7035386860370636
vt 0.14006710052490234 0.7021180093288422
vt 0.14184649288654327 0.7273905873298645
vt 0.168800950050354 0.7035386860370636
vt 0.14184649288654327 0.7273905873298645
vt 0.17223863303661346 0.7277845740318298
vt 0.1161315068602562 0.7282853424549103
vt 0.14184649288654327 0.7273905873298645
vt 0.14006710052490234 0.7021180093288422
vt 0.1161315068602562 0.7282853424549103
vt 0.14006710052490234 0.7021180093288422
vt 0.11425141990184784 0.7025341987609863
vt 0.16827012598514557 0.67035311460495
vt 0.13869574666023254 0.6701860427856445
vt 0.14006710052490234 0.7021180093288422
vt 0.16827012598514557 0.67035311460495
vt 0.14006710052490234 0.7021180093288422
vt 0.168800950050354 0.7035386860370636
vt 0.11425141990184784 0.7025341987609863
vt 0.14006710052490234 0.7021180093288422
vt 0.13869574666023254 0.6701860427856445
vt 0.11425141990184784 0.7025341987609863
vt 0.13869574666023254 0.6701860427856445
vt 0.11280557513237 0.6700478196144104
vt 0.14602799713611603 0.7533218711614609
vt 0.1515798568725586 0.783030554652214
vt 0.17599007487297058 0.7782049477100372
vt 0.14602799713611603 0.7533218711614609
vt 0.17599007487297058 0.7782049477100372
vt 0.17530925571918488 0.7517729699611664
vt 0.12795481085777283 0.7879018038511276
vt 0.1515798568725586 0.783030554652214
vt 0.14602799713611603 0.7533218711614609
vt 0.12795481085777283 0.7879018038511276
vt 0.14602799713611603 0.7533218711614609
vt 0.12039628624916077 0.7546232491731644
vt 0.3412002921104431 0.622340589761734
vt 0.2963131070137024 0.6297522783279419
vt 0.3015081286430359 0.6663341820240021
vt 0.3412002921104431 0.622340589761734
vt 0.3015081286430359 0.6663341820240021
vt 0.3504028916358948 0.6662854850292206
vt 0.2963131070137024 0.6297522783279419
vt 0.3412002921104431 0.622340589761734
vt 0.331390380859375 0.5836212933063507
vt 0.2963131070137024 0.6297522783279419
vt 0.331390380859375 0.5836212933063507
vt 0.28799769282341003 0.5934635102748871
vt 0.2657010555267334 0.6679569184780121
vt 0.3015081286430359 0.6663341820240021
vt 0.2963131070137024 0.6297522783279419
vt 0.2657010555267334 0.6679569184780121
vt 0.2963131070137024 0.6297522783279419
vt 0.26021885871887207 0.6368722915649414
vt 0.2963131070137024 0.6297522783279419
vt 0.28799769282341003 0.5934635102748871
vt 0.2538917660713196 0.6024852693080902
vt 0.2963131070137024 0.6297522783279419
vt 0.2538917660713196 0.6024852693080902
vt 0.26021885871887207 0.6368722915649414
vt 0.22847209870815277 0.6691390872001648
vt 0.2657010555267334 0.6679569184780121
vt 0.26021885871887207 0.6368722915649414
vt 0.22847209870815277 0.6691390872001648
vt 0.26021885871887207 0.6368722915649414
vt 0.22626705467700958 0.638322114944458
vt 0.22626705467700958 0.638322114944458
vt 0.26021885871887207 0.6368722915649414
vt 0.2538917660713196 0.6024852693080902
vt 0.22626705467700958 0.638322114944458
vt 0.2538917660713196 0.6024852693080902
vt 0.22301015257835388 0.608357161283493
vt 0.3015081286430359 0.6663341820240021
vt 0.2657010555267334 0.6679569184780121
vt 0.26903581619262695 0.7024385631084442
vt 0.3015081286430359 0.6663341820240021
vt 0.26903581619262695 0.7024385631084442
vt 0.30496394634246826 0.7052808701992035
vt 0.3504028916358948 0.6662854850292206
vt 0.3015081286430359 0.6663341820240021
vt 0.30496394634246826 0.7052808701992035
vt 0.3504028916358948 0.6662854850292206
vt 0.30496394634246826 0.7052808701992035
vt 0.35339123010635376 0.7066924273967743
vt 0.2657010555267334 0.6679569184780121
vt 0.22847209870815277 0.6691390872001648
vt 0.2326427698135376 0.7015874683856964
vt 0.2657010555267334 0.6679569184780121
vt 0.2326427698135376 0.7015874683856964
vt 0.26903581619262695 0.7024385631084442
vt 0.30496394634246826 0.7052808701992035
vt 0.26903581619262695 0.7024385631084442
vt 0.26786482334136963 0.7288965880870819
vt 0.30496394634246826 0.7052808701992035
vt 0.26786482334136963 0.7288965880870819
vt 0.30307868123054504 0.7333846986293793
vt 0.35135534405708313 0.7377136945724487
vt 0.35339123010635376 0.7066924273967743
vt 0.30496394634246826 0.7052808701992035
vt 0.35135534405708313 0.7377136945724487
vt 0.30496394634246826 0.7052808701992035
vt 0.30307868123054504 0.7333846986293793
vt 0.26903581619262695 0.7024385631084442
vt 0.2326427698135376 0.7015874683856964
vt 0.23608973622322083 0.7296372354030609
vt 0.26903581619262695 0.7024385631084442
vt 0.23608973622322083 0.7296372354030609
vt 0.26786482334136963 0.7288965880870819
vt 0.30307868123054504 0.7333846986293793
vt 0.26786482334136963 0.7288965880870819
vt 0.2658418118953705 0.7554037421941757
vt 0.30307868123054504 0.7333846986293793
vt 0.2658418118953705 0.7554037421941757
vt 0.30394428968429565 0.7605914026498795
vt 0.35135534405708313 0.7377136945724487
vt 0.30307868123054504 0.7333846986293793
vt 0.30394428968429565 0.7605914026498795
vt 0.35135534405708313 0.7377136945724487
vt 0.30394428968429565 0.7605914026498795
vt 0.3540037274360657 0.7696478366851807
vt 0.2658418118953705 0.7554037421941757
vt 0.26786482334136963 0.7288965880870819
vt 0.23608973622322083 0.7296372354030609
vt 0.2658418118953705 0.7554037421941757
vt 0.23608973622322083 0.7296372354030609
vt 0.23574979603290558 0.7533980458974838
vt 0.30394428968429565 0.7605914026498795
vt 0.2658418118953705 0.7554037421941757
vt 0.26584869623184204 0.7790982276201248
vt 0.30394428968429565 0.7605914026498795
vt 0.26584869623184204 0.7790982276201248
vt 0.3036065101623535 0.785928800702095
vt 0.3540037274360657 0.7696478366851807
vt 0.30394428968429565 0.7605914026498795
vt 0.3036065101623535 0.785928800702095
vt 0.3540037274360657 0.7696478366851807
vt 0.3036065101623535 0.785928800702095
vt 0.3528284430503845 0.7977572679519653
vt 0.2658418118953705 0.7554037421941757
vt 0.23574979603290558 0.7533980458974838
vt 0.23382245004177094 0.7777793258428574
vt 0.2658418118953705 0.7554037421941757
vt 0.23382245004177094 0.7777793258428574
vt 0.26584869623184204 0.7790982276201248
vt 0.26261141896247864 0.9250882342457771
vt 0.24170207977294922 0.903874583542347
vt 0.23121094703674316 0.9255287647247314
vt 0.26261141896247864 0.9250882342457771
vt 0.23121094703674316 0.9255287647247314
vt 0.24641172587871552 0.9460484087467194
vt 0.24170207977294922 0.903874583542347
vt 0.26261141896247864 0.9250882342457771
vt 0.28135257959365845 0.8935586810112
vt 0.24170207977294922 0.903874583542347
vt 0.28135257959365845 0.8935586810112
vt 0.25048303604125977 0.883962370455265
vt 0.23121094703674316 0.9255287647247314
vt 0.24170207977294922 0.903874583542347
vt 0.2203821986913681 0.9062089398503304
vt 0.23121094703674316 0.9255287647247314
vt 0.2203821986913681 0.9062089398503304
vt 0.21150197088718414 0.9323421120643616
vt 0.23382245004177094 0.7777793258428574
vt 0.2318323850631714 0.808820828795433
vt 0.2637636363506317 0.8092513084411621
vt 0.23382245004177094 0.7777793258428574
vt 0.2637636363506317 0.8092513084411621
vt 0.26584869623184204 0.7790982276201248
vt 0.26025018095970154 0.8379442691802979
vt 0.2637636363506317 0.8092513084411621
vt 0.2318323850631714 0.808820828795433
vt 0.26025018095970154 0.8379442691802979
vt 0.2318323850631714 0.808820828795433
vt 0.2282397598028183 0.8324187248945236
vt 0.2637636363506317 0.8092513084411621
vt 0.30136197805404663 0.8188952803611755
vt 0.3036065101623535 0.785928800702095
vt 0.2637636363506317 0.8092513084411621
vt 0.3036065101623535 0.785928800702095
vt 0.26584869623184204 0.7790982276201248
vt 0.30136197805404663 0.8188952803611755
vt 0.2637636363506317 0.8092513084411621
vt 0.26025018095970154 0.8379442691802979
vt 0.30136197805404663 0.8188952803611755
vt 0.26025018095970154 0.8379442691802979
vt 0.29743045568466187 0.8500482887029648
vt 0.09917335957288742 0.7926612049341202
vt 0.10583066940307617 0.8298431038856506
vt 0.13446135818958282 0.8210772722959518
vt 0.09917335957288742 0.7926612049341202
vt 0.13446135818958282 0.8210772722959518
vt 0.12795481085777283 0.7879018038511276
vt 0.14216895401477814 0.8529296070337296
vt 0.13446135818958282 0.8210772722959518
vt 0.10583066940307617 0.8298431038856506
vt 0.14216895401477814 0.8529296070337296
vt 0.10583066940307617 0.8298431038856506
vt 0.11484885215759277 0.8649897128343582
vt 0.12795481085777283 0.7879018038511276
vt 0.13446135818958282 0.8210772722959518
vt 0.1565626859664917 0.8155834525823593
vt 0.12795481085777283 0.7879018038511276
vt 0.1565626859664917 0.8155834525823593
vt 0.1515798568725586 0.783030554652214
vt 0.1609552949666977 0.841031551361084
vt 0.1565626859664917 0.8155834525823593
vt 0.13446135818958282 0.8210772722959518
vt 0.1609552949666977 0.841031551361084
vt 0.13446135818958282 0.8210772722959518
vt 0.14216895401477814 0.8529296070337296
vt 0.1515798568725586 0.783030554652214
vt 0.1565626859664917 0.8155834525823593
vt 0.1794128119945526 0.8106307238340378
vt 0.1515798568725586 0.783030554652214
vt 0.1794128119945526 0.8106307238340378
vt 0.17599007487297058 0.7782049477100372
vt 0.1817077249288559 0.8357049375772476
vt 0.1794128119945526 0.8106307238340378
vt 0.1565626859664917 0.8155834525823593
vt 0.1817077249288559 0.8357049375772476
vt 0.1565626859664917 0.8155834525823593
vt 0.1609552949666977 0.841031551361084
vt 0.07703172415494919 0.8370431363582611
vt 0.10583066940307617 0.8298431038856506
vt 0.09917335957288742 0.7926612049341202
vt 0.07703172415494919 0.8370431363582611
vt 0.09917335957288742 0.7926612049341202
vt 0.06542367488145828 0.8001516312360764
vt 0.04470305144786835 0.8456810116767883
vt 0.07703172415494919 0.8370431363582611
vt 0.06542367488145828 0.8001516312360764
vt 0.04470305144786835 0.8456810116767883
vt 0.06542367488145828 0.8001516312360764
vt 0.028172722086310387 0.8097050935029984
vt 0.15981316566467285 0.9358406960964203
vt 0.13970422744750977 0.9499211609363556
vt 0.15902560949325562 0.9706298056989908
vt 0.15981316566467285 0.9358406960964203
vt 0.15902560949325562 0.9706298056989908
vt 0.1750917136669159 0.9506100416183472
vt 0.11484885215759277 0.8649897128343582
vt 0.10583066940307617 0.8298431038856506
vt 0.07703172415494919 0.8370431363582611
vt 0.11484885215759277 0.8649897128343582
vt 0.07703172415494919 0.8370431363582611
vt 0.09494912624359131 0.876226469874382
vt 0.07703172415494919 0.8370431363582611
vt 0.04470305144786835 0.8456810116767883
vt 0.06685353070497513 0.8933014646172523
vt 0.07703172415494919 0.8370431363582611
vt 0.06685353070497513 0.8933014646172523
vt 0.09494912624359131 0.876226469874382
vt 0.22626705467700958 0.638322114944458
vt 0.1934378296136856 0.6400527060031891
vt 0.1945965439081192 0.67050701379776
vt 0.22626705467700958 0.638322114944458
vt 0.1945965439081192 0.67050701379776
vt 0.22847209870815277 0.6691390872001648
vt 0.1945965439081192 0.67050701379776
vt 0.1934378296136856 0.6400527060031891
vt 0.16855929791927338 0.6407489478588104
vt 0.1945965439081192 0.67050701379776
vt 0.16855929791927338 0.6407489478588104
vt 0.16827012598514557 0.67035311460495
vt 0.22301015257835388 0.608357161283493
vt 0.19252775609493256 0.6085789203643799
vt 0.1934378296136856 0.6400527060031891
vt 0.22301015257835388 0.608357161283493
vt 0.1934378296136856 0.6400527060031891
vt 0.22626705467700958 0.638322114944458
vt 0.1934378296136856 0.6400527060031891
vt 0.19252775609493256 0.6085789203643799
vt 0.16884250938892365 0.6105497479438782
vt 0.1934378296136856 0.6400527060031891
vt 0.16884250938892365 0.6105497479438782
vt 0.16855929791927338 0.6407489478588104
vt 0.22847209870815277 0.6691390872001648
vt 0.1945965439081192 0.67050701379776
vt 0.19699355959892273 0.7031794488430023
vt 0.22847209870815277 0.6691390872001648
vt 0.19699355959892273 0.7031794488430023
vt 0.2326427698135376 0.7015874683856964
vt 0.168800950050354 0.7035386860370636
vt 0.19699355959892273 0.7031794488430023
vt 0.1945965439081192 0.67050701379776
vt 0.168800950050354 0.7035386860370636
vt 0.1945965439081192 0.67050701379776
vt 0.16827012598514557 0.67035311460495
vt 0.2326427698135376 0.7015874683856964
vt 0.19699355959892273 0.7031794488430023
vt 0.2004469782114029 0.7288103103637695
vt 0.2326427698135376 0.7015874683856964
vt 0.2004469782114029 0.7288103103637695
vt 0.23608973622322083 0.7296372354030609
vt 0.17223863303661346 0.7277845740318298
vt 0.2004469782114029 0.7288103103637695
vt 0.19699355959892273 0.7031794488430023
vt 0.17223863303661346 0.7277845740318298
vt 0.19699355959892273 0.7031794488430023
vt 0.168800950050354 0.7035386860370636
vt 0.23608973622322083 0.7296372354030609
vt 0.2004469782114029 0.7288103103637695
vt 0.20188289880752563 0.7524472624063492
vt 0.23608973622322083 0.7296372354030609
vt 0.20188289880752563 0.7524472624063492
vt 0.23574979603290558 0.7533980458974838
vt 0.17530925571918488 0.7517729699611664
vt 0.20188289880752563 0.7524472624063492
vt 0.2004469782114029 0.7288103103637695
vt 0.17530925571918488 0.7517729699611664
vt 0.2004469782114029 0.7288103103637695
vt 0.17223863303661346 0.7277845740318298
vt 0.23574979603290558 0.7533980458974838
vt 0.20188289880752563 0.7524472624063492
vt 0.20458664000034332 0.7758582830429077
vt 0.23574979603290558 0.7533980458974838
vt 0.20458664000034332 0.7758582830429077
vt 0.23382245004177094 0.7777793258428574
vt 0.17599007487297058 0.7782049477100372
vt 0.20458664000034332 0.7758582830429077
vt 0.20188289880752563 0.7524472624063492
vt 0.17599007487297058 0.7782049477100372
vt 0.20188289880752563 0.7524472624063492
vt 0.17530925571918488 0.7517729699611664
vt 0.23382245004177094 0.7777793258428574
vt 0.20458664000034332 0.7758582830429077
vt 0.20415350794792175 0.8075786679983139
vt 0.23382245004177094 0.7777793258428574
vt 0.20415350794792175 0.8075786679983139
vt 0.2318323850631714 0.808820828795433
vt 0.20415350794792175 0.8075786679983139
vt 0.20458664000034332 0.7758582830429077
vt 0.17599007487297058 0.7782049477100372
vt 0.20415350794792175 0.8075786679983139
vt 0.17599007487297058 0.7782049477100372
vt 0.1794128119945526 0.8106307238340378
vt 0.20415350794792175 0.8075786679983139
vt 0.204695463180542 0.8342757821083069
vt 0.2282397598028183 0.8324187248945236
vt 0.20415350794792175 0.8075786679983139
vt 0.2282397598028183 0.8324187248945236
vt 0.2318323850631714 0.808820828795433
vt 0.204695463180542 0.8342757821083069
vt 0.20415350794792175 0.8075786679983139
vt 0.1794128119945526 0.8106307238340378
vt 0.204695463180542 0.8342757821083069
vt 0.1794128119945526 0.8106307238340378
vt 0.1817077249288559 0.8357049375772476
vt 0.2206255942583084 0.8843349665403366
vt 0.2203821986913681 0.9062089398503304
vt 0.24170207977294922 0.903874583542347
vt 0.2206255942583084 0.8843349665403366
vt 0.24170207977294922 0.903874583542347
vt 0.25048303604125977 0.883962370455265
vt 0.23977968096733093 0.5560432076454163
vt 0.22859959304332733 0.5362387895584106
vt 0.20405277609825134 0.5355781614780426
vt 0.23977968096733093 0.5560432076454163
vt 0.20405277609825134 0.5355781614780426
vt 0.20018219947814941 0.5696348547935486
vt 0.19252775609493256 0.6085789203643799
vt 0.20018219947814941 0.5696348547935486
vt 0.17565205693244934 0.5819222033023834
vt 0.19252775609493256 0.6085789203643799
vt 0.17565205693244934 0.5819222033023834
vt 0.16884250938892365 0.6105497479438782
vt 0.20018219947814941 0.5696348547935486
vt 0.20405277609825134 0.5355781614780426
vt 0.17897137999534607 0.5447773635387421
vt 0.20018219947814941 0.5696348547935486
vt 0.17897137999534607 0.5447773635387421
vt 0.17565205693244934 0.5819222033023834
vt 0.21150197088718414 0.9323421120643616
vt 0.2203821986913681 0.9062089398503304
vt 0.1796106994152069 0.9204380661249161
vt 0.21150197088718414 0.9323421120643616
vt 0.1796106994152069 0.9204380661249161
vt 0.18862353265285492 0.9415203332901001
vt 0.14095260202884674 0.9083867743611336
vt 0.15016700327396393 0.922172375023365
vt 0.1739160716533661 0.9063893482089043
vt 0.14095260202884674 0.9083867743611336
vt 0.1739160716533661 0.9063893482089043
vt 0.17163236439228058 0.8902632668614388
vt 0.1796106994152069 0.9204380661249161
vt 0.1739160716533661 0.9063893482089043
vt 0.15016700327396393 0.922172375023365
vt 0.1796106994152069 0.9204380661249161
vt 0.15016700327396393 0.922172375023365
vt 0.15981316566467285 0.9358406960964203
vt 0.14099343121051788 0.9314785599708557
vt 0.15016700327396393 0.922172375023365
vt 0.14095260202884674 0.9083867743611336
vt 0.14099343121051788 0.9314785599708557
vt 0.14095260202884674 0.9083867743611336
vt 0.1255950927734375 0.9195134416222572
vt 0.15981316566467285 0.9358406960964203
vt 0.15016700327396393 0.922172375023365
vt 0.14099343121051788 0.9314785599708557
vt 0.15981316566467285 0.9358406960964203
vt 0.14099343121051788 0.9314785599708557
vt 0.13970422744750977 0.9499211609363556
vt 0.17163236439228058 0.8902632668614388
vt 0.1739160716533661 0.9063893482089043
vt 0.19496293365955353 0.9008907303214073
vt 0.17163236439228058 0.8902632668614388
vt 0.19496293365955353 0.9008907303214073
vt 0.19729486107826233 0.8864674866199493
vt 0.19496293365955353 0.9008907303214073
vt 0.1739160716533661 0.9063893482089043
vt 0.1796106994152069 0.9204380661249161
vt 0.19496293365955353 0.9008907303214073
vt 0.1796106994152069 0.9204380661249161
vt 0.2203821986913681 0.9062089398503304
vt 0.2203821986913681 0.9062089398503304
vt 0.2206255942583084 0.8843349665403366
vt 0.19729486107826233 0.8864674866199493
vt 0.2203821986913681 0.9062089398503304
vt 0.19729486107826233 0.8864674866199493
vt 0.19496293365955353 0.9008907303214073
vt 0.14099343121051788 0.9314785599708557
vt 0.1255950927734375 0.9195134416222572
vt 0.11056142300367355 0.932623952627182
vt 0.14099343121051788 0.9314785599708557
vt 0.11056142300367355 0.932623952627182
vt 0.13970422744750977 0.9499211609363556
vt 0.9841436147689819 0.6104515194892883
vt 0.9552361965179443 0.6083137392997742
vt 0.96283358335495 0.6526074111461639
vt 0.9841436147689819 0.6104515194892883
vt 0.96283358335495 0.6526074111461639
vt 0.9900000095367432 0.654248982667923
vt 0.98167884349823 0.7135164737701416
vt 0.952346920967102 0.7051413953304291
vt 0.9413286447525024 0.7412271201610565
vt 0.98167884349823 0.7135164737701416
vt 0.9413286447525024 0.7412271201610565
vt 0.9775378704071045 0.7501599341630936
vt 0.9636290073394775 0.580247312784195
vt 0.9552361965179443 0.6083137392997742
vt 0.9841436147689819 0.6104515194892883
vt 0.9636290073394775 0.580247312784195
vt 0.9841436147689819 0.6104515194892883
vt 0.9838168621063232 0.5845518112182617
vt 0.9258171916007996 0.6968459188938141
vt 0.9144548177719116 0.7336902618408203
vt 0.9413286447525024 0.7412271201610565
vt 0.9258171916007996 0.6968459188938141
vt 0.9413286447525024 0.7412271201610565
vt 0.952346920967102 0.7051413953304291
vt 0.96283358335495 0.6526074111461639
vt 0.9552361965179443 0.6083137392997742
vt 0.9318609237670898 0.636053055524826
vt 0.96283358335495 0.6526074111461639
vt 0.9318609237670898 0.636053055524826
vt 0.9465987682342529 0.6487442851066589
vt 0.6973111629486084 0.3728167414665222
vt 0.6987106800079346 0.3473535180091858
vt 0.660749077796936 0.35396355390548706
vt 0.6973111629486084 0.3728167414665222
vt 0.660749077796936 0.35396355390548706
vt 0.6643412113189697 0.37573736906051636
vt 0.660749077796936 0.35396355390548706
vt 0.6987106800079346 0.3473535180091858
vt 0.695773720741272 0.310787558555603
vt 0.660749077796936 0.35396355390548706
vt 0.695773720741272 0.310787558555603
vt 0.6520565748214722 0.3185827136039734
vt 0.9099083542823792 0.6294500529766083
vt 0.8975438475608826 0.648175060749054
vt 0.9205792546272278 0.6607520878314972
vt 0.9099083542823792 0.6294500529766083
vt 0.9205792546272278 0.6607520878314972
vt 0.9318609237670898 0.636053055524826
vt 0.9205792546272278 0.6607520878314972
vt 0.8975438475608826 0.648175060749054
vt 0.8814101219177246 0.6717469692230225
vt 0.9205792546272278 0.6607520878314972
vt 0.8814101219177246 0.6717469692230225
vt 0.9036246538162231 0.689760684967041
vt 0.889420211315155 0.6240991055965424
vt 0.8757274150848389 0.6386138796806335
vt 0.8975438475608826 0.648175060749054
vt 0.889420211315155 0.6240991055965424
vt 0.8975438475608826 0.648175060749054
vt 0.9099083542823792 0.6294500529766083
vt 0.8814101219177246 0.6717469692230225
vt 0.8975438475608826 0.648175060749054
vt 0.8757274150848389 0.6386138796806335
vt 0.8814101219177246 0.6717469692230225
vt 0.8757274150848389 0.6386138796806335
vt 0.8593569397926331 0.659173846244812
vt 0.8657578229904175 0.6194303929805756
vt 0.8757274150848389 0.6386138796806335
vt 0.889420211315155 0.6240991055965424
vt 0.8657578229904175 0.6194303929805756
vt 0.889420211315155 0.6240991055965424
vt 0.8882619142532349 0.6047567427158356
vt 0.8757274150848389 0.6386138796806335
vt 0.8657578229904175 0.6194303929805756
vt 0.8420923352241516 0.6400363445281982
vt 0.8757274150848389 0.6386138796806335
vt 0.8420923352241516 0.6400363445281982
vt 0.8593569397926331 0.659173846244812
vt 0.8505008816719055 0.5968187749385834
vt 0.8657578229904175 0.6194303929805756
vt 0.8882619142532349 0.6047567427158356
vt 0.8505008816719055 0.5968187749385834
vt 0.8882619142532349 0.6047567427158356
vt 0.8729169964790344 0.5814465582370758
vt 0.8657578229904175 0.6194303929805756
vt 0.8505008816719055 0.5968187749385834
vt 0.8245186805725098 0.6171996593475342
vt 0.8657578229904175 0.6194303929805756
vt 0.8245186805725098 0.6171996593475342
vt 0.8420923352241516 0.6400363445281982
vt 0.8313729166984558 0.5565167963504791
vt 0.8373401761054993 0.583034098148346
vt 0.8565149903297424 0.5702632367610931
vt 0.8313729166984558 0.5565167963504791
vt 0.8565149903297424 0.5702632367610931
vt 0.8587852120399475 0.5457223057746887
vt 0.8373401761054993 0.583034098148346
vt 0.8313729166984558 0.5565167963504791
vt 0.8057361841201782 0.568505585193634
vt 0.8373401761054993 0.583034098148346
vt 0.8057361841201782 0.568505585193634
vt 0.8130075335502625 0.5980236828327179
vt 0.8565149903297424 0.5702632367610931
vt 0.8373401761054993 0.583034098148346
vt 0.8505008816719055 0.5968187749385834
vt 0.8565149903297424 0.5702632367610931
vt 0.8505008816719055 0.5968187749385834
vt 0.8729169964790344 0.5814465582370758
vt 0.8245186805725098 0.6171996593475342
vt 0.8505008816719055 0.5968187749385834
vt 0.8373401761054993 0.583034098148346
vt 0.8245186805725098 0.6171996593475342
vt 0.8373401761054993 0.583034098148346
vt 0.8130075335502625 0.5980236828327179
vt 0.8277556300163269 0.5247480273246765
vt 0.8313729166984558 0.5565167963504791
vt 0.8587852120399475 0.5457223057746887
vt 0.8277556300163269 0.5247480273246765
vt 0.8587852120399475 0.5457223057746887
vt 0.8595025539398193 0.5220454037189484
vt 0.8313729166984558 0.5565167963504791
vt 0.8277556300163269 0.5247480273246765
vt 0.7971500158309937 0.529934823513031
vt 0.8313729166984558 0.5565167963504791
vt 0.7971500158309937 0.529934823513031
vt 0.8057361841201782 0.568505585193634
vt 0.8298828601837158 0.49546927213668823
vt 0.8277556300163269 0.5247480273246765
vt 0.8595025539398193 0.5220454037189484
vt 0.8298828601837158 0.49546927213668823
vt 0.8595025539398193 0.5220454037189484
vt 0.8619087338447571 0.49854105710983276
vt 0.8277556300163269 0.5247480273246765
vt 0.8298828601837158 0.49546927213668823
vt 0.7968835830688477 0.4963029623031616
vt 0.8277556300163269 0.5247480273246765
vt 0.7968835830688477 0.4963029623031616
vt 0.7971500158309937 0.529934823513031
vt 0.14964692294597626 0.876906506717205
vt 0.1272716075181961 0.8866443112492561
vt 0.14095260202884674 0.9083867743611336
vt 0.14964692294597626 0.876906506717205
vt 0.14095260202884674 0.9083867743611336
vt 0.17163236439228058 0.8902632668614388
vt 0.1272716075181961 0.8866443112492561
vt 0.10957624763250351 0.8981591686606407
vt 0.1255950927734375 0.9195134416222572
vt 0.1272716075181961 0.8866443112492561
vt 0.1255950927734375 0.9195134416222572
vt 0.14095260202884674 0.9083867743611336
vt 0.10957624763250351 0.8981591686606407
vt 0.1272716075181961 0.8866443112492561
vt 0.11484885215759277 0.8649897128343582
vt 0.10957624763250351 0.8981591686606407
vt 0.11484885215759277 0.8649897128343582
vt 0.09494912624359131 0.876226469874382
vt 0.10957624763250351 0.8981591686606407
vt 0.08807840943336487 0.9139402136206627
vt 0.11056142300367355 0.932623952627182
vt 0.10957624763250351 0.8981591686606407
vt 0.11056142300367355 0.932623952627182
vt 0.1255950927734375 0.9195134416222572
vt 0.08807840943336487 0.9139402136206627
vt 0.10957624763250351 0.8981591686606407
vt 0.09494912624359131 0.876226469874382
vt 0.08807840943336487 0.9139402136206627
vt 0.09494912624359131 0.876226469874382
vt 0.06685353070497513 0.8933014646172523
vt 0.96283358335495 0.6526074111461639
vt 0.9581308364868164 0.6740839183330536
vt 0.9872744083404541 0.6784689426422119
vt 0.96283358335495 0.6526074111461639
vt 0.9872744083404541 0.6784689426422119
vt 0.9900000095367432 0.654248982667923
vt 0.9872744083404541 0.6784689426422119
vt 0.9581308364868164 0.6740839183330536
vt 0.952346920967102 0.7051413953304291
vt 0.9872744083404541 0.6784689426422119
vt 0.952346920967102 0.7051413953304291
vt 0.98167884349823 0.7135164737701416
vt 0.9205792546272278 0.6607520878314972
vt 0.9366241097450256 0.6733114123344421
vt 0.9465987682342529 0.6487442851066589
vt 0.9205792546272278 0.6607520878314972
vt 0.9465987682342529 0.6487442851066589
vt 0.9318609237670898 0.636053055524826
vt 0.9258171916007996 0.6968459188938141
vt 0.9366241097450256 0.6733114123344421
vt 0.9205792546272278 0.6607520878314972
vt 0.9258171916007996 0.6968459188938141
vt 0.9205792546272278 0.6607520878314972
vt 0.9036246538162231 0.689760684967041
vt 0.9465987682342529 0.6487442851066589
vt 0.9366241097450256 0.6733114123344421
vt 0.9581308364868164 0.6740839183330536
vt 0.9465987682342529 0.6487442851066589
vt 0.9581308364868164 0.6740839183330536
vt 0.96283358335495 0.6526074111461639
vt 0.952346920967102 0.7051413953304291
vt 0.9581308364868164 0.6740839183330536
vt 0.9366241097450256 0.6733114123344421
vt 0.952346920967102 0.7051413953304291
vt 0.9366241097450256 0.6733114123344421
vt 0.9258171916007996 0.6968459188938141
vt 0.6447670459747314 0.7863039076328278
vt 0.6674991250038147 0.7675528526306152
vt 0.6508311629295349 0.7548380941152573
vt 0.6447670459747314 0.7863039076328278
vt 0.6508311629295349 0.7548380941152573
vt 0.6310320496559143 0.7710500359535217
vt 0.6313661932945251 0.8219476342201233
vt 0.6588019728660583 0.8022473305463791
vt 0.6447670459747314 0.7863039076328278
vt 0.6313661932945251 0.8219476342201233
vt 0.6447670459747314 0.7863039076328278
vt 0.6166922450065613 0.8055398166179657
vt 0.6166922450065613 0.8055398166179657
vt 0.6447670459747314 0.7863039076328278
vt 0.6310320496559143 0.7710500359535217
vt 0.6166922450065613 0.8055398166179657
vt 0.6310320496559143 0.7710500359535217
vt 0.6029146313667297 0.7891193777322769
vt 0.6029146313667297 0.7891193777322769
vt 0.5779367685317993 0.8055997788906097
vt 0.5916130542755127 0.8220607340335846
vt 0.6029146313667297 0.7891193777322769
vt 0.5916130542755127 0.8220607340335846
vt 0.6166922450065613 0.8055398166179657
vt 0.6070685386657715 0.8356135934591293
vt 0.6313661932945251 0.8219476342201233
vt 0.6166922450065613 0.8055398166179657
vt 0.6070685386657715 0.8356135934591293
vt 0.6166922450065613 0.8055398166179657
vt 0.5916130542755127 0.8220607340335846
vt 0.5811859965324402 0.8536117821931839
vt 0.6070685386657715 0.8356135934591293
vt 0.5916130542755127 0.8220607340335846
vt 0.5811859965324402 0.8536117821931839
vt 0.5916130542755127 0.8220607340335846
vt 0.5649732947349548 0.8407761007547379
vt 0.5649732947349548 0.8407761007547379
vt 0.5916130542755127 0.8220607340335846
vt 0.5779367685317993 0.8055997788906097
vt 0.5649732947349548 0.8407761007547379
vt 0.5779367685317993 0.8055997788906097
vt 0.5507932305335999 0.8269751369953156
vt 0.5317802429199219 0.8501435965299606
vt 0.5547573566436768 0.8791958093643188
vt 0.5649732947349548 0.8407761007547379
vt 0.5317802429199219 0.8501435965299606
vt 0.5649732947349548 0.8407761007547379
vt 0.5507932305335999 0.8269751369953156
vt 0.7155740857124329 0.7872012853622437
vt 0.6916403770446777 0.8002349138259888
vt 0.7097474336624146 0.8252961784601212
vt 0.7155740857124329 0.7872012853622437
vt 0.7097474336624146 0.8252961784601212
vt 0.7358711361885071 0.8095893263816833
vt 0.6845741868019104 0.8380312025547028
vt 0.7097474336624146 0.8252961784601212
vt 0.6916403770446777 0.8002349138259888
vt 0.6845741868019104 0.8380312025547028
vt 0.6916403770446777 0.8002349138259888
vt 0.6715805530548096 0.818430706858635
vt 0.6523299813270569 0.8548171669244766
vt 0.6845741868019104 0.8380312025547028
vt 0.6715805530548096 0.818430706858635
vt 0.6523299813270569 0.8548171669244766
vt 0.6715805530548096 0.818430706858635
vt 0.6422159075737 0.8371377736330032
vt 0.6588019728660583 0.8022473305463791
vt 0.6313661932945251 0.8219476342201233
vt 0.6422159075737 0.8371377736330032
vt 0.6588019728660583 0.8022473305463791
vt 0.6422159075737 0.8371377736330032
vt 0.6715805530548096 0.818430706858635
vt 0.6238505840301514 0.8701164722442627
vt 0.6523299813270569 0.8548171669244766
vt 0.6422159075737 0.8371377736330032
vt 0.6238505840301514 0.8701164722442627
vt 0.6422159075737 0.8371377736330032
vt 0.6134209632873535 0.8543251007795334
vt 0.6422159075737 0.8371377736330032
vt 0.6313661932945251 0.8219476342201233
vt 0.6070685386657715 0.8356135934591293
vt 0.6422159075737 0.8371377736330032
vt 0.6070685386657715 0.8356135934591293
vt 0.6134209632873535 0.8543251007795334
vt 0.6134209632873535 0.8543251007795334
vt 0.6070685386657715 0.8356135934591293
vt 0.5811859965324402 0.8536117821931839
vt 0.6134209632873535 0.8543251007795334
vt 0.5811859965324402 0.8536117821931839
vt 0.5869486331939697 0.8714952170848846
vt 0.5987288355827332 0.8871611058712006
vt 0.6238505840301514 0.8701164722442627
vt 0.6134209632873535 0.8543251007795334
vt 0.5987288355827332 0.8871611058712006
vt 0.6134209632873535 0.8543251007795334
vt 0.5869486331939697 0.8714952170848846
vt 0.5869486331939697 0.8714952170848846
vt 0.5547573566436768 0.8791958093643188
vt 0.5708001852035522 0.9122950509190559
vt 0.5869486331939697 0.8714952170848846
vt 0.5708001852035522 0.9122950509190559
vt 0.5987288355827332 0.8871611058712006
vt 0.6916403770446777 0.8002349138259888
vt 0.6794893741607666 0.7843068689107895
vt 0.6588019728660583 0.8022473305463791
vt 0.6916403770446777 0.8002349138259888
vt 0.6588019728660583 0.8022473305463791
vt 0.6715805530548096 0.818430706858635
vt 0.6447670459747314 0.7863039076328278
vt 0.6588019728660583 0.8022473305463791
vt 0.6794893741607666 0.7843068689107895
vt 0.6447670459747314 0.7863039076328278
vt 0.6794893741607666 0.7843068689107895
vt 0.6674991250038147 0.7675528526306152
vt 0.5811859965324402 0.8536117821931839
vt 0.5649732947349548 0.8407761007547379
vt 0.5547573566436768 0.8791958093643188
vt 0.5811859965324402 0.8536117821931839
vt 0.5547573566436768 0.8791958093643188
vt 0.5869486331939697 0.8714952170848846
vt 0.2494591474533081 0.35064852237701416
vt 0.22707529366016388 0.3189021944999695
vt 0.19496509432792664 0.34252220392227173
vt 0.2494591474533081 0.35064852237701416
vt 0.19496509432792664 0.34252220392227173
vt 0.2184232473373413 0.3821507692337036
vt 0.33299726247787476 0.2649996876716614
vt 0.31179529428482056 0.23958635330200195
vt 0.294447660446167 0.25596529245376587
vt 0.33299726247787476 0.2649996876716614
vt 0.294447660446167 0.25596529245376587
vt 0.315024197101593 0.28294044733047485
vt 0.39389923214912415 0.1729130744934082
vt 0.3708072006702423 0.18851953744888306
vt 0.3908621370792389 0.21147948503494263
vt 0.39389923214912415 0.1729130744934082
vt 0.3908621370792389 0.21147948503494263
vt 0.41428160667419434 0.1907152533531189
vt 0.4351654350757599 0.16633307933807373
vt 0.4021684229373932 0.1428961157798767
vt 0.39389923214912415 0.1729130744934082
vt 0.4351654350757599 0.16633307933807373
vt 0.39389923214912415 0.1729130744934082
vt 0.41428160667419434 0.1907152533531189
vt 0.27853095531463623 0.14230400323867798
vt 0.2756451368331909 0.11453956365585327
vt 0.25689631700515747 0.11544787883758545
vt 0.27853095531463623 0.14230400323867798
vt 0.25689631700515747 0.11544787883758545
vt 0.2596540153026581 0.15320038795471191
vt 0.27853095531463623 0.14230400323867798
vt 0.2596540153026581 0.15320038795471191
vt 0.2705642580986023 0.17525798082351685
vt 0.27853095531463623 0.14230400323867798
vt 0.2705642580986023 0.17525798082351685
vt 0.2938050925731659 0.16573995351791382
vt 0.2864464223384857 0.20113921165466309
vt 0.30931949615478516 0.1901053786277771
vt 0.2938050925731659 0.16573995351791382
vt 0.2864464223384857 0.20113921165466309
vt 0.2938050925731659 0.16573995351791382
vt 0.2705642580986023 0.17525798082351685
vt 0.35088324546813965 0.24654948711395264
vt 0.3341827988624573 0.22057104110717773
vt 0.31179529428482056 0.23958635330200195
vt 0.35088324546813965 0.24654948711395264
vt 0.31179529428482056 0.23958635330200195
vt 0.33299726247787476 0.2649996876716614
vt 0.31558042764663696 0.13096272945404053
vt 0.32748329639434814 0.14544814825057983
vt 0.3434379994869232 0.13233906030654907
vt 0.31558042764663696 0.13096272945404053
vt 0.3434379994869232 0.13233906030654907
vt 0.32231974601745605 0.11714649200439453
vt 0.32748329639434814 0.14544814825057983
vt 0.3408295810222626 0.17031186819076538
vt 0.35244905948638916 0.16346490383148193
vt 0.32748329639434814 0.14544814825057983
vt 0.35244905948638916 0.16346490383148193
vt 0.3434379994869232 0.13233906030654907
vt 0.2794770896434784 0.3835693597793579
vt 0.2494591474533081 0.35064852237701416
vt 0.2184232473373413 0.3821507692337036
vt 0.2794770896434784 0.3835693597793579
vt 0.2184232473373413 0.3821507692337036
vt 0.2532682418823242 0.41965794563293457
vt 0.3562367558479309 0.29419243335723877
vt 0.33299726247787476 0.2649996876716614
vt 0.315024197101593 0.28294044733047485
vt 0.3562367558479309 0.29419243335723877
vt 0.315024197101593 0.28294044733047485
vt 0.33678337931632996 0.3109890818595886
vt 0.3750641942024231 0.2732802629470825
vt 0.35088324546813965 0.24654948711395264
vt 0.33299726247787476 0.2649996876716614
vt 0.3750641942024231 0.2732802629470825
vt 0.33299726247787476 0.2649996876716614
vt 0.3562367558479309 0.29419243335723877
vt 0.3703250586986542 0.23121583461761475
vt 0.35088324546813965 0.24654948711395264
vt 0.3750641942024231 0.2732802629470825
vt 0.3703250586986542 0.23121583461761475
vt 0.3750641942024231 0.2732802629470825
vt 0.39330819249153137 0.2552601099014282
vt 0.3703250586986542 0.23121583461761475
vt 0.39330819249153137 0.2552601099014282
vt 0.4111691415309906 0.23837566375732422
vt 0.3703250586986542 0.23121583461761475
vt 0.4111691415309906 0.23837566375732422
vt 0.3908621370792389 0.21147948503494263
vt 0.24641172587871552 0.9460484087467194
vt 0.25625133514404297 0.9652624949812889
vt 0.27987903356552124 0.9431754052639008
vt 0.24641172587871552 0.9460484087467194
vt 0.27987903356552124 0.9431754052639008
vt 0.26261141896247864 0.9250882342457771
vt 0.6784855127334595 0.4714016318321228
vt 0.6724281311035156 0.4428829550743103
vt 0.653897762298584 0.4502256512641907
vt 0.6784855127334595 0.4714016318321228
vt 0.653897762298584 0.4502256512641907
vt 0.6620029211044312 0.48628926277160645
vt 0.6168652772903442 0.4818759560585022
vt 0.6093065738677979 0.5057885050773621
vt 0.644946813583374 0.5068000853061676
vt 0.6168652772903442 0.4818759560585022
vt 0.644946813583374 0.5068000853061676
vt 0.6620029211044312 0.48628926277160645
vt 0.6440366506576538 0.42319583892822266
vt 0.6135131120681763 0.43671637773513794
vt 0.6249920129776001 0.45921021699905396
vt 0.6440366506576538 0.42319583892822266
vt 0.6249920129776001 0.45921021699905396
vt 0.653897762298584 0.4502256512641907
vt 0.6620029211044312 0.48628926277160645
vt 0.653897762298584 0.4502256512641907
vt 0.6249920129776001 0.45921021699905396
vt 0.6620029211044312 0.48628926277160645
vt 0.6249920129776001 0.45921021699905396
vt 0.6168652772903442 0.4818759560585022
vt 0.26261141896247864 0.9250882342457771
vt 0.27987903356552124 0.9431754052639008
vt 0.3024446666240692 0.924112893640995
vt 0.26261141896247864 0.9250882342457771
vt 0.3024446666240692 0.924112893640995
vt 0.28135257959365845 0.8935586810112
vt 0.6096879243850708 0.40409916639328003
vt 0.6135131120681763 0.43671637773513794
vt 0.6440366506576538 0.42319583892822266
vt 0.6096879243850708 0.40409916639328003
vt 0.6440366506576538 0.42319583892822266
vt 0.6336948871612549 0.3879721760749817
vt 0.29743045568466187 0.8500482887029648
vt 0.33496129512786865 0.8705090284347534
vt 0.3433464765548706 0.832652673125267
vt 0.29743045568466187 0.8500482887029648
vt 0.3433464765548706 0.832652673125267
vt 0.30136197805404663 0.8188952803611755
vt 0.30136197805404663 0.8188952803611755
vt 0.3433464765548706 0.832652673125267
vt 0.3528284430503845 0.7977572679519653
vt 0.30136197805404663 0.8188952803611755
vt 0.3528284430503845 0.7977572679519653
vt 0.3036065101623535 0.785928800702095
vt 0.4418542981147766 0.44929414987564087
vt 0.41933342814445496 0.5036297738552094
vt 0.4634529650211334 0.5053043365478516
vt 0.4418542981147766 0.44929414987564087
vt 0.4634529650211334 0.5053043365478516
vt 0.47594693303108215 0.4634682536125183
vt 0.4978042244911194 0.36927330493927
vt 0.48023658990859985 0.390911340713501
vt 0.5056480765342712 0.4030824303627014
vt 0.4978042244911194 0.36927330493927
vt 0.5056480765342712 0.4030824303627014
vt 0.5171887278556824 0.38597631454467773
vt 0.5230041146278381 0.3482726812362671
vt 0.4978042244911194 0.36927330493927
vt 0.5171887278556824 0.38597631454467773
vt 0.5230041146278381 0.3482726812362671
vt 0.5171887278556824 0.38597631454467773
vt 0.5393718481063843 0.36090391874313354
vt 0.288863867521286 0.4489653706550598
vt 0.3166889548301697 0.4701332449913025
vt 0.340623140335083 0.42636382579803467
vt 0.288863867521286 0.4489653706550598
vt 0.340623140335083 0.42636382579803467
vt 0.31159263849258423 0.41235512495040894
vt 0.2532682418823242 0.41965794563293457
vt 0.288863867521286 0.4489653706550598
vt 0.31159263849258423 0.41235512495040894
vt 0.2532682418823242 0.41965794563293457
vt 0.31159263849258423 0.41235512495040894
vt 0.2794770896434784 0.3835693597793579
vt 0.4113317131996155 0.4400720000267029
vt 0.3806370496749878 0.49115198850631714
vt 0.41933342814445496 0.5036297738552094
vt 0.4113317131996155 0.4400720000267029
vt 0.41933342814445496 0.5036297738552094
vt 0.4418542981147766 0.44929414987564087
vt 0.18063606321811676 0.11749148368835449
vt 0.1837308406829834 0.15038728713989258
vt 0.2283414602279663 0.13703638315200806
vt 0.18063606321811676 0.11749148368835449
vt 0.2283414602279663 0.13703638315200806
vt 0.21686811745166779 0.10398554801940918
vt 0.21186944842338562 0.17685526609420776
vt 0.2283414602279663 0.13703638315200806
vt 0.1837308406829834 0.15038728713989258
vt 0.21186944842338562 0.17685526609420776
vt 0.1837308406829834 0.15038728713989258
vt 0.18614797294139862 0.18227028846740723
vt 0.21233657002449036 0.20333075523376465
vt 0.21186944842338562 0.17685526609420776
vt 0.18614797294139862 0.18227028846740723
vt 0.21233657002449036 0.20333075523376465
vt 0.18614797294139862 0.18227028846740723
vt 0.18995420634746552 0.21020787954330444
vt 0.21233657002449036 0.20333075523376465
vt 0.18995420634746552 0.21020787954330444
vt 0.19879646599292755 0.24426722526550293
vt 0.21233657002449036 0.20333075523376465
vt 0.19879646599292755 0.24426722526550293
vt 0.22486922144889832 0.23638170957565308
vt 0.22707529366016388 0.3189021944999695
vt 0.2494591474533081 0.35064852237701416
vt 0.27614834904670715 0.3242769241333008
vt 0.22707529366016388 0.3189021944999695
vt 0.27614834904670715 0.3242769241333008
vt 0.25848251581192017 0.29620784521102905
vt 0.2494591474533081 0.35064852237701416
vt 0.2794770896434784 0.3835693597793579
vt 0.3002113997936249 0.353859007358551
vt 0.2494591474533081 0.35064852237701416
vt 0.3002113997936249 0.353859007358551
vt 0.27614834904670715 0.3242769241333008
vt 0.22921006381511688 0.17779111862182617
vt 0.2384226769208908 0.19860464334487915
vt 0.25409969687461853 0.1838732361793518
vt 0.22921006381511688 0.17779111862182617
vt 0.25409969687461853 0.1838732361793518
vt 0.24278348684310913 0.16412460803985596
vt 0.21233657002449036 0.20333075523376465
vt 0.2384226769208908 0.19860464334487915
vt 0.22921006381511688 0.17779111862182617
vt 0.21233657002449036 0.20333075523376465
vt 0.22921006381511688 0.17779111862182617
vt 0.21186944842338562 0.17685526609420776
vt 0.2384226769208908 0.19860464334487915
vt 0.24771885573863983 0.2241019606590271
vt 0.26917263865470886 0.21128779649734497
vt 0.2384226769208908 0.19860464334487915
vt 0.26917263865470886 0.21128779649734497
vt 0.25409969687461853 0.1838732361793518
vt 0.22486922144889832 0.23638170957565308
vt 0.24771885573863983 0.2241019606590271
vt 0.2384226769208908 0.19860464334487915
vt 0.22486922144889832 0.23638170957565308
vt 0.2384226769208908 0.19860464334487915
vt 0.21233657002449036 0.20333075523376465
vt 0.2782309651374817 0.2758888006210327
vt 0.29616662859916687 0.30335813760757446
vt 0.315024197101593 0.28294044733047485
vt 0.2782309651374817 0.2758888006210327
vt 0.315024197101593 0.28294044733047485
vt 0.294447660446167 0.25596529245376587
vt 0.29616662859916687 0.30335813760757446
vt 0.2782309651374817 0.2758888006210327
vt 0.25848251581192017 0.29620784521102905
vt 0.29616662859916687 0.30335813760757446
vt 0.25848251581192017 0.29620784521102905
vt 0.27614834904670715 0.3242769241333008
vt 0.29616662859916687 0.30335813760757446
vt 0.31882089376449585 0.3325223922729492
vt 0.33678337931632996 0.3109890818595886
vt 0.29616662859916687 0.30335813760757446
vt 0.33678337931632996 0.3109890818595886
vt 0.315024197101593 0.28294044733047485
vt 0.31882089376449585 0.3325223922729492
vt 0.29616662859916687 0.30335813760757446
vt 0.27614834904670715 0.3242769241333008
vt 0.31882089376449585 0.3325223922729492
vt 0.27614834904670715 0.3242769241333008
vt 0.3002113997936249 0.353859007358551
vt 0.21186944842338562 0.17685526609420776
vt 0.22921006381511688 0.17779111862182617
vt 0.24278348684310913 0.16412460803985596
vt 0.21186944842338562 0.17685526609420776
vt 0.24278348684310913 0.16412460803985596
vt 0.2283414602279663 0.13703638315200806
vt 0.3908621370792389 0.21147948503494263
vt 0.4111691415309906 0.23837566375732422
vt 0.43568482995033264 0.216901957988739
vt 0.3908621370792389 0.21147948503494263
vt 0.43568482995033264 0.216901957988739
vt 0.41428160667419434 0.1907152533531189
vt 0.41428160667419434 0.1907152533531189
vt 0.43568482995033264 0.216901957988739
vt 0.4629823565483093 0.18802601099014282
vt 0.41428160667419434 0.1907152533531189
vt 0.4629823565483093 0.18802601099014282
vt 0.4351654350757599 0.16633307933807373
vt 0.48023658990859985 0.390911340713501
vt 0.4978042244911194 0.36927330493927
vt 0.47407108545303345 0.34978729486465454
vt 0.48023658990859985 0.390911340713501
vt 0.47407108545303345 0.34978729486465454
vt 0.45576560497283936 0.38165634870529175
vt 0.5019370317459106 0.32956260442733765
vt 0.47407108545303345 0.34978729486465454
vt 0.4978042244911194 0.36927330493927
vt 0.5019370317459106 0.32956260442733765
vt 0.4978042244911194 0.36927330493927
vt 0.5230041146278381 0.3482726812362671
vt 0.47594693303108215 0.4634682536125183
vt 0.4919804334640503 0.4296829104423523
vt 0.4593851566314697 0.41977959871292114
vt 0.47594693303108215 0.4634682536125183
vt 0.4593851566314697 0.41977959871292114
vt 0.4418542981147766 0.44929414987564087
vt 0.48023658990859985 0.390911340713501
vt 0.4593851566314697 0.41977959871292114
vt 0.4919804334640503 0.4296829104423523
vt 0.48023658990859985 0.390911340713501
vt 0.4919804334640503 0.4296829104423523
vt 0.5056480765342712 0.4030824303627014
vt 0.4418542981147766 0.44929414987564087
vt 0.4593851566314697 0.41977959871292114
vt 0.4369875490665436 0.40906190872192383
vt 0.4418542981147766 0.44929414987564087
vt 0.4369875490665436 0.40906190872192383
vt 0.4113317131996155 0.4400720000267029
vt 0.45576560497283936 0.38165634870529175
vt 0.4369875490665436 0.40906190872192383
vt 0.4593851566314697 0.41977959871292114
vt 0.45576560497283936 0.38165634870529175
vt 0.4593851566314697 0.41977959871292114
vt 0.48023658990859985 0.390911340713501
vt 0.5656402111053467 0.4329856038093567
vt 0.5899343490600586 0.4352797269821167
vt 0.5862851738929749 0.4124005436897278
vt 0.5656402111053467 0.4329856038093567
vt 0.5862851738929749 0.4124005436897278
vt 0.5695741176605225 0.41113096475601196
vt 0.5862851738929749 0.4124005436897278
vt 0.5899343490600586 0.4352797269821167
vt 0.6135131120681763 0.43671637773513794
vt 0.5862851738929749 0.4124005436897278
vt 0.6135131120681763 0.43671637773513794
vt 0.6096879243850708 0.40409916639328003
vt 0.5862851738929749 0.4124005436897278
vt 0.5852059125900269 0.3843585252761841
vt 0.5661283731460571 0.38935279846191406
vt 0.5862851738929749 0.4124005436897278
vt 0.5661283731460571 0.38935279846191406
vt 0.5695741176605225 0.41113096475601196
vt 0.5852059125900269 0.3843585252761841
vt 0.5862851738929749 0.4124005436897278
vt 0.6096879243850708 0.40409916639328003
vt 0.5852059125900269 0.3843585252761841
vt 0.6096879243850708 0.40409916639328003
vt 0.5990961790084839 0.38231325149536133
vt 0.5393718481063843 0.36090391874313354
vt 0.559302568435669 0.35164088010787964
vt 0.5412521958351135 0.33104705810546875
vt 0.5393718481063843 0.36090391874313354
vt 0.5412521958351135 0.33104705810546875
vt 0.5230041146278381 0.3482726812362671
vt 0.5642646551132202 0.32166510820388794
vt 0.5412521958351135 0.33104705810546875
vt 0.559302568435669 0.35164088010787964
vt 0.5642646551132202 0.32166510820388794
vt 0.559302568435669 0.35164088010787964
vt 0.577990710735321 0.34466493129730225
vt 0.5230041146278381 0.3482726812362671
vt 0.5412521958351135 0.33104705810546875
vt 0.5251834392547607 0.31327611207962036
vt 0.5230041146278381 0.3482726812362671
vt 0.5251834392547607 0.31327611207962036
vt 0.5019370317459106 0.32956260442733765
vt 0.5495426654815674 0.3008272647857666
vt 0.5251834392547607 0.31327611207962036
vt 0.5412521958351135 0.33104705810546875
vt 0.5495426654815674 0.3008272647857666
vt 0.5412521958351135 0.33104705810546875
vt 0.5642646551132202 0.32166510820388794
vt 0.5815684199333191 0.45316463708877563
vt 0.5899343490600586 0.4352797269821167
vt 0.5656402111053467 0.4329856038093567
vt 0.5815684199333191 0.45316463708877563
vt 0.5656402111053467 0.4329856038093567
vt 0.5593660473823547 0.45003145933151245
vt 0.6135131120681763 0.43671637773513794
vt 0.5899343490600586 0.4352797269821167
vt 0.5815684199333191 0.45316463708877563
vt 0.6135131120681763 0.43671637773513794
vt 0.5815684199333191 0.45316463708877563
vt 0.5854597091674805 0.48158687353134155
vt 0.6093065738677979 0.5057885050773621
vt 0.6168652772903442 0.4818759560585022
vt 0.5854597091674805 0.48158687353134155
vt 0.6093065738677979 0.5057885050773621
vt 0.5854597091674805 0.48158687353134155
vt 0.5718862414360046 0.5078327357769012
vt 0.6249920129776001 0.45921021699905396
vt 0.6135131120681763 0.43671637773513794
vt 0.5854597091674805 0.48158687353134155
vt 0.6249920129776001 0.45921021699905396
vt 0.5854597091674805 0.48158687353134155
vt 0.6168652772903442 0.4818759560585022
vt 0.5854597091674805 0.48158687353134155
vt 0.5815684199333191 0.45316463708877563
vt 0.5593660473823547 0.45003145933151245
vt 0.5854597091674805 0.48158687353134155
vt 0.5593660473823547 0.45003145933151245
vt 0.5460633039474487 0.4765211343765259
vt 0.5718862414360046 0.5078327357769012
vt 0.5854597091674805 0.48158687353134155
vt 0.5460633039474487 0.4765211343765259
vt 0.5718862414360046 0.5078327357769012
vt 0.5460633039474487 0.4765211343765259
vt 0.5369776487350464 0.5065799951553345
vt 0.4629823565483093 0.18802601099014282
vt 0.43568482995033264 0.216901957988739
vt 0.4580235779285431 0.23871636390686035
vt 0.4629823565483093 0.18802601099014282
vt 0.4580235779285431 0.23871636390686035
vt 0.4867483079433441 0.21334517002105713
vt 0.5251834392547607 0.31327611207962036
vt 0.5495426654815674 0.3008272647857666
vt 0.5355710387229919 0.27324730157852173
vt 0.5251834392547607 0.31327611207962036
vt 0.5355710387229919 0.27324730157852173
vt 0.5069331526756287 0.2937442660331726
vt 0.5069331526756287 0.2937442660331726
vt 0.5355710387229919 0.27324730157852173
vt 0.5232850313186646 0.25658655166625977
vt 0.5069331526756287 0.2937442660331726
vt 0.5232850313186646 0.25658655166625977
vt 0.4948483407497406 0.27841031551361084
vt 0.4948483407497406 0.27841031551361084
vt 0.5232850313186646 0.25658655166625977
vt 0.5051825046539307 0.23299020528793335
vt 0.4948483407497406 0.27841031551361084
vt 0.5051825046539307 0.23299020528793335
vt 0.4759688973426819 0.25665026903152466
vt 0.4867483079433441 0.21334517002105713
vt 0.4580235779285431 0.23871636390686035
vt 0.4759688973426819 0.25665026903152466
vt 0.4867483079433441 0.21334517002105713
vt 0.4759688973426819 0.25665026903152466
vt 0.5051825046539307 0.23299020528793335
vt 0.4580235779285431 0.23871636390686035
vt 0.43383583426475525 0.2622820734977722
vt 0.44985491037368774 0.27826499938964844
vt 0.4580235779285431 0.23871636390686035
vt 0.44985491037368774 0.27826499938964844
vt 0.4759688973426819 0.25665026903152466
vt 0.43383583426475525 0.2622820734977722
vt 0.4580235779285431 0.23871636390686035
vt 0.43568482995033264 0.216901957988739
vt 0.43383583426475525 0.2622820734977722
vt 0.43568482995033264 0.216901957988739
vt 0.4111691415309906 0.23837566375732422
vt 0.4759688973426819 0.25665026903152466
vt 0.44985491037368774 0.27826499938964844
vt 0.4673626720905304 0.2973748445510864
vt 0.4759688973426819 0.25665026903152466
vt 0.4673626720905304 0.2973748445510864
vt 0.4948483407497406 0.27841031551361084
vt 0.4948483407497406 0.27841031551361084
vt 0.4673626720905304 0.2973748445510864
vt 0.4832867681980133 0.3128201365470886
vt 0.4948483407497406 0.27841031551361084
vt 0.4832867681980133 0.3128201365470886
vt 0.5069331526756287 0.2937442660331726
vt 0.5069331526756287 0.2937442660331726
vt 0.4832867681980133 0.3128201365470886
vt 0.5019370317459106 0.32956260442733765
vt 0.5069331526756287 0.2937442660331726
vt 0.5019370317459106 0.32956260442733765
vt 0.5251834392547607 0.31327611207962036
vt 0.2794770896434784 0.3835693597793579
vt 0.31159263849258423 0.41235512495040894
vt 0.3320204019546509 0.37691885232925415
vt 0.2794770896434784 0.3835693597793579
vt 0.3320204019546509 0.37691885232925415
vt 0.3002113997936249 0.353859007358551
vt 0.31882089376449585 0.3325223922729492
vt 0.3002113997936249 0.353859007358551
vt 0.3320204019546509 0.37691885232925415
vt 0.31882089376449585 0.3325223922729492
vt 0.3320204019546509 0.37691885232925415
vt 0.34891411662101746 0.3541533350944519
vt 0.31882089376449585 0.3325223922729492
vt 0.34891411662101746 0.3541533350944519
vt 0.3636472225189209 0.3347110152244568
vt 0.31882089376449585 0.3325223922729492
vt 0.3636472225189209 0.3347110152244568
vt 0.33678337931632996 0.3109890818595886
vt 0.3562367558479309 0.29419243335723877
vt 0.33678337931632996 0.3109890818595886
vt 0.3636472225189209 0.3347110152244568
vt 0.3562367558479309 0.29419243335723877
vt 0.3636472225189209 0.3347110152244568
vt 0.3785690367221832 0.3140983581542969
vt 0.3750641942024231 0.2732802629470825
vt 0.3562367558479309 0.29419243335723877
vt 0.3785690367221832 0.3140983581542969
vt 0.3750641942024231 0.2732802629470825
vt 0.3785690367221832 0.3140983581542969
vt 0.39749836921691895 0.2952187657356262
vt 0.3750641942024231 0.2732802629470825
vt 0.39749836921691895 0.2952187657356262
vt 0.4147791564464569 0.27738893032073975
vt 0.3750641942024231 0.2732802629470825
vt 0.4147791564464569 0.27738893032073975
vt 0.39330819249153137 0.2552601099014282
vt 0.4111691415309906 0.23837566375732422
vt 0.39330819249153137 0.2552601099014282
vt 0.4147791564464569 0.27738893032073975
vt 0.4111691415309906 0.23837566375732422
vt 0.4147791564464569 0.27738893032073975
vt 0.43383583426475525 0.2622820734977722
vt 0.3566051721572876 0.39274120330810547
vt 0.3320204019546509 0.37691885232925415
vt 0.31159263849258423 0.41235512495040894
vt 0.3566051721572876 0.39274120330810547
vt 0.31159263849258423 0.41235512495040894
vt 0.340623140335083 0.42636382579803467
vt 0.43614086508750916 0.3681902289390564
vt 0.41451844573020935 0.3952651619911194
vt 0.4369875490665436 0.40906190872192383
vt 0.43614086508750916 0.3681902289390564
vt 0.4369875490665436 0.40906190872192383
vt 0.45576560497283936 0.38165634870529175
vt 0.43614086508750916 0.3681902289390564
vt 0.45576560497283936 0.38165634870529175
vt 0.47407108545303345 0.34978729486465454
vt 0.43614086508750916 0.3681902289390564
vt 0.47407108545303345 0.34978729486465454
vt 0.4552455246448517 0.3339114785194397
vt 0.4832867681980133 0.3128201365470886
vt 0.4552455246448517 0.3339114785194397
vt 0.47407108545303345 0.34978729486465454
vt 0.4832867681980133 0.3128201365470886
vt 0.47407108545303345 0.34978729486465454
vt 0.5019370317459106 0.32956260442733765
vt 0.43383583426475525 0.2622820734977722
vt 0.4147791564464569 0.27738893032073975
vt 0.4292146563529968 0.29576659202575684
vt 0.43383583426475525 0.2622820734977722
vt 0.4292146563529968 0.29576659202575684
vt 0.44985491037368774 0.27826499938964844
vt 0.44985491037368774 0.27826499938964844
vt 0.4292146563529968 0.29576659202575684
vt 0.4463895261287689 0.3128468990325928
vt 0.44985491037368774 0.27826499938964844
vt 0.4463895261287689 0.3128468990325928
vt 0.4673626720905304 0.2973748445510864
vt 0.4832867681980133 0.3128201365470886
vt 0.4673626720905304 0.2973748445510864
vt 0.4463895261287689 0.3128468990325928
vt 0.4832867681980133 0.3128201365470886
vt 0.4463895261287689 0.3128468990325928
vt 0.4552455246448517 0.3339114785194397
vt 0.43614086508750916 0.3681902289390564
vt 0.4552455246448517 0.3339114785194397
vt 0.43429630994796753 0.3381533622741699
vt 0.43614086508750916 0.3681902289390564
vt 0.43429630994796753 0.3381533622741699
vt 0.4216127395629883 0.35790854692459106
vt 0.43429630994796753 0.3381533622741699
vt 0.4552455246448517 0.3339114785194397
vt 0.4463895261287689 0.3128468990325928
vt 0.43429630994796753 0.3381533622741699
vt 0.4463895261287689 0.3128468990325928
vt 0.4259586036205292 0.32431089878082275
vt 0.4259586036205292 0.32431089878082275
vt 0.4463895261287689 0.3128468990325928
vt 0.4292146563529968 0.29576659202575684
vt 0.4259586036205292 0.32431089878082275
vt 0.4292146563529968 0.29576659202575684
vt 0.40855664014816284 0.30750131607055664
vt 0.4147791564464569 0.27738893032073975
vt 0.39749836921691895 0.2952187657356262
vt 0.40855664014816284 0.30750131607055664
vt 0.4147791564464569 0.27738893032073975
vt 0.40855664014816284 0.30750131607055664
vt 0.4292146563529968 0.29576659202575684
vt 0.4216127395629883 0.35790854692459106
vt 0.39687544107437134 0.37933576107025146
vt 0.41451844573020935 0.3952651619911194
vt 0.4216127395629883 0.35790854692459106
vt 0.41451844573020935 0.3952651619911194
vt 0.43614086508750916 0.3681902289390564
vt 0.40855664014816284 0.30750131607055664
vt 0.39749836921691895 0.2952187657356262
vt 0.3785690367221832 0.3140983581542969
vt 0.40855664014816284 0.30750131607055664
vt 0.3785690367221832 0.3140983581542969
vt 0.39592230319976807 0.32904189825057983
vt 0.4259586036205292 0.32431089878082275
vt 0.40855664014816284 0.30750131607055664
vt 0.39592230319976807 0.32904189825057983
vt 0.4259586036205292 0.32431089878082275
vt 0.39592230319976807 0.32904189825057983
vt 0.4104945957660675 0.3429532051086426
vt 0.43429630994796753 0.3381533622741699
vt 0.4259586036205292 0.32431089878082275
vt 0.4104945957660675 0.3429532051086426
vt 0.43429630994796753 0.3381533622741699
vt 0.4104945957660675 0.3429532051086426
vt 0.4216127395629883 0.35790854692459106
vt 0.37993401288986206 0.43271660804748535
vt 0.3505071699619293 0.4821595549583435
vt 0.3806370496749878 0.49115198850631714
vt 0.37993401288986206 0.43271660804748535
vt 0.3806370496749878 0.49115198850631714
vt 0.4113317131996155 0.4400720000267029
vt 0.340623140335083 0.42636382579803467
vt 0.3166889548301697 0.4701332449913025
vt 0.3505071699619293 0.4821595549583435
vt 0.340623140335083 0.42636382579803467
vt 0.3505071699619293 0.4821595549583435
vt 0.37993401288986206 0.43271660804748535
vt 0.3773650527000427 0.39924412965774536
vt 0.3566051721572876 0.39274120330810547
vt 0.340623140335083 0.42636382579803467
vt 0.3773650527000427 0.39924412965774536
vt 0.340623140335083 0.42636382579803467
vt 0.37993401288986206 0.43271660804748535
vt 0.4113317131996155 0.4400720000267029
vt 0.4369875490665436 0.40906190872192383
vt 0.41451844573020935 0.3952651619911194
vt 0.4113317131996155 0.4400720000267029
vt 0.41451844573020935 0.3952651619911194
vt 0.37993401288986206 0.43271660804748535
vt 0.3773650527000427 0.39924412965774536
vt 0.37993401288986206 0.43271660804748535
vt 0.41451844573020935 0.3952651619911194
vt 0.3773650527000427 0.39924412965774536
vt 0.41451844573020935 0.3952651619911194
vt 0.39687544107437134 0.37933576107025146
vt 0.34891411662101746 0.3541533350944519
vt 0.3320204019546509 0.37691885232925415
vt 0.3566051721572876 0.39274120330810547
vt 0.34891411662101746 0.3541533350944519
vt 0.3566051721572876 0.39274120330810547
vt 0.3715244233608246 0.3677583932876587
vt 0.3715244233608246 0.3677583932876587
vt 0.3566051721572876 0.39274120330810547
vt 0.3773650527000427 0.39924412965774536
vt 0.3715244233608246 0.3677583932876587
vt 0.3773650527000427 0.39924412965774536
vt 0.39687544107437134 0.37933576107025146
vt 0.3636472225189209 0.3347110152244568
vt 0.34891411662101746 0.3541533350944519
vt 0.3715244233608246 0.3677583932876587
vt 0.3636472225189209 0.3347110152244568
vt 0.3715244233608246 0.3677583932876587
vt 0.3826543092727661 0.3471825122833252
vt 0.3949553072452545 0.35568565130233765
vt 0.3826543092727661 0.3471825122833252
vt 0.3715244233608246 0.3677583932876587
vt 0.3949553072452545 0.35568565130233765
vt 0.3715244233608246 0.3677583932876587
vt 0.39687544107437134 0.37933576107025146
vt 0.3949553072452545 0.35568565130233765
vt 0.39687544107437134 0.37933576107025146
vt 0.4216127395629883 0.35790854692459106
vt 0.3949553072452545 0.35568565130233765
vt 0.4216127395629883 0.35790854692459106
vt 0.4104945957660675 0.3429532051086426
vt 0.39592230319976807 0.32904189825057983
vt 0.3826543092727661 0.3471825122833252
vt 0.3949553072452545 0.35568565130233765
vt 0.39592230319976807 0.32904189825057983
vt 0.3949553072452545 0.35568565130233765
vt 0.4104945957660675 0.3429532051086426
vt 0.3636472225189209 0.3347110152244568
vt 0.3826543092727661 0.3471825122833252
vt 0.39592230319976807 0.32904189825057983
vt 0.3636472225189209 0.3347110152244568
vt 0.39592230319976807 0.32904189825057983
vt 0.3785690367221832 0.3140983581542969
vt 0.28936880826950073 0.8747558444738388
vt 0.25536611676216125 0.8635637909173965
vt 0.25048303604125977 0.883962370455265
vt 0.28936880826950073 0.8747558444738388
vt 0.25048303604125977 0.883962370455265
vt 0.28135257959365845 0.8935586810112
vt 0.25536611676216125 0.8635637909173965
vt 0.28936880826950073 0.8747558444738388
vt 0.29743045568466187 0.8500482887029648
vt 0.25536611676216125 0.8635637909173965
vt 0.29743045568466187 0.8500482887029648
vt 0.26025018095970154 0.8379442691802979
vt 0.25048303604125977 0.883962370455265
vt 0.25536611676216125 0.8635637909173965
vt 0.2250736504793167 0.8615066409111023
vt 0.25048303604125977 0.883962370455265
vt 0.2250736504793167 0.8615066409111023
vt 0.2206255942583084 0.8843349665403366
vt 0.2282397598028183 0.8324187248945236
vt 0.2250736504793167 0.8615066409111023
vt 0.25536611676216125 0.8635637909173965
vt 0.2282397598028183 0.8324187248945236
vt 0.25536611676216125 0.8635637909173965
vt 0.26025018095970154 0.8379442691802979
vt 0.19729486107826233 0.8864674866199493
vt 0.20221227407455444 0.8629138469696045
vt 0.1833980679512024 0.8648411631584167
vt 0.19729486107826233 0.8864674866199493
vt 0.1833980679512024 0.8648411631584167
vt 0.17163236439228058 0.8902632668614388
vt 0.2206255942583084 0.8843349665403366
vt 0.2250736504793167 0.8615066409111023
vt 0.20221227407455444 0.8629138469696045
vt 0.2206255942583084 0.8843349665403366
vt 0.20221227407455444 0.8629138469696045
vt 0.19729486107826233 0.8864674866199493
vt 0.204695463180542 0.8342757821083069
vt 0.20221227407455444 0.8629138469696045
vt 0.2250736504793167 0.8615066409111023
vt 0.204695463180542 0.8342757821083069
vt 0.2250736504793167 0.8615066409111023
vt 0.2282397598028183 0.8324187248945236
vt 0.31861793994903564 0.9000295326113701
vt 0.28936880826950073 0.8747558444738388
vt 0.28135257959365845 0.8935586810112
vt 0.31861793994903564 0.9000295326113701
vt 0.28135257959365845 0.8935586810112
vt 0.3024446666240692 0.924112893640995
vt 0.28936880826950073 0.8747558444738388
vt 0.31861793994903564 0.9000295326113701
vt 0.33496129512786865 0.8705090284347534
vt 0.28936880826950073 0.8747558444738388
vt 0.33496129512786865 0.8705090284347534
vt 0.29743045568466187 0.8500482887029648
vt 0.5661283731460571 0.38935279846191406
vt 0.5557080507278442 0.378928542137146
vt 0.5445965528488159 0.4002293348312378
vt 0.5661283731460571 0.38935279846191406
vt 0.5445965528488159 0.4002293348312378
vt 0.5695741176605225 0.41113096475601196
vt 0.5171887278556824 0.38597631454467773
vt 0.5445965528488159 0.4002293348312378
vt 0.5557080507278442 0.378928542137146
vt 0.5171887278556824 0.38597631454467773
vt 0.5557080507278442 0.378928542137146
vt 0.5393718481063843 0.36090391874313354
vt 0.5695741176605225 0.41113096475601196
vt 0.5445965528488159 0.4002293348312378
vt 0.5364593863487244 0.41999202966690063
vt 0.5695741176605225 0.41113096475601196
vt 0.5364593863487244 0.41999202966690063
vt 0.5656402111053467 0.4329856038093567
vt 0.5364593863487244 0.41999202966690063
vt 0.5445965528488159 0.4002293348312378
vt 0.5171887278556824 0.38597631454467773
vt 0.5364593863487244 0.41999202966690063
vt 0.5171887278556824 0.38597631454467773
vt 0.5056480765342712 0.4030824303627014
vt 0.5123391151428223 0.47291308641433716
vt 0.5026304125785828 0.5083521902561188
vt 0.5369776487350464 0.5065799951553345
vt 0.5123391151428223 0.47291308641433716
vt 0.5369776487350464 0.5065799951553345
vt 0.5460633039474487 0.4765211343765259
vt 0.5026304125785828 0.5083521902561188
vt 0.5123391151428223 0.47291308641433716
vt 0.47594693303108215 0.4634682536125183
vt 0.5026304125785828 0.5083521902561188
vt 0.47594693303108215 0.4634682536125183
vt 0.4634529650211334 0.5053043365478516
vt 0.52671217918396 0.44105738401412964
vt 0.5123391151428223 0.47291308641433716
vt 0.5460633039474487 0.4765211343765259
vt 0.52671217918396 0.44105738401412964
vt 0.5460633039474487 0.4765211343765259
vt 0.5593660473823547 0.45003145933151245
vt 0.5123391151428223 0.47291308641433716
vt 0.52671217918396 0.44105738401412964
vt 0.4919804334640503 0.4296829104423523
vt 0.5123391151428223 0.47291308641433716
vt 0.4919804334640503 0.4296829104423523
vt 0.47594693303108215 0.4634682536125183
vt 0.5364593863487244 0.41999202966690063
vt 0.52671217918396 0.44105738401412964
vt 0.5593660473823547 0.45003145933151245
vt 0.5364593863487244 0.41999202966690063
vt 0.5593660473823547 0.45003145933151245
vt 0.5656402111053467 0.4329856038093567
vt 0.52671217918396 0.44105738401412964
vt 0.5364593863487244 0.41999202966690063
vt 0.5056480765342712 0.4030824303627014
vt 0.52671217918396 0.44105738401412964
vt 0.5056480765342712 0.4030824303627014
vt 0.4919804334640503 0.4296829104423523
vt 0.5755389928817749 0.371515691280365
vt 0.5557080507278442 0.378928542137146
vt 0.5661283731460571 0.38935279846191406
vt 0.5755389928817749 0.371515691280365
vt 0.5661283731460571 0.38935279846191406
vt 0.5852059125900269 0.3843585252761841
vt 0.5557080507278442 0.378928542137146
vt 0.5755389928817749 0.371515691280365
vt 0.559302568435669 0.35164088010787964
vt 0.5557080507278442 0.378928542137146
vt 0.559302568435669 0.35164088010787964
vt 0.5393718481063843 0.36090391874313354
vt 0.5893633961677551 0.366588830947876
vt 0.5755389928817749 0.371515691280365
vt 0.5852059125900269 0.3843585252761841
vt 0.5893633961677551 0.366588830947876
vt 0.5852059125900269 0.3843585252761841
vt 0.5990961790084839 0.38231325149536133
vt 0.5755389928817749 0.371515691280365
vt 0.5893633961677551 0.366588830947876
vt 0.577990710735321 0.34466493129730225
vt 0.5755389928817749 0.371515691280365
vt 0.577990710735321 0.34466493129730225
vt 0.559302568435669 0.35164088010787964
vt 0.3502688407897949 0.10446447134017944
vt 0.32853418588638306 0.1022905707359314
vt 0.32231974601745605 0.11714649200439453
vt 0.3502688407897949 0.10446447134017944
vt 0.32231974601745605 0.11714649200439453
vt 0.3434379994869232 0.13233906030654907
vt 0.32853418588638306 0.1022905707359314
vt 0.3502688407897949 0.10446447134017944
vt 0.3535926938056946 0.08090710639953613
vt 0.32853418588638306 0.1022905707359314
vt 0.3535926938056946 0.08090710639953613
vt 0.32747703790664673 0.07869064807891846
vt 0.3705623149871826 0.13233250379562378
vt 0.37757596373558044 0.11368471384048462
vt 0.3502688407897949 0.10446447134017944
vt 0.3705623149871826 0.13233250379562378
vt 0.3502688407897949 0.10446447134017944
vt 0.3434379994869232 0.13233906030654907
vt 0.3502688407897949 0.10446447134017944
vt 0.37757596373558044 0.11368471384048462
vt 0.3856385350227356 0.09048688411712646
vt 0.3502688407897949 0.10446447134017944
vt 0.3856385350227356 0.09048688411712646
vt 0.3535926938056946 0.08090710639953613
vt 0.4021684229373932 0.1428961157798767
vt 0.41244077682495117 0.1258312463760376
vt 0.37757596373558044 0.11368471384048462
vt 0.4021684229373932 0.1428961157798767
vt 0.37757596373558044 0.11368471384048462
vt 0.3705623149871826 0.13233250379562378
vt 0.3856385350227356 0.09048688411712646
vt 0.37757596373558044 0.11368471384048462
vt 0.41244077682495117 0.1258312463760376
vt 0.3856385350227356 0.09048688411712646
vt 0.41244077682495117 0.1258312463760376
vt 0.42831385135650635 0.10168731212615967
vt 0.4351654350757599 0.16633307933807373
vt 0.45142418146133423 0.15079021453857422
vt 0.41244077682495117 0.1258312463760376
vt 0.4351654350757599 0.16633307933807373
vt 0.41244077682495117 0.1258312463760376
vt 0.4021684229373932 0.1428961157798767
vt 0.42831385135650635 0.10168731212615967
vt 0.41244077682495117 0.1258312463760376
vt 0.45142418146133423 0.15079021453857422
vt 0.42831385135650635 0.10168731212615967
vt 0.45142418146133423 0.15079021453857422
vt 0.474189817905426 0.12916404008865356
vt 0.4629823565483093 0.18802601099014282
vt 0.48114341497421265 0.17093157768249512
vt 0.45142418146133423 0.15079021453857422
vt 0.4629823565483093 0.18802601099014282
vt 0.45142418146133423 0.15079021453857422
vt 0.4351654350757599 0.16633307933807373
vt 0.474189817905426 0.12916404008865356
vt 0.45142418146133423 0.15079021453857422
vt 0.48114341497421265 0.17093157768249512
vt 0.474189817905426 0.12916404008865356
vt 0.48114341497421265 0.17093157768249512
vt 0.5027288794517517 0.14869147539138794
vt 0.577990710735321 0.34466493129730225
vt 0.6011559963226318 0.33281558752059937
vt 0.5910683870315552 0.31063514947891235
vt 0.577990710735321 0.34466493129730225
vt 0.5910683870315552 0.31063514947891235
vt 0.5642646551132202 0.32166510820388794
vt 0.6170752048492432 0.2991148829460144
vt 0.5910683870315552 0.31063514947891235
vt 0.6011559963226318 0.33281558752059937
vt 0.6170752048492432 0.2991148829460144
vt 0.6011559963226318 0.33281558752059937
vt 0.6262955665588379 0.3256758451461792
vt 0.5642646551132202 0.32166510820388794
vt 0.5910683870315552 0.31063514947891235
vt 0.5749424695968628 0.2853701710700989
vt 0.5642646551132202 0.32166510820388794
vt 0.5749424695968628 0.2853701710700989
vt 0.5495426654815674 0.3008272647857666
vt 0.5749424695968628 0.2853701710700989
vt 0.5910683870315552 0.31063514947891235
vt 0.6170752048492432 0.2991148829460144
vt 0.5749424695968628 0.2853701710700989
vt 0.6170752048492432 0.2991148829460144
vt 0.6033185124397278 0.26641303300857544
vt 0.5749424695968628 0.2853701710700989
vt 0.5590532422065735 0.2580580711364746
vt 0.5355710387229919 0.27324730157852173
vt 0.5749424695968628 0.2853701710700989
vt 0.5355710387229919 0.27324730157852173
vt 0.5495426654815674 0.3008272647857666
vt 0.5590532422065735 0.2580580711364746
vt 0.5749424695968628 0.2853701710700989
vt 0.6033185124397278 0.26641303300857544
vt 0.5590532422065735 0.2580580711364746
vt 0.6033185124397278 0.26641303300857544
vt 0.5856723189353943 0.2392420768737793
vt 0.5355710387229919 0.27324730157852173
vt 0.5590532422065735 0.2580580711364746
vt 0.5459873676300049 0.23924684524536133
vt 0.5355710387229919 0.27324730157852173
vt 0.5459873676300049 0.23924684524536133
vt 0.5232850313186646 0.25658655166625977
vt 0.5459873676300049 0.23924684524536133
vt 0.5590532422065735 0.2580580711364746
vt 0.5856723189353943 0.2392420768737793
vt 0.5459873676300049 0.23924684524536133
vt 0.5856723189353943 0.2392420768737793
vt 0.5730642080307007 0.21954214572906494
vt 0.5459873676300049 0.23924684524536133
vt 0.5267719626426697 0.2152794599533081
vt 0.5051825046539307 0.23299020528793335
vt 0.5459873676300049 0.23924684524536133
vt 0.5051825046539307 0.23299020528793335
vt 0.5232850313186646 0.25658655166625977
vt 0.5529530048370361 0.19485080242156982
vt 0.5267719626426697 0.2152794599533081
vt 0.5459873676300049 0.23924684524536133
vt 0.5529530048370361 0.19485080242156982
vt 0.5459873676300049 0.23924684524536133
vt 0.5730642080307007 0.21954214572906494
vt 0.4867483079433441 0.21334517002105713
vt 0.5066373348236084 0.19517207145690918
vt 0.48114341497421265 0.17093157768249512
vt 0.4867483079433441 0.21334517002105713
vt 0.48114341497421265 0.17093157768249512
vt 0.4629823565483093 0.18802601099014282
vt 0.5027288794517517 0.14869147539138794
vt 0.48114341497421265 0.17093157768249512
vt 0.5066373348236084 0.19517207145690918
vt 0.5027288794517517 0.14869147539138794
vt 0.5066373348236084 0.19517207145690918
vt 0.5304622650146484 0.17196917533874512
vt 0.5051825046539307 0.23299020528793335
vt 0.5267719626426697 0.2152794599533081
vt 0.5066373348236084 0.19517207145690918
vt 0.5051825046539307 0.23299020528793335
vt 0.5066373348236084 0.19517207145690918
vt 0.4867483079433441 0.21334517002105713
vt 0.5304622650146484 0.17196917533874512
vt 0.5066373348236084 0.19517207145690918
vt 0.5267719626426697 0.2152794599533081
vt 0.5304622650146484 0.17196917533874512
vt 0.5267719626426697 0.2152794599533081
vt 0.5529530048370361 0.19485080242156982
vt 0.6101099252700806 0.35604119300842285
vt 0.6011559963226318 0.33281558752059937
vt 0.577990710735321 0.34466493129730225
vt 0.6101099252700806 0.35604119300842285
vt 0.577990710735321 0.34466493129730225
vt 0.5893633961677551 0.366588830947876
vt 0.6643412113189697 0.37573736906051636
vt 0.660749077796936 0.35396355390548706
vt 0.6320455074310303 0.3631916046142578
vt 0.6643412113189697 0.37573736906051636
vt 0.6320455074310303 0.3631916046142578
vt 0.6336948871612549 0.3879721760749817
vt 0.6262955665588379 0.3256758451461792
vt 0.6320455074310303 0.3631916046142578
vt 0.660749077796936 0.35396355390548706
vt 0.6262955665588379 0.3256758451461792
vt 0.660749077796936 0.35396355390548706
vt 0.6520565748214722 0.3185827136039734
vt 0.5990961790084839 0.38231325149536133
vt 0.6320455074310303 0.3631916046142578
vt 0.6101099252700806 0.35604119300842285
vt 0.5990961790084839 0.38231325149536133
vt 0.6101099252700806 0.35604119300842285
vt 0.5893633961677551 0.366588830947876
vt 0.6262955665588379 0.3256758451461792
vt 0.6011559963226318 0.33281558752059937
vt 0.6101099252700806 0.35604119300842285
vt 0.6262955665588379 0.3256758451461792
vt 0.6101099252700806 0.35604119300842285
vt 0.6320455074310303 0.3631916046142578
vt 0.5990961790084839 0.38231325149536133
vt 0.6096879243850708 0.40409916639328003
vt 0.6336948871612549 0.3879721760749817
vt 0.5990961790084839 0.38231325149536133
vt 0.6336948871612549 0.3879721760749817
vt 0.6320455074310303 0.3631916046142578
vt 0.24947234988212585 0.0407753586769104
vt 0.23794366419315338 0.08157926797866821
vt 0.285678893327713 0.07843565940856934
vt 0.24947234988212585 0.0407753586769104
vt 0.285678893327713 0.07843565940856934
vt 0.2902502715587616 0.04688161611557007
vt 0.32747703790664673 0.07869064807891846
vt 0.3311632573604584 0.050550878047943115
vt 0.2902502715587616 0.04688161611557007
vt 0.32747703790664673 0.07869064807891846
vt 0.2902502715587616 0.04688161611557007
vt 0.285678893327713 0.07843565940856934
vt 0.285678893327713 0.07843565940856934
vt 0.23794366419315338 0.08157926797866821
vt 0.25689631700515747 0.11544787883758545
vt 0.285678893327713 0.07843565940856934
vt 0.25689631700515747 0.11544787883758545
vt 0.2756451368331909 0.11453956365585327
vt 0.31558042764663696 0.13096272945404053
vt 0.2951411008834839 0.13536983728408813
vt 0.309518963098526 0.15603935718536377
vt 0.31558042764663696 0.13096272945404053
vt 0.309518963098526 0.15603935718536377
vt 0.32748329639434814 0.14544814825057983
vt 0.2938050925731659 0.16573995351791382
vt 0.309518963098526 0.15603935718536377
vt 0.2951411008834839 0.13536983728408813
vt 0.2938050925731659 0.16573995351791382
vt 0.2951411008834839 0.13536983728408813
vt 0.27853095531463623 0.14230400323867798
vt 0.309518963098526 0.15603935718536377
vt 0.32415711879730225 0.18078064918518066
vt 0.3408295810222626 0.17031186819076538
vt 0.309518963098526 0.15603935718536377
vt 0.3408295810222626 0.17031186819076538
vt 0.32748329639434814 0.14544814825057983
vt 0.32415711879730225 0.18078064918518066
vt 0.309518963098526 0.15603935718536377
vt 0.2938050925731659 0.16573995351791382
vt 0.32415711879730225 0.18078064918518066
vt 0.2938050925731659 0.16573995351791382
vt 0.30931949615478516 0.1901053786277771
vt 0.29716572165489197 0.1148993968963623
vt 0.2951411008834839 0.13536983728408813
vt 0.31558042764663696 0.13096272945404053
vt 0.29716572165489197 0.1148993968963623
vt 0.31558042764663696 0.13096272945404053
vt 0.32231974601745605 0.11714649200439453
vt 0.2951411008834839 0.13536983728408813
vt 0.29716572165489197 0.1148993968963623
vt 0.2756451368331909 0.11453956365585327
vt 0.2951411008834839 0.13536983728408813
vt 0.2756451368331909 0.11453956365585327
vt 0.27853095531463623 0.14230400323867798
vt 0.302301824092865 0.09981250762939453
vt 0.29716572165489197 0.1148993968963623
vt 0.32231974601745605 0.11714649200439453
vt 0.302301824092865 0.09981250762939453
vt 0.32231974601745605 0.11714649200439453
vt 0.32853418588638306 0.1022905707359314
vt 0.2756451368331909 0.11453956365585327
vt 0.29716572165489197 0.1148993968963623
vt 0.302301824092865 0.09981250762939453
vt 0.2756451368331909 0.11453956365585327
vt 0.302301824092865 0.09981250762939453
vt 0.285678893327713 0.07843565940856934
vt 0.302301824092865 0.09981250762939453
vt 0.32853418588638306 0.1022905707359314
vt 0.32747703790664673 0.07869064807891846
vt 0.302301824092865 0.09981250762939453
vt 0.32747703790664673 0.07869064807891846
vt 0.285678893327713 0.07843565940856934
vt 0.26917263865470886 0.21128779649734497
vt 0.2801342010498047 0.23415106534957886
vt 0.29939505457878113 0.22152656316757202
vt 0.26917263865470886 0.21128779649734497
vt 0.29939505457878113 0.22152656316757202
vt 0.2864464223384857 0.20113921165466309
vt 0.31179529428482056 0.23958635330200195
vt 0.29939505457878113 0.22152656316757202
vt 0.2801342010498047 0.23415106534957886
vt 0.31179529428482056 0.23958635330200195
vt 0.2801342010498047 0.23415106534957886
vt 0.294447660446167 0.25596529245376587
vt 0.17274732887744904 0.29566848278045654
vt 0.21259060502052307 0.2790489196777344
vt 0.19879646599292755 0.24426722526550293
vt 0.17274732887744904 0.29566848278045654
vt 0.19879646599292755 0.24426722526550293
vt 0.15967778861522675 0.25470834970474243
vt 0.22707529366016388 0.3189021944999695
vt 0.21259060502052307 0.2790489196777344
vt 0.17274732887744904 0.29566848278045654
vt 0.22707529366016388 0.3189021944999695
vt 0.17274732887744904 0.29566848278045654
vt 0.19496509432792664 0.34252220392227173
vt 0.26201337575912476 0.5357107818126678
vt 0.27615150809288025 0.5646405518054962
vt 0.31202900409698486 0.5430682599544525
vt 0.26201337575912476 0.5357107818126678
vt 0.31202900409698486 0.5430682599544525
vt 0.28983283042907715 0.5126625597476959
vt 0.31202900409698486 0.5430682599544525
vt 0.27615150809288025 0.5646405518054962
vt 0.28799769282341003 0.5934635102748871
vt 0.31202900409698486 0.5430682599544525
vt 0.28799769282341003 0.5934635102748871
vt 0.331390380859375 0.5836212933063507
vt 0.23977968096733093 0.5560432076454163
vt 0.24732376635074615 0.575011670589447
vt 0.27615150809288025 0.5646405518054962
vt 0.23977968096733093 0.5560432076454163
vt 0.27615150809288025 0.5646405518054962
vt 0.26201337575912476 0.5357107818126678
vt 0.27615150809288025 0.5646405518054962
vt 0.24732376635074615 0.575011670589447
vt 0.2538917660713196 0.6024852693080902
vt 0.27615150809288025 0.5646405518054962
vt 0.2538917660713196 0.6024852693080902
vt 0.28799769282341003 0.5934635102748871
vt 0.22171702980995178 0.5827391147613525
vt 0.24732376635074615 0.575011670589447
vt 0.23977968096733093 0.5560432076454163
vt 0.22171702980995178 0.5827391147613525
vt 0.23977968096733093 0.5560432076454163
vt 0.20018219947814941 0.5696348547935486
vt 0.2538917660713196 0.6024852693080902
vt 0.24732376635074615 0.575011670589447
vt 0.22171702980995178 0.5827391147613525
vt 0.2538917660713196 0.6024852693080902
vt 0.22171702980995178 0.5827391147613525
vt 0.22301015257835388 0.608357161283493
vt 0.29939505457878113 0.22152656316757202
vt 0.32120758295059204 0.20759832859039307
vt 0.30931949615478516 0.1901053786277771
vt 0.29939505457878113 0.22152656316757202
vt 0.30931949615478516 0.1901053786277771
vt 0.2864464223384857 0.20113921165466309
vt 0.32120758295059204 0.20759832859039307
vt 0.29939505457878113 0.22152656316757202
vt 0.31179529428482056 0.23958635330200195
vt 0.32120758295059204 0.20759832859039307
vt 0.31179529428482056 0.23958635330200195
vt 0.3341827988624573 0.22057104110717773
vt 0.21259060502052307 0.2790489196777344
vt 0.24217258393764496 0.2642223834991455
vt 0.22486922144889832 0.23638170957565308
vt 0.21259060502052307 0.2790489196777344
vt 0.22486922144889832 0.23638170957565308
vt 0.19879646599292755 0.24426722526550293
vt 0.25848251581192017 0.29620784521102905
vt 0.24217258393764496 0.2642223834991455
vt 0.21259060502052307 0.2790489196777344
vt 0.25848251581192017 0.29620784521102905
vt 0.21259060502052307 0.2790489196777344
vt 0.22707529366016388 0.3189021944999695
vt 0.24771885573863983 0.2241019606590271
vt 0.2637239396572113 0.25119662284851074
vt 0.2801342010498047 0.23415106534957886
vt 0.24771885573863983 0.2241019606590271
vt 0.2801342010498047 0.23415106534957886
vt 0.26917263865470886 0.21128779649734497
vt 0.294447660446167 0.25596529245376587
vt 0.2801342010498047 0.23415106534957886
vt 0.2637239396572113 0.25119662284851074
vt 0.294447660446167 0.25596529245376587
vt 0.2637239396572113 0.25119662284851074
vt 0.2782309651374817 0.2758888006210327
vt 0.24217258393764496 0.2642223834991455
vt 0.2637239396572113 0.25119662284851074
vt 0.24771885573863983 0.2241019606590271
vt 0.24217258393764496 0.2642223834991455
vt 0.24771885573863983 0.2241019606590271
vt 0.22486922144889832 0.23638170957565308
vt 0.2782309651374817 0.2758888006210327
vt 0.2637239396572113 0.25119662284851074
vt 0.24217258393764496 0.2642223834991455
vt 0.2782309651374817 0.2758888006210327
vt 0.24217258393764496 0.2642223834991455
vt 0.25848251581192017 0.29620784521102905
vt 0.30931949615478516 0.1901053786277771
vt 0.32120758295059204 0.20759832859039307
vt 0.3315433859825134 0.19312608242034912
vt 0.30931949615478516 0.1901053786277771
vt 0.3315433859825134 0.19312608242034912
vt 0.32415711879730225 0.18078064918518066
vt 0.22171702980995178 0.5827391147613525
vt 0.20018219947814941 0.5696348547935486
vt 0.19252775609493256 0.6085789203643799
vt 0.22171702980995178 0.5827391147613525
vt 0.19252775609493256 0.6085789203643799
vt 0.22301015257835388 0.608357161283493
vt 0.3315433859825134 0.19312608242034912
vt 0.32120758295059204 0.20759832859039307
vt 0.3341827988624573 0.22057104110717773
vt 0.3315433859825134 0.19312608242034912
vt 0.3341827988624573 0.22057104110717773
vt 0.3529601991176605 0.20491862297058105
vt 0.3529601991176605 0.20491862297058105
vt 0.3703250586986542 0.23121583461761475
vt 0.3908621370792389 0.21147948503494263
vt 0.3529601991176605 0.20491862297058105
vt 0.3908621370792389 0.21147948503494263
vt 0.3708072006702423 0.18851953744888306
vt 0.3703250586986542 0.23121583461761475
vt 0.3529601991176605 0.20491862297058105
vt 0.3341827988624573 0.22057104110717773
vt 0.3703250586986542 0.23121583461761475
vt 0.3341827988624573 0.22057104110717773
vt 0.35088324546813965 0.24654948711395264
vt 0.3315433859825134 0.19312608242034912
vt 0.3529601991176605 0.20491862297058105
vt 0.3408295810222626 0.17031186819076538
vt 0.3315433859825134 0.19312608242034912
vt 0.3408295810222626 0.17031186819076538
vt 0.32415711879730225 0.18078064918518066
vt 0.3408295810222626 0.17031186819076538
vt 0.3529601991176605 0.20491862297058105
vt 0.3708072006702423 0.18851953744888306
vt 0.3408295810222626 0.17031186819076538
vt 0.3708072006702423 0.18851953744888306
vt 0.35244905948638916 0.16346490383148193
vt 0.14964692294597626 0.876906506717205
vt 0.14216895401477814 0.8529296070337296
vt 0.11484885215759277 0.8649897128343582
vt 0.14964692294597626 0.876906506717205
vt 0.11484885215759277 0.8649897128343582
vt 0.1272716075181961 0.8866443112492561
vt 0.16415008902549744 0.8607433140277863
vt 0.1609552949666977 0.841031551361084
vt 0.14216895401477814 0.8529296070337296
vt 0.16415008902549744 0.8607433140277863
vt 0.14216895401477814 0.8529296070337296
vt 0.14964692294597626 0.876906506717205
vt 0.20221227407455444 0.8629138469696045
vt 0.204695463180542 0.8342757821083069
vt 0.1817077249288559 0.8357049375772476
vt 0.20221227407455444 0.8629138469696045
vt 0.1817077249288559 0.8357049375772476
vt 0.1833980679512024 0.8648411631584167
vt 0.16415008902549744 0.8607433140277863
vt 0.1833980679512024 0.8648411631584167
vt 0.1817077249288559 0.8357049375772476
vt 0.16415008902549744 0.8607433140277863
vt 0.1817077249288559 0.8357049375772476
vt 0.1609552949666977 0.841031551361084
vt 0.16415008902549744 0.8607433140277863
vt 0.14964692294597626 0.876906506717205
vt 0.17163236439228058 0.8902632668614388
vt 0.16415008902549744 0.8607433140277863
vt 0.17163236439228058 0.8902632668614388
vt 0.1833980679512024 0.8648411631584167
vt 0.4675882160663605 0.937782034277916
vt 0.446831077337265 0.9450456202030182
vt 0.4704151451587677 0.951110765337944
vt 0.4675882160663605 0.937782034277916
vt 0.4704151451587677 0.951110765337944
vt 0.4713267683982849 0.9438227415084839
vt 0.0656270831823349 0.1915469765663147
vt 0.05147086828947067 0.17099761962890625
vt 0.05415520817041397 0.20330095291137695
vt 0.0656270831823349 0.1915469765663147
vt 0.05415520817041397 0.20330095291137695
vt 0.06520461291074753 0.19629722833633423
vt 0.11774622648954391 0.18578499555587769
vt 0.11405126005411148 0.175312340259552
vt 0.09888371080160141 0.2069442868232727
vt 0.11774622648954391 0.18578499555587769
vt 0.09888371080160141 0.2069442868232727
vt 0.1049693375825882 0.21242809295654297
vt 0.09888371080160141 0.2069442868232727
vt 0.11405126005411148 0.175312340259552
vt 0.09837330132722855 0.17822635173797607
vt 0.09888371080160141 0.2069442868232727
vt 0.09837330132722855 0.17822635173797607
vt 0.09152942150831223 0.20503032207489014
vt 0.09152942150831223 0.20503032207489014
vt 0.09837330132722855 0.17822635173797607
vt 0.08448871225118637 0.17820411920547485
vt 0.09152942150831223 0.20503032207489014
vt 0.08448871225118637 0.17820411920547485
vt 0.08409851044416428 0.20585596561431885
vt 0.16356678307056427 0.03183174133300781
vt 0.2181931734085083 0.04140132665634155
vt 0.2056863009929657 0.025396108627319336
vt 0.16356678307056427 0.03183174133300781
vt 0.2056863009929657 0.025396108627319336
vt 0.17335203289985657 0.021108925342559814
vt 0.2055637389421463 0.06082606315612793
vt 0.2181931734085083 0.04140132665634155
vt 0.16356678307056427 0.03183174133300781
vt 0.2055637389421463 0.06082606315612793
vt 0.16356678307056427 0.03183174133300781
vt 0.15036983788013458 0.034895360469818115
vt 0.08409851044416428 0.20585596561431885
vt 0.08448871225118637 0.17820411920547485
vt 0.07730265706777573 0.18777155876159668
vt 0.08409851044416428 0.20585596561431885
vt 0.07730265706777573 0.18777155876159668
vt 0.0775112509727478 0.2051118016242981
vt 0.06520461291074753 0.19629722833633423
vt 0.0775112509727478 0.2051118016242981
vt 0.07730265706777573 0.18777155876159668
vt 0.06520461291074753 0.19629722833633423
vt 0.07730265706777573 0.18777155876159668
vt 0.0656270831823349 0.1915469765663147
vt 0.06081203371286392 0.21893608570098877
vt 0.06520461291074753 0.19629722833633423
vt 0.05415520817041397 0.20330095291137695
vt 0.06081203371286392 0.21893608570098877
vt 0.05415520817041397 0.20330095291137695
vt 0.05298615247011185 0.22168385982513428
vt 0.0775112509727478 0.2051118016242981
vt 0.06520461291074753 0.19629722833633423
vt 0.06081203371286392 0.21893608570098877
vt 0.0775112509727478 0.2051118016242981
vt 0.06081203371286392 0.21893608570098877
vt 0.07065323740243912 0.22741901874542236
vt 0.07967453449964523 0.22805947065353394
vt 0.08409851044416428 0.20585596561431885
vt 0.0775112509727478 0.2051118016242981
vt 0.07967453449964523 0.22805947065353394
vt 0.0775112509727478 0.2051118016242981
vt 0.07065323740243912 0.22741901874542236
vt 0.08698396384716034 0.2296162247657776
vt 0.09152942150831223 0.20503032207489014
vt 0.08409851044416428 0.20585596561431885
vt 0.08698396384716034 0.2296162247657776
vt 0.08409851044416428 0.20585596561431885
vt 0.07967453449964523 0.22805947065353394
vt 0.09286042302846909 0.2295737862586975
vt 0.09888371080160141 0.2069442868232727
vt 0.09152942150831223 0.20503032207489014
vt 0.09286042302846909 0.2295737862586975
vt 0.09152942150831223 0.20503032207489014
vt 0.08698396384716034 0.2296162247657776
vt 0.1049693375825882 0.21242809295654297
vt 0.09888371080160141 0.2069442868232727
vt 0.09286042302846909 0.2295737862586975
vt 0.1049693375825882 0.21242809295654297
vt 0.09286042302846909 0.2295737862586975
vt 0.10081439465284348 0.23068702220916748
vt 0.08520033210515976 0.270013689994812
vt 0.09286042302846909 0.2295737862586975
vt 0.08698396384716034 0.2296162247657776
vt 0.08520033210515976 0.270013689994812
vt 0.08698396384716034 0.2296162247657776
vt 0.07956353574991226 0.2709115743637085
vt 0.09286024421453476 0.27062153816223145
vt 0.10081439465284348 0.23068702220916748
vt 0.09286042302846909 0.2295737862586975
vt 0.09286024421453476 0.27062153816223145
vt 0.09286042302846909 0.2295737862586975
vt 0.08520033210515976 0.270013689994812
vt 0.05284671485424042 0.26018786430358887
vt 0.06081203371286392 0.21893608570098877
vt 0.05298615247011185 0.22168385982513428
vt 0.05284671485424042 0.26018786430358887
vt 0.05298615247011185 0.22168385982513428
vt 0.04455415904521942 0.2610875368118286
vt 0.07252108305692673 0.2709076404571533
vt 0.07967453449964523 0.22805947065353394
vt 0.07065323740243912 0.22741901874542236
vt 0.07252108305692673 0.2709076404571533
vt 0.07065323740243912 0.22741901874542236
vt 0.0629011020064354 0.2708669900894165
vt 0.07956353574991226 0.2709115743637085
vt 0.08698396384716034 0.2296162247657776
vt 0.07967453449964523 0.22805947065353394
vt 0.07956353574991226 0.2709115743637085
vt 0.07967453449964523 0.22805947065353394
vt 0.07252108305692673 0.2709076404571533
vt 0.08100736886262894 0.30175960063934326
vt 0.08520033210515976 0.270013689994812
vt 0.07956353574991226 0.2709115743637085
vt 0.08100736886262894 0.30175960063934326
vt 0.07956353574991226 0.2709115743637085
vt 0.07399780303239822 0.30125892162323
vt 0.08854412287473679 0.3015718460083008
vt 0.09286024421453476 0.27062153816223145
vt 0.08520033210515976 0.270013689994812
vt 0.08854412287473679 0.3015718460083008
vt 0.08520033210515976 0.270013689994812
vt 0.08100736886262894 0.30175960063934326
vt 0.04274822026491165 0.290812611579895
vt 0.05284671485424042 0.26018786430358887
vt 0.04455415904521942 0.2610875368118286
vt 0.04274822026491165 0.290812611579895
vt 0.04455415904521942 0.2610875368118286
vt 0.03572637587785721 0.2903830409049988
vt 0.07252108305692673 0.2709076404571533
vt 0.0629011020064354 0.2708669900894165
vt 0.06070081889629364 0.2938830256462097
vt 0.07252108305692673 0.2709076404571533
vt 0.06070081889629364 0.2938830256462097
vt 0.06728581339120865 0.2998718023300171
vt 0.07399780303239822 0.30125892162323
vt 0.07956353574991226 0.2709115743637085
vt 0.07252108305692673 0.2709076404571533
vt 0.07399780303239822 0.30125892162323
vt 0.07252108305692673 0.2709076404571533
vt 0.06728581339120865 0.2998718023300171
vt 0.06728581339120865 0.2998718023300171
vt 0.06070081889629364 0.2938830256462097
vt 0.05833359807729721 0.3094879984855652
vt 0.06728581339120865 0.2998718023300171
vt 0.05833359807729721 0.3094879984855652
vt 0.06468634307384491 0.31050848960876465
vt 0.07065323740243912 0.22741901874542236
vt 0.06081203371286392 0.21893608570098877
vt 0.05284671485424042 0.26018786430358887
vt 0.07065323740243912 0.22741901874542236
vt 0.05284671485424042 0.26018786430358887
vt 0.0629011020064354 0.2708669900894165
vt 0.0629011020064354 0.2708669900894165
vt 0.05284671485424042 0.26018786430358887
vt 0.04274822026491165 0.290812611579895
vt 0.0629011020064354 0.2708669900894165
vt 0.04274822026491165 0.290812611579895
vt 0.051040858030319214 0.29053008556365967
vt 0.04274822026491165 0.290812611579895
vt 0.03899183124303818 0.3047879934310913
vt 0.0455193817615509 0.3064315915107727
vt 0.04274822026491165 0.290812611579895
vt 0.0455193817615509 0.3064315915107727
vt 0.051040858030319214 0.29053008556365967
vt 0.0455193817615509 0.3064315915107727
vt 0.051805280148983 0.30807042121887207
vt 0.0548696294426918 0.2967899441719055
vt 0.0455193817615509 0.3064315915107727
vt 0.0548696294426918 0.2967899441719055
vt 0.051040858030319214 0.29053008556365967
vt 0.0548696294426918 0.2967899441719055
vt 0.051805280148983 0.30807042121887207
vt 0.05833359807729721 0.3094879984855652
vt 0.0548696294426918 0.2967899441719055
vt 0.05833359807729721 0.3094879984855652
vt 0.06070081889629364 0.2938830256462097
vt 0.051040858030319214 0.29053008556365967
vt 0.0548696294426918 0.2967899441719055
vt 0.06070081889629364 0.2938830256462097
vt 0.051040858030319214 0.29053008556365967
vt 0.06070081889629364 0.2938830256462097
vt 0.0629011020064354 0.2708669900894165
vt 0.06728581339120865 0.2998718023300171
vt 0.06468634307384491 0.31050848960876465
vt 0.07157008349895477 0.31148117780685425
vt 0.06728581339120865 0.2998718023300171
vt 0.07157008349895477 0.31148117780685425
vt 0.07399780303239822 0.30125892162323
vt 0.07399780303239822 0.30125892162323
vt 0.07157008349895477 0.31148117780685425
vt 0.07827634364366531 0.31151270866394043
vt 0.07399780303239822 0.30125892162323
vt 0.07827634364366531 0.31151270866394043
vt 0.08100736886262894 0.30175960063934326
vt 0.08100736886262894 0.30175960063934326
vt 0.07827634364366531 0.31151270866394043
vt 0.08667569607496262 0.31244999170303345
vt 0.08100736886262894 0.30175960063934326
vt 0.08667569607496262 0.31244999170303345
vt 0.08854412287473679 0.3015718460083008
vt 0.04274822026491165 0.290812611579895
vt 0.03572637587785721 0.2903830409049988
vt 0.03175167739391327 0.30014920234680176
vt 0.04274822026491165 0.290812611579895
vt 0.03175167739391327 0.30014920234680176
vt 0.03899183124303818 0.3047879934310913
vt 0.051805280148983 0.30807042121887207
vt 0.0455193817615509 0.3064315915107727
vt 0.04442211240530014 0.3155272603034973
vt 0.051805280148983 0.30807042121887207
vt 0.04442211240530014 0.3155272603034973
vt 0.04967118799686432 0.3173418641090393
vt 0.0554332435131073 0.3186865448951721
vt 0.05833359807729721 0.3094879984855652
vt 0.051805280148983 0.30807042121887207
vt 0.0554332435131073 0.3186865448951721
vt 0.051805280148983 0.30807042121887207
vt 0.04967118799686432 0.3173418641090393
vt 0.06276612728834152 0.3198464512825012
vt 0.06468634307384491 0.31050848960876465
vt 0.05833359807729721 0.3094879984855652
vt 0.06276612728834152 0.3198464512825012
vt 0.05833359807729721 0.3094879984855652
vt 0.0554332435131073 0.3186865448951721
vt 0.06919118762016296 0.3202035427093506
vt 0.07157008349895477 0.31148117780685425
vt 0.06468634307384491 0.31050848960876465
vt 0.06919118762016296 0.3202035427093506
vt 0.06468634307384491 0.31050848960876465
vt 0.06276612728834152 0.3198464512825012
vt 0.07577715814113617 0.3199769854545593
vt 0.07827634364366531 0.31151270866394043
vt 0.07157008349895477 0.31148117780685425
vt 0.07577715814113617 0.3199769854545593
vt 0.07157008349895477 0.31148117780685425
vt 0.06919118762016296 0.3202035427093506
vt 0.08538667112588882 0.3210296034812927
vt 0.08667569607496262 0.31244999170303345
vt 0.07827634364366531 0.31151270866394043
vt 0.08538667112588882 0.3210296034812927
vt 0.07827634364366531 0.31151270866394043
vt 0.07577715814113617 0.3199769854545593
vt 0.03899183124303818 0.3047879934310913
vt 0.03175167739391327 0.30014920234680176
vt 0.028453560546040535 0.3076993227005005
vt 0.03899183124303818 0.3047879934310913
vt 0.028453560546040535 0.3076993227005005
vt 0.036254122853279114 0.312694251537323
vt 0.0455193817615509 0.3064315915107727
vt 0.03899183124303818 0.3047879934310913
vt 0.036254122853279114 0.312694251537323
vt 0.0455193817615509 0.3064315915107727
vt 0.036254122853279114 0.312694251537323
vt 0.04442211240530014 0.3155272603034973
vt 0.059458836913108826 0.3233250379562378
vt 0.05678463727235794 0.32311248779296875
vt 0.05775228142738342 0.32510286569595337
vt 0.059458836913108826 0.3233250379562378
vt 0.05775228142738342 0.32510286569595337
vt 0.05827336758375168 0.3252420425415039
vt 0.0554332435131073 0.3186865448951721
vt 0.05678463727235794 0.32311248779296875
vt 0.059458836913108826 0.3233250379562378
vt 0.0554332435131073 0.3186865448951721
vt 0.059458836913108826 0.3233250379562378
vt 0.06276612728834152 0.3198464512825012
vt 0.059458836913108826 0.3233250379562378
vt 0.05827336758375168 0.3252420425415039
vt 0.05886329710483551 0.3259413242340088
vt 0.059458836913108826 0.3233250379562378
vt 0.05886329710483551 0.3259413242340088
vt 0.0609908327460289 0.3252374529838562
vt 0.06276612728834152 0.3198464512825012
vt 0.059458836913108826 0.3233250379562378
vt 0.0609908327460289 0.3252374529838562
vt 0.06276612728834152 0.3198464512825012
vt 0.0609908327460289 0.3252374529838562
vt 0.06392437219619751 0.325730562210083
vt 0.06803478300571442 0.3257755637168884
vt 0.06919118762016296 0.3202035427093506
vt 0.06276612728834152 0.3198464512825012
vt 0.06803478300571442 0.3257755637168884
vt 0.06276612728834152 0.3198464512825012
vt 0.06392437219619751 0.325730562210083
vt 0.07390572130680084 0.3258543610572815
vt 0.07577715814113617 0.3199769854545593
vt 0.06919118762016296 0.3202035427093506
vt 0.07390572130680084 0.3258543610572815
vt 0.06919118762016296 0.3202035427093506
vt 0.06803478300571442 0.3257755637168884
vt 0.08283067494630814 0.3271942138671875
vt 0.08538667112588882 0.3210296034812927
vt 0.07577715814113617 0.3199769854545593
vt 0.08283067494630814 0.3271942138671875
vt 0.07577715814113617 0.3199769854545593
vt 0.07390572130680084 0.3258543610572815
vt 0.028692549094557762 0.3176002502441406
vt 0.036254122853279114 0.312694251537323
vt 0.028453560546040535 0.3076993227005005
vt 0.028692549094557762 0.3176002502441406
vt 0.028453560546040535 0.3076993227005005
vt 0.024759355932474136 0.3127681612968445
vt 0.034646447747945786 0.3214350938796997
vt 0.036254122853279114 0.312694251537323
vt 0.028692549094557762 0.3176002502441406
vt 0.034646447747945786 0.3214350938796997
vt 0.028692549094557762 0.3176002502441406
vt 0.030571283772587776 0.3249432444572449
vt 0.03728488087654114 0.3232138752937317
vt 0.04442211240530014 0.3155272603034973
vt 0.036254122853279114 0.312694251537323
vt 0.03728488087654114 0.3232138752937317
vt 0.036254122853279114 0.312694251537323
vt 0.034646447747945786 0.3214350938796997
vt 0.024615176022052765 0.3213854432106018
vt 0.02077367529273033 0.318961501121521
vt 0.019087694585323334 0.32632899284362793
vt 0.024615176022052765 0.3213854432106018
vt 0.019087694585323334 0.32632899284362793
vt 0.024215620011091232 0.3271762728691101
vt 0.02077367529273033 0.318961501121521
vt 0.024615176022052765 0.3213854432106018
vt 0.028692549094557762 0.3176002502441406
vt 0.02077367529273033 0.318961501121521
vt 0.028692549094557762 0.3176002502441406
vt 0.024759355932474136 0.3127681612968445
vt 0.024615176022052765 0.3213854432106018
vt 0.024215620011091232 0.3271762728691101
vt 0.030571283772587776 0.3249432444572449
vt 0.024615176022052765 0.3213854432106018
vt 0.030571283772587776 0.3249432444572449
vt 0.028692549094557762 0.3176002502441406
vt 0.07106487452983856 0.3351697325706482
vt 0.07361429929733276 0.3402037024497986
vt 0.07851172238588333 0.3338589072227478
vt 0.07106487452983856 0.3351697325706482
vt 0.07851172238588333 0.3338589072227478
vt 0.07252734154462814 0.3313848376274109
vt 0.07390572130680084 0.3258543610572815
vt 0.07252734154462814 0.3313848376274109
vt 0.07851172238588333 0.3338589072227478
vt 0.07390572130680084 0.3258543610572815
vt 0.07851172238588333 0.3338589072227478
vt 0.08283067494630814 0.3271942138671875
vt 0.07106487452983856 0.3351697325706482
vt 0.07252734154462814 0.3313848376274109
vt 0.06753772497177124 0.33136892318725586
vt 0.07106487452983856 0.3351697325706482
vt 0.06753772497177124 0.33136892318725586
vt 0.06735991686582565 0.3351086974143982
vt 0.06803478300571442 0.3257755637168884
vt 0.06753772497177124 0.33136892318725586
vt 0.07252734154462814 0.3313848376274109
vt 0.06803478300571442 0.3257755637168884
vt 0.07252734154462814 0.3313848376274109
vt 0.07390572130680084 0.3258543610572815
vt 0.06355845183134079 0.33027559518814087
vt 0.06753772497177124 0.33136892318725586
vt 0.06803478300571442 0.3257755637168884
vt 0.06355845183134079 0.33027559518814087
vt 0.06803478300571442 0.3257755637168884
vt 0.06392437219619751 0.325730562210083
vt 0.06152137368917465 0.32727164030075073
vt 0.06355845183134079 0.33027559518814087
vt 0.06392437219619751 0.325730562210083
vt 0.06152137368917465 0.32727164030075073
vt 0.06392437219619751 0.325730562210083
vt 0.0609908327460289 0.3252374529838562
vt 0.05928044766187668 0.3276473879814148
vt 0.06152137368917465 0.32727164030075073
vt 0.0609908327460289 0.3252374529838562
vt 0.05928044766187668 0.3276473879814148
vt 0.0609908327460289 0.3252374529838562
vt 0.05886329710483551 0.3259413242340088
vt 0.05674055218696594 0.32646316289901733
vt 0.05536790192127228 0.32652318477630615
vt 0.05530237406492233 0.3280071020126343
vt 0.05674055218696594 0.32646316289901733
vt 0.05530237406492233 0.3280071020126343
vt 0.0572771281003952 0.3274795413017273
vt 0.07106487452983856 0.3351697325706482
vt 0.06735991686582565 0.3351086974143982
vt 0.06711408495903015 0.3402298092842102
vt 0.07106487452983856 0.3351697325706482
vt 0.06711408495903015 0.3402298092842102
vt 0.07361429929733276 0.3402037024497986
vt 0.06142231076955795 0.3367043137550354
vt 0.06711408495903015 0.3402298092842102
vt 0.06735991686582565 0.3351086974143982
vt 0.06142231076955795 0.3367043137550354
vt 0.06735991686582565 0.3351086974143982
vt 0.0627966821193695 0.3337330222129822
vt 0.06753772497177124 0.33136892318725586
vt 0.06355845183134079 0.33027559518814087
vt 0.0627966821193695 0.3337330222129822
vt 0.06753772497177124 0.33136892318725586
vt 0.0627966821193695 0.3337330222129822
vt 0.06735991686582565 0.3351086974143982
vt 0.0562802255153656 0.3315148949623108
vt 0.057919204235076904 0.33310920000076294
vt 0.05934345722198486 0.3304750919342041
vt 0.0562802255153656 0.3315148949623108
vt 0.05934345722198486 0.3304750919342041
vt 0.0565652921795845 0.32981252670288086
vt 0.05928044766187668 0.3276473879814148
vt 0.0572771281003952 0.3274795413017273
vt 0.0565652921795845 0.32981252670288086
vt 0.05928044766187668 0.3276473879814148
vt 0.0565652921795845 0.32981252670288086
vt 0.05934345722198486 0.3304750919342041
vt 0.06152137368917465 0.32727164030075073
vt 0.05928044766187668 0.3276473879814148
vt 0.05934345722198486 0.3304750919342041
vt 0.06152137368917465 0.32727164030075073
vt 0.05934345722198486 0.3304750919342041
vt 0.06355845183134079 0.33027559518814087
vt 0.05934345722198486 0.3304750919342041
vt 0.057919204235076904 0.33310920000076294
vt 0.0627966821193695 0.3337330222129822
vt 0.05934345722198486 0.3304750919342041
vt 0.0627966821193695 0.3337330222129822
vt 0.06355845183134079 0.33027559518814087
vt 0.055427186191082 0.3293308615684509
vt 0.054522641003131866 0.331221342086792
vt 0.0562802255153656 0.3315148949623108
vt 0.055427186191082 0.3293308615684509
vt 0.0562802255153656 0.3315148949623108
vt 0.0565652921795845 0.32981252670288086
vt 0.05219002813100815 0.33046358823776245
vt 0.054522641003131866 0.331221342086792
vt 0.055427186191082 0.3293308615684509
vt 0.05219002813100815 0.33046358823776245
vt 0.055427186191082 0.3293308615684509
vt 0.05530237406492233 0.3280071020126343
vt 0.0562802255153656 0.3315148949623108
vt 0.054522641003131866 0.331221342086792
vt 0.05534324049949646 0.3341858983039856
vt 0.0562802255153656 0.3315148949623108
vt 0.05534324049949646 0.3341858983039856
vt 0.057919204235076904 0.33310920000076294
vt 0.05530237406492233 0.3280071020126343
vt 0.055427186191082 0.3293308615684509
vt 0.0565652921795845 0.32981252670288086
vt 0.05530237406492233 0.3280071020126343
vt 0.0565652921795845 0.32981252670288086
vt 0.0572771281003952 0.3274795413017273
vt 0.057919204235076904 0.33310920000076294
vt 0.05874080955982208 0.3357393145561218
vt 0.06142231076955795 0.3367043137550354
vt 0.057919204235076904 0.33310920000076294
vt 0.06142231076955795 0.3367043137550354
vt 0.0627966821193695 0.3337330222129822
vt 0.03482528030872345 0.32370859384536743
vt 0.036361027508974075 0.32414358854293823
vt 0.03728488087654114 0.3232138752937317
vt 0.03482528030872345 0.32370859384536743
vt 0.03728488087654114 0.3232138752937317
vt 0.034646447747945786 0.3214350938796997
vt 0.03482528030872345 0.32370859384536743
vt 0.034646447747945786 0.3214350938796997
vt 0.030571283772587776 0.3249432444572449
vt 0.03482528030872345 0.32370859384536743
vt 0.030571283772587776 0.3249432444572449
vt 0.03328689932823181 0.3255225419998169
vt 0.04122265428304672 0.3277643918991089
vt 0.03831229731440544 0.33015912771224976
vt 0.044350288808345795 0.3320011496543884
vt 0.04122265428304672 0.3277643918991089
vt 0.044350288808345795 0.3320011496543884
vt 0.04576613008975983 0.3285484313964844
vt 0.031744636595249176 0.328308641910553
vt 0.03583090007305145 0.33380287885665894
vt 0.03831229731440544 0.33015912771224976
vt 0.031744636595249176 0.328308641910553
vt 0.03831229731440544 0.33015912771224976
vt 0.0358525775372982 0.3271118402481079
vt 0.038315534591674805 0.3261573910713196
vt 0.0358525775372982 0.3271118402481079
vt 0.03831229731440544 0.33015912771224976
vt 0.038315534591674805 0.3261573910713196
vt 0.03831229731440544 0.33015912771224976
vt 0.04122265428304672 0.3277643918991089
vt 0.03724197298288345 0.32539302110671997
vt 0.03571778163313866 0.32584816217422485
vt 0.0358525775372982 0.3271118402481079
vt 0.03724197298288345 0.32539302110671997
vt 0.0358525775372982 0.3271118402481079
vt 0.038315534591674805 0.3261573910713196
vt 0.03328689932823181 0.3255225419998169
vt 0.031744636595249176 0.328308641910553
vt 0.0358525775372982 0.3271118402481079
vt 0.03328689932823181 0.3255225419998169
vt 0.0358525775372982 0.3271118402481079
vt 0.03571778163313866 0.32584816217422485
vt 0.03482528030872345 0.32370859384536743
vt 0.03328689932823181 0.3255225419998169
vt 0.03571778163313866 0.32584816217422485
vt 0.03482528030872345 0.32370859384536743
vt 0.03571778163313866 0.32584816217422485
vt 0.036361027508974075 0.32414358854293823
vt 0.04872893542051315 0.33176785707473755
vt 0.04698360711336136 0.3359057307243347
vt 0.053590692579746246 0.3361136317253113
vt 0.04872893542051315 0.33176785707473755
vt 0.053590692579746246 0.3361136317253113
vt 0.05219002813100815 0.33046358823776245
vt 0.054522641003131866 0.331221342086792
vt 0.05219002813100815 0.33046358823776245
vt 0.053590692579746246 0.3361136317253113
vt 0.054522641003131866 0.331221342086792
vt 0.053590692579746246 0.3361136317253113
vt 0.05534324049949646 0.3341858983039856
vt 0.03831229731440544 0.33015912771224976
vt 0.03583090007305145 0.33380287885665894
vt 0.040398336946964264 0.3366650938987732
vt 0.03831229731440544 0.33015912771224976
vt 0.040398336946964264 0.3366650938987732
vt 0.044350288808345795 0.3320011496543884
vt 0.044350288808345795 0.3320011496543884
vt 0.040398336946964264 0.3366650938987732
vt 0.04698360711336136 0.3359057307243347
vt 0.044350288808345795 0.3320011496543884
vt 0.04698360711336136 0.3359057307243347
vt 0.04872893542051315 0.33176785707473755
vt 0.04576613008975983 0.3285484313964844
vt 0.044350288808345795 0.3320011496543884
vt 0.04872893542051315 0.33176785707473755
vt 0.04576613008975983 0.3285484313964844
vt 0.04872893542051315 0.33176785707473755
vt 0.049638696014881134 0.3274136781692505
vt 0.04576613008975983 0.3285484313964844
vt 0.047498784959316254 0.3229027986526489
vt 0.04342985153198242 0.3235926628112793
vt 0.04576613008975983 0.3285484313964844
vt 0.04342985153198242 0.3235926628112793
vt 0.04122265428304672 0.3277643918991089
vt 0.04442211240530014 0.3155272603034973
vt 0.04342985153198242 0.3235926628112793
vt 0.047498784959316254 0.3229027986526489
vt 0.04442211240530014 0.3155272603034973
vt 0.047498784959316254 0.3229027986526489
vt 0.04967118799686432 0.3173418641090393
vt 0.049638696014881134 0.3274136781692505
vt 0.050787486135959625 0.32336539030075073
vt 0.047498784959316254 0.3229027986526489
vt 0.049638696014881134 0.3274136781692505
vt 0.047498784959316254 0.3229027986526489
vt 0.04576613008975983 0.3285484313964844
vt 0.04122265428304672 0.3277643918991089
vt 0.04342985153198242 0.3235926628112793
vt 0.0385018028318882 0.32472509145736694
vt 0.04122265428304672 0.3277643918991089
vt 0.0385018028318882 0.32472509145736694
vt 0.038315534591674805 0.3261573910713196
vt 0.03728488087654114 0.3232138752937317
vt 0.0385018028318882 0.32472509145736694
vt 0.04342985153198242 0.3235926628112793
vt 0.03728488087654114 0.3232138752937317
vt 0.04342985153198242 0.3235926628112793
vt 0.04442211240530014 0.3155272603034973
vt 0.05674055218696594 0.32646316289901733
vt 0.05709204822778702 0.325575590133667
vt 0.05606497824192047 0.3248893618583679
vt 0.05674055218696594 0.32646316289901733
vt 0.05606497824192047 0.3248893618583679
vt 0.05536790192127228 0.32652318477630615
vt 0.0385018028318882 0.32472509145736694
vt 0.03729299455881119 0.3246440887451172
vt 0.03724197298288345 0.32539302110671997
vt 0.0385018028318882 0.32472509145736694
vt 0.03724197298288345 0.32539302110671997
vt 0.038315534591674805 0.3261573910713196
vt 0.03729299455881119 0.3246440887451172
vt 0.0385018028318882 0.32472509145736694
vt 0.03728488087654114 0.3232138752937317
vt 0.03729299455881119 0.3246440887451172
vt 0.03728488087654114 0.3232138752937317
vt 0.036361027508974075 0.32414358854293823
vt 0.036361027508974075 0.32414358854293823
vt 0.03571778163313866 0.32584816217422485
vt 0.03724197298288345 0.32539302110671997
vt 0.036361027508974075 0.32414358854293823
vt 0.03724197298288345 0.32539302110671997
vt 0.03729299455881119 0.3246440887451172
vt 0.05782919377088547 0.325741171836853
vt 0.05886329710483551 0.3259413242340088
vt 0.05827336758375168 0.3252420425415039
vt 0.05782919377088547 0.325741171836853
vt 0.05827336758375168 0.3252420425415039
vt 0.05775228142738342 0.32510286569595337
vt 0.05782919377088547 0.325741171836853
vt 0.05709204822778702 0.325575590133667
vt 0.05674055218696594 0.32646316289901733
vt 0.05782919377088547 0.325741171836853
vt 0.05674055218696594 0.32646316289901733
vt 0.0572771281003952 0.3274795413017273
vt 0.0572771281003952 0.3274795413017273
vt 0.05928044766187668 0.3276473879814148
vt 0.05886329710483551 0.3259413242340088
vt 0.0572771281003952 0.3274795413017273
vt 0.05886329710483551 0.3259413242340088
vt 0.05782919377088547 0.325741171836853
vt 0.575775146484375 0.7599175423383713
vt 0.5349900126457214 0.7711670398712158
vt 0.5578727126121521 0.7877765446901321
vt 0.575775146484375 0.7599175423383713
vt 0.5578727126121521 0.7877765446901321
vt 0.5889208316802979 0.7757169902324677
vt 0.5621963143348694 0.7393299639225006
vt 0.575775146484375 0.7599175423383713
vt 0.599289059638977 0.7378925085067749
vt 0.5621963143348694 0.7393299639225006
vt 0.599289059638977 0.7378925085067749
vt 0.5805944800376892 0.7160299718379974
vt 0.5564157366752625 0.6992828249931335
vt 0.5404492020606995 0.7221714854240417
vt 0.5621963143348694 0.7393299639225006
vt 0.5564157366752625 0.6992828249931335
vt 0.5621963143348694 0.7393299639225006
vt 0.5805944800376892 0.7160299718379974
vt 0.4636954367160797 0.7331966459751129
vt 0.5060755014419556 0.7505658715963364
vt 0.5118860602378845 0.7130210995674133
vt 0.4636954367160797 0.7331966459751129
vt 0.5118860602378845 0.7130210995674133
vt 0.4743282198905945 0.7022989690303802
vt 0.5255500078201294 0.6842392086982727
vt 0.5118860602378845 0.7130210995674133
vt 0.5404492020606995 0.7221714854240417
vt 0.5255500078201294 0.6842392086982727
vt 0.5404492020606995 0.7221714854240417
vt 0.5564157366752625 0.6992828249931335
vt 0.5404492020606995 0.7221714854240417
vt 0.5308303236961365 0.7393408119678497
vt 0.5455085039138794 0.7487148940563202
vt 0.5404492020606995 0.7221714854240417
vt 0.5455085039138794 0.7487148940563202
vt 0.5621963143348694 0.7393299639225006
vt 0.5349900126457214 0.7711670398712158
vt 0.5455085039138794 0.7487148940563202
vt 0.5308303236961365 0.7393408119678497
vt 0.5349900126457214 0.7711670398712158
vt 0.5308303236961365 0.7393408119678497
vt 0.5060755014419556 0.7505658715963364
vt 0.5118860602378845 0.7130210995674133
vt 0.5060755014419556 0.7505658715963364
vt 0.5308303236961365 0.7393408119678497
vt 0.5118860602378845 0.7130210995674133
vt 0.5308303236961365 0.7393408119678497
vt 0.5404492020606995 0.7221714854240417
vt 0.5455085039138794 0.7487148940563202
vt 0.5349900126457214 0.7711670398712158
vt 0.575775146484375 0.7599175423383713
vt 0.5455085039138794 0.7487148940563202
vt 0.575775146484375 0.7599175423383713
vt 0.5621963143348694 0.7393299639225006
vt 0.05233089625835419 0.32730555534362793
vt 0.05219002813100815 0.33046358823776245
vt 0.05530237406492233 0.3280071020126343
vt 0.05233089625835419 0.32730555534362793
vt 0.05530237406492233 0.3280071020126343
vt 0.05536790192127228 0.32652318477630615
vt 0.050787486135959625 0.32336539030075073
vt 0.0554332435131073 0.3186865448951721
vt 0.04967118799686432 0.3173418641090393
vt 0.050787486135959625 0.32336539030075073
vt 0.04967118799686432 0.3173418641090393
vt 0.047498784959316254 0.3229027986526489
vt 0.05366366356611252 0.3243345022201538
vt 0.05233089625835419 0.32730555534362793
vt 0.05536790192127228 0.32652318477630615
vt 0.05366366356611252 0.3243345022201538
vt 0.05536790192127228 0.32652318477630615
vt 0.05606497824192047 0.3248893618583679
vt 0.050787486135959625 0.32336539030075073
vt 0.049638696014881134 0.3274136781692505
vt 0.05233089625835419 0.32730555534362793
vt 0.050787486135959625 0.32336539030075073
vt 0.05233089625835419 0.32730555534362793
vt 0.05366366356611252 0.3243345022201538
vt 0.05219002813100815 0.33046358823776245
vt 0.05233089625835419 0.32730555534362793
vt 0.049638696014881134 0.3274136781692505
vt 0.05219002813100815 0.33046358823776245
vt 0.049638696014881134 0.3274136781692505
vt 0.04872893542051315 0.33176785707473755
vt 0.05729929357767105 0.3251153230667114
vt 0.05630072206258774 0.32409149408340454
vt 0.05606497824192047 0.3248893618583679
vt 0.05729929357767105 0.3251153230667114
vt 0.05606497824192047 0.3248893618583679
vt 0.05709204822778702 0.325575590133667
vt 0.05678463727235794 0.32311248779296875
vt 0.05630072206258774 0.32409149408340454
vt 0.05729929357767105 0.3251153230667114
vt 0.05678463727235794 0.32311248779296875
vt 0.05729929357767105 0.3251153230667114
vt 0.05775228142738342 0.32510286569595337
vt 0.05606497824192047 0.3248893618583679
vt 0.05630072206258774 0.32409149408340454
vt 0.05489295721054077 0.3231438398361206
vt 0.05606497824192047 0.3248893618583679
vt 0.05489295721054077 0.3231438398361206
vt 0.05366366356611252 0.3243345022201538
vt 0.05489295721054077 0.3231438398361206
vt 0.05630072206258774 0.32409149408340454
vt 0.05678463727235794 0.32311248779296875
vt 0.05489295721054077 0.3231438398361206
vt 0.05678463727235794 0.32311248779296875
vt 0.0554332435131073 0.3186865448951721
vt 0.05489295721054077 0.3231438398361206
vt 0.0554332435131073 0.3186865448951721
vt 0.050787486135959625 0.32336539030075073
vt 0.05489295721054077 0.3231438398361206
vt 0.050787486135959625 0.32336539030075073
vt 0.05366366356611252 0.3243345022201538
vt 0.05709204822778702 0.325575590133667
vt 0.05782919377088547 0.325741171836853
vt 0.05775228142738342 0.32510286569595337
vt 0.05709204822778702 0.325575590133667
vt 0.05775228142738342 0.32510286569595337
vt 0.05729929357767105 0.3251153230667114
vn -0.9453727840153281 -0.23653389489726268 -0.22432569136823916
vn -0.9611757953999677 -0.1327337487485488 -0.24191494844344882
vn -0.9247207995371418 -0.15214990996007882 -0.34891524443986216
vn -0.9453727840153281 -0.23653389489726268 -0.22432569136823916
vn -0.9247207995371418 -0.15214990996007882 -0.34891524443986216
vn -0.903450993194477 -0.25485860284514367 -0.3447076956665379
vn -0.9158561904205055 -0.33605543931488335 -0.2197138597706565
vn -0.9453727840153281 -0.23653389489726268 -0.22432569136823916
vn -0.903450993194477 -0.25485860284514367 -0.3447076956665379
vn -0.9158561904205055 -0.33605543931488335 -0.2197138597706565
vn -0.903450993194477 -0.25485860284514367 -0.3447076956665379
vn -0.871994527948174 -0.3566556144642126 -0.3352943720070411
vn -0.871994527948174 -0.3566556144642126 -0.3352943720070411
vn -0.903450993194477 -0.25485860284514367 -0.3447076956665379
vn -0.8425941190505366 -0.25823275621340974 -0.47260024773573267
vn -0.871994527948174 -0.3566556144642126 -0.3352943720070411
vn -0.8425941190505366 -0.25823275621340974 -0.47260024773573267
vn -0.8115826550818743 -0.3566767061005705 -0.4627259678205913
vn -0.903450993194477 -0.25485860284514367 -0.3447076956665379
vn -0.9247207995371418 -0.15214990996007882 -0.34891524443986216
vn -0.8624308439727938 -0.16668829480409242 -0.4779414731320964
vn -0.903450993194477 -0.25485860284514367 -0.3447076956665379
vn -0.8624308439727938 -0.16668829480409242 -0.4779414731320964
vn -0.8425941190505366 -0.25823275621340974 -0.47260024773573267
vn -0.8528114317943318 -0.4760941805698 -0.21458563099255326
vn -0.9158561904205055 -0.33605543931488335 -0.2197138597706565
vn -0.871994527948174 -0.3566556144642126 -0.3352943720070411
vn -0.8528114317943318 -0.4760941805698 -0.21458563099255326
vn -0.871994527948174 -0.3566556144642126 -0.3352943720070411
vn -0.8146808885421482 -0.4906014819528016 -0.3092009633715435
vn -0.871994527948174 -0.3566556144642126 -0.3352943720070411
vn -0.8115826550818743 -0.3566767061005705 -0.4627259678205913
vn -0.7651699186941279 -0.48493187061274823 -0.4235045175551765
vn -0.871994527948174 -0.3566556144642126 -0.3352943720070411
vn -0.7651699186941279 -0.48493187061274823 -0.4235045175551765
vn -0.8146808885421482 -0.4906014819528016 -0.3092009633715435
vn -0.7465701713315736 -0.6414971950821489 -0.1763925394671783
vn -0.8528114317943318 -0.4760941805698 -0.21458563099255326
vn -0.8146808885421482 -0.4906014819528016 -0.3092009633715435
vn -0.7465701713315736 -0.6414971950821489 -0.1763925394671783
vn -0.8146808885421482 -0.4906014819528016 -0.3092009633715435
vn -0.7134387613805486 -0.6484072451937832 -0.26565612761613006
vn -0.8146808885421482 -0.4906014819528016 -0.3092009633715435
vn -0.7651699186941279 -0.48493187061274823 -0.4235045175551765
vn -0.6576819837751251 -0.6546299598879041 -0.37271171679298915
vn -0.8146808885421482 -0.4906014819528016 -0.3092009633715435
vn -0.6576819837751251 -0.6546299598879041 -0.37271171679298915
vn -0.7134387613805486 -0.6484072451937832 -0.26565612761613006
vn -0.7465701713315736 -0.6414971950821489 -0.1763925394671783
vn -0.7134387613805486 -0.6484072451937832 -0.26565612761613006
vn -0.5507616726642267 -0.8099209493132925 -0.20171672163595683
vn -0.7465701713315736 -0.6414971950821489 -0.1763925394671783
vn -0.5507616726642267 -0.8099209493132925 -0.20171672163595683
vn -0.5772613574941801 -0.8083182791863894 -0.1157189901318308
vn -0.7134387613805486 -0.6484072451937832 -0.26565612761613006
vn -0.6576819837751251 -0.6546299598879041 -0.37271171679298915
vn -0.5031025721338356 -0.8115294577105971 -0.2971661844494808
vn -0.7134387613805486 -0.6484072451937832 -0.26565612761613006
vn -0.5031025721338356 -0.8115294577105971 -0.2971661844494808
vn -0.5507616726642267 -0.8099209493132925 -0.20171672163595683
vn 0.0047696621215959755 -0.9997394413177539 0.022322629704206752
vn -0.016881269100723312 -0.9979925860923176 0.061039502441589656
vn 0.30567871285262804 -0.9267616798307988 0.21834219314176678
vn 0.0047696621215959755 -0.9997394413177539 0.022322629704206752
vn 0.30567871285262804 -0.9267616798307988 0.21834219314176678
vn 0.34726838669712 -0.9377392697941555 -0.00705191369089706
vn 0.30567871285262804 -0.9267616798307988 0.21834219314176678
vn -0.016881269100723312 -0.9979925860923176 0.061039502441589656
vn 0.006673795968781008 -0.999175649490116 0.040043500263744584
vn 0.30567871285262804 -0.9267616798307988 0.21834219314176678
vn 0.006673795968781008 -0.999175649490116 0.040043500263744584
vn 0.17738743913636418 -0.9303073873690625 0.32103249281527885
vn -0.45603360544774324 -0.6710861760798676 -0.5845311753677755
vn 0.2000045910556487 -0.9761257950802221 0.08471479053664163
vn -0.002718450428812105 -0.9942533796186689 0.10701788235674123
vn -0.45603360544774324 -0.6710861760798676 -0.5845311753677755
vn -0.002718450428812105 -0.9942533796186689 0.10701788235674123
vn -0.1805490999451542 -0.6482225715521635 -0.7397361152730714
vn 0.016455689749263376 -0.9997480856935776 0.015263532582694458
vn 0.2000045910556487 -0.9761257950802221 0.08471479053664163
vn -0.45603360544774324 -0.6710861760798676 -0.5845311753677755
vn 0.016455689749263376 -0.9997480856935776 0.015263532582694458
vn -0.45603360544774324 -0.6710861760798676 -0.5845311753677755
vn -0.7743162082581321 -0.6301718902787589 -0.057600332735537246
vn -0.7743162082581321 -0.6301718902787589 -0.057600332735537246
vn -0.45603360544774324 -0.6710861760798676 -0.5845311753677755
vn -0.8731452874713721 -0.36466875492418005 -0.3234718011644655
vn -0.7743162082581321 -0.6301718902787589 -0.057600332735537246
vn -0.8731452874713721 -0.36466875492418005 -0.3234718011644655
vn -0.2585134897840802 -0.963437069531515 0.07042576696197901
vn -0.8731452874713721 -0.36466875492418005 -0.3234718011644655
vn -0.45603360544774324 -0.6710861760798676 -0.5845311753677755
vn -0.1805490999451542 -0.6482225715521635 -0.7397361152730714
vn -0.8731452874713721 -0.36466875492418005 -0.3234718011644655
vn -0.1805490999451542 -0.6482225715521635 -0.7397361152730714
vn -0.6168581937785266 0.06484205281714875 -0.7843987996897699
vn -0.8050226928761384 0.19684477327927266 -0.5596343441811649
vn -0.9257715403095457 -0.3601599042904898 0.11502998954340816
vn -0.8731452874713721 -0.36466875492418005 -0.3234718011644655
vn -0.8050226928761384 0.19684477327927266 -0.5596343441811649
vn -0.8731452874713721 -0.36466875492418005 -0.3234718011644655
vn -0.6168581937785266 0.06484205281714875 -0.7843987996897699
vn 0.30703128633339594 -0.9245267276720774 0.22579220321441737
vn 0.14116923088083475 -0.5051571991654735 -0.8514032254953041
vn 0.6983075966271636 -0.4705593597418866 -0.5393889037161408
vn 0.30703128633339594 -0.9245267276720774 0.22579220321441737
vn 0.6983075966271636 -0.4705593597418866 -0.5393889037161408
vn 0.5993587969321427 -0.7112557107939 0.36726604308473465
vn 0.5993587969321427 -0.7112557107939 0.36726604308473465
vn 0.6983075966271636 -0.4705593597418866 -0.5393889037161408
vn 0.07736042418027349 -0.9966246237376304 0.027472242909436038
vn 0.5993587969321427 -0.7112557107939 0.36726604308473465
vn 0.07736042418027349 -0.9966246237376304 0.027472242909436038
vn 0.06915994677411597 -0.8585381782491871 0.5080640690412662
vn -0.8731452874713721 -0.36466875492418005 -0.3234718011644655
vn -0.9257715403095457 -0.3601599042904898 0.11502998954340816
vn -0.3806270503293211 -0.6584435825018066 0.6492881465264765
vn -0.8731452874713721 -0.36466875492418005 -0.3234718011644655
vn -0.3806270503293211 -0.6584435825018066 0.6492881465264765
vn -0.10683281863229854 -0.7753004480327778 0.6224917382128475
vn -0.8731452874713721 -0.36466875492418005 -0.3234718011644655
vn -0.10683281863229854 -0.7753004480327778 0.6224917382128475
vn 0.11079997699672892 -0.8879259968326209 0.44644236945693333
vn -0.8731452874713721 -0.36466875492418005 -0.3234718011644655
vn 0.11079997699672892 -0.8879259968326209 0.44644236945693333
vn -0.2585134897840802 -0.963437069531515 0.07042576696197901
vn 0.35969790554294906 -0.8521370094503107 0.3801051615975463
vn 0.11079997699672892 -0.8879259968326209 0.44644236945693333
vn -0.10683281863229854 -0.7753004480327778 0.6224917382128475
vn 0.35969790554294906 -0.8521370094503107 0.3801051615975463
vn -0.10683281863229854 -0.7753004480327778 0.6224917382128475
vn 0.3905429505321061 -0.8522325581135558 0.34810324715650376
vn 0.5993587969321427 -0.7112557107939 0.36726604308473465
vn -0.10683281863229854 -0.7753004480327778 0.6224917382128475
vn -0.3806270503293211 -0.6584435825018066 0.6492881465264765
vn 0.5993587969321427 -0.7112557107939 0.36726604308473465
vn -0.3806270503293211 -0.6584435825018066 0.6492881465264765
vn 0.30703128633339594 -0.9245267276720774 0.22579220321441737
vn -0.1805490999451542 -0.6482225715521635 -0.7397361152730714
vn 0.23903090451152254 -0.7562001943912469 -0.6091186195570153
vn 0.17376853108903592 -0.06943126422763492 -0.982335888151762
vn -0.1805490999451542 -0.6482225715521635 -0.7397361152730714
vn 0.17376853108903592 -0.06943126422763492 -0.982335888151762
vn -0.6168581937785266 0.06484205281714875 -0.7843987996897699
vn 0.6983075966271636 -0.4705593597418866 -0.5393889037161408
vn 0.17376853108903592 -0.06943126422763492 -0.982335888151762
vn 0.23903090451152254 -0.7562001943912469 -0.6091186195570153
vn 0.6983075966271636 -0.4705593597418866 -0.5393889037161408
vn 0.23903090451152254 -0.7562001943912469 -0.6091186195570153
vn 0.07736042418027349 -0.9966246237376304 0.027472242909436038
vn -0.8050226928761384 0.19684477327927266 -0.5596343441811649
vn -0.5578471594326314 0.10756431445372151 -0.8229437799564715
vn -0.4777190314839349 -0.8775986357228784 0.04006446724210632
vn -0.8050226928761384 0.19684477327927266 -0.5596343441811649
vn -0.4777190314839349 -0.8775986357228784 0.04006446724210632
vn -0.9257715403095457 -0.3601599042904898 0.11502998954340816
vn -0.4777190314839349 -0.8775986357228784 0.04006446724210632
vn -0.5578471594326314 0.10756431445372151 -0.8229437799564715
vn 0.14116923088083475 -0.5051571991654735 -0.8514032254953041
vn -0.4777190314839349 -0.8775986357228784 0.04006446724210632
vn 0.14116923088083475 -0.5051571991654735 -0.8514032254953041
vn 0.30703128633339594 -0.9245267276720774 0.22579220321441737
vn 0.17376853108903592 -0.06943126422763492 -0.982335888151762
vn -0.5578471594326314 0.10756431445372151 -0.8229437799564715
vn -0.8050226928761384 0.19684477327927266 -0.5596343441811649
vn 0.17376853108903592 -0.06943126422763492 -0.982335888151762
vn -0.8050226928761384 0.19684477327927266 -0.5596343441811649
vn -0.6168581937785266 0.06484205281714875 -0.7843987996897699
vn -0.5578471594326314 0.10756431445372151 -0.8229437799564715
vn 0.17376853108903592 -0.06943126422763492 -0.982335888151762
vn 0.6983075966271636 -0.4705593597418866 -0.5393889037161408
vn -0.5578471594326314 0.10756431445372151 -0.8229437799564715
vn 0.6983075966271636 -0.4705593597418866 -0.5393889037161408
vn 0.14116923088083475 -0.5051571991654735 -0.8514032254953041
vn -0.9257715403095457 -0.3601599042904898 0.11502998954340816
vn -0.4777190314839349 -0.8775986357228784 0.04006446724210632
vn 0.30703128633339594 -0.9245267276720774 0.22579220321441737
vn -0.9257715403095457 -0.3601599042904898 0.11502998954340816
vn 0.30703128633339594 -0.9245267276720774 0.22579220321441737
vn -0.3806270503293211 -0.6584435825018066 0.6492881465264765
vn -0.10683281863229854 -0.7753004480327778 0.6224917382128475
vn 0.5993587969321427 -0.7112557107939 0.36726604308473465
vn 0.06915994677411597 -0.8585381782491871 0.5080640690412662
vn -0.10683281863229854 -0.7753004480327778 0.6224917382128475
vn 0.06915994677411597 -0.8585381782491871 0.5080640690412662
vn 0.3905429505321061 -0.8522325581135558 0.34810324715650376
vn -0.27244230884334375 -0.9486861790966963 0.16052950489869197
vn 0.23903090451152254 -0.7562001943912469 -0.6091186195570153
vn -0.1805490999451542 -0.6482225715521635 -0.7397361152730714
vn -0.27244230884334375 -0.9486861790966963 0.16052950489869197
vn -0.1805490999451542 -0.6482225715521635 -0.7397361152730714
vn -0.002718450428812105 -0.9942533796186689 0.10701788235674123
vn 0.07736042418027349 -0.9966246237376304 0.027472242909436038
vn 0.23903090451152254 -0.7562001943912469 -0.6091186195570153
vn -0.27244230884334375 -0.9486861790966963 0.16052950489869197
vn 0.07736042418027349 -0.9966246237376304 0.027472242909436038
vn -0.27244230884334375 -0.9486861790966963 0.16052950489869197
vn -0.4971791013039303 -0.8672480829547934 0.026338258064119206
vn 0.07736042418027349 -0.9966246237376304 0.027472242909436038
vn -0.4971791013039303 -0.8672480829547934 0.026338258064119206
vn -0.46839944627846886 -0.8788208815733876 -0.0909715166225009
vn 0.07736042418027349 -0.9966246237376304 0.027472242909436038
vn -0.46839944627846886 -0.8788208815733876 -0.0909715166225009
vn 0.06915994677411597 -0.8585381782491871 0.5080640690412662
vn 0.35969790554294906 -0.8521370094503107 0.3801051615975463
vn 0.3905429505321061 -0.8522325581135558 0.34810324715650376
vn -0.08608078877204954 -0.9703643048149748 -0.22579462736152978
vn 0.35969790554294906 -0.8521370094503107 0.3801051615975463
vn -0.08608078877204954 -0.9703643048149748 -0.22579462736152978
vn -0.18858498243957167 -0.9035286805789513 -0.38480076373303357
vn 0.06915994677411597 -0.8585381782491871 0.5080640690412662
vn -0.46839944627846886 -0.8788208815733876 -0.0909715166225009
vn -0.08608078877204954 -0.9703643048149748 -0.22579462736152978
vn 0.06915994677411597 -0.8585381782491871 0.5080640690412662
vn -0.08608078877204954 -0.9703643048149748 -0.22579462736152978
vn 0.3905429505321061 -0.8522325581135558 0.34810324715650376
vn 0.35969790554294906 -0.8521370094503107 0.3801051615975463
vn -0.18858498243957167 -0.9035286805789513 -0.38480076373303357
vn -0.18867272206105912 -0.9604805204400124 -0.20464548322734497
vn 0.35969790554294906 -0.8521370094503107 0.3801051615975463
vn -0.18867272206105912 -0.9604805204400124 -0.20464548322734497
vn -0.3161850368466051 -0.7219452239976891 0.6154852687280481
vn -0.3161850368466051 -0.7219452239976891 0.6154852687280481
vn -0.2585134897840802 -0.963437069531515 0.07042576696197901
vn 0.11079997699672892 -0.8879259968326209 0.44644236945693333
vn -0.3161850368466051 -0.7219452239976891 0.6154852687280481
vn 0.11079997699672892 -0.8879259968326209 0.44644236945693333
vn 0.35969790554294906 -0.8521370094503107 0.3801051615975463
vn -0.6659283549042678 -0.554717636777508 0.49882639222726827
vn 0.005718711311383788 -0.9988835038061976 -0.046893945928990884
vn 0.016455689749263376 -0.9997480856935776 0.015263532582694458
vn -0.6659283549042678 -0.554717636777508 0.49882639222726827
vn 0.016455689749263376 -0.9997480856935776 0.015263532582694458
vn -0.7743162082581321 -0.6301718902787589 -0.057600332735537246
vn 0.005718711311383788 -0.9988835038061976 -0.046893945928990884
vn -0.6659283549042678 -0.554717636777508 0.49882639222726827
vn -0.3161850368466051 -0.7219452239976891 0.6154852687280481
vn 0.005718711311383788 -0.9988835038061976 -0.046893945928990884
vn -0.3161850368466051 -0.7219452239976891 0.6154852687280481
vn -0.18867272206105912 -0.9604805204400124 -0.20464548322734497
vn -0.3161850368466051 -0.7219452239976891 0.6154852687280481
vn -0.6659283549042678 -0.554717636777508 0.49882639222726827
vn -0.7743162082581321 -0.6301718902787589 -0.057600332735537246
vn -0.3161850368466051 -0.7219452239976891 0.6154852687280481
vn -0.7743162082581321 -0.6301718902787589 -0.057600332735537246
vn -0.2585134897840802 -0.963437069531515 0.07042576696197901
vn -0.07703473323509452 -0.9968740723725069 -0.017542340404049346
vn 0.27790333394155736 -0.949869019439927 -0.14324309020821585
vn 0.15055659162463034 -0.9740893200504401 -0.16876821170482761
vn -0.07703473323509452 -0.9968740723725069 -0.017542340404049346
vn 0.15055659162463034 -0.9740893200504401 -0.16876821170482761
vn -0.12852673494413566 -0.9885785454034838 0.07869776345317628
vn -0.8528114317943318 -0.4760941805698 -0.21458563099255326
vn -0.7465701713315736 -0.6414971950821489 -0.1763925394671783
vn -0.7786673858154215 -0.6264437187842433 -0.03528979261975479
vn -0.8528114317943318 -0.4760941805698 -0.21458563099255326
vn -0.7786673858154215 -0.6264437187842433 -0.03528979261975479
vn -0.8925961080589313 -0.44591651025933704 -0.06656315614649777
vn -0.9158561904205055 -0.33605543931488335 -0.2197138597706565
vn -0.8528114317943318 -0.4760941805698 -0.21458563099255326
vn -0.8925961080589313 -0.44591651025933704 -0.06656315614649777
vn -0.9158561904205055 -0.33605543931488335 -0.2197138597706565
vn -0.8925961080589313 -0.44591651025933704 -0.06656315614649777
vn -0.9445654343462002 -0.31854275230773493 -0.07954027401629511
vn -0.9453727840153281 -0.23653389489726268 -0.22432569136823916
vn -0.9158561904205055 -0.33605543931488335 -0.2197138597706565
vn -0.9445654343462002 -0.31854275230773493 -0.07954027401629511
vn -0.9453727840153281 -0.23653389489726268 -0.22432569136823916
vn -0.9445654343462002 -0.31854275230773493 -0.07954027401629511
vn -0.961737792105057 -0.24987624758099317 -0.11234892136434853
vn -0.9611757953999677 -0.1327337487485488 -0.24191494844344882
vn -0.9453727840153281 -0.23653389489726268 -0.22432569136823916
vn -0.961737792105057 -0.24987624758099317 -0.11234892136434853
vn -0.9611757953999677 -0.1327337487485488 -0.24191494844344882
vn -0.961737792105057 -0.24987624758099317 -0.11234892136434853
vn -0.9815780507289428 -0.13390350406335255 -0.1362878641945956
vn -0.9445654343462002 -0.31854275230773493 -0.07954027401629511
vn -0.8925961080589313 -0.44591651025933704 -0.06656315614649777
vn -0.9048929356249783 -0.42040125163441716 0.06656998332750733
vn -0.9445654343462002 -0.31854275230773493 -0.07954027401629511
vn -0.9048929356249783 -0.42040125163441716 0.06656998332750733
vn -0.9393642482362953 -0.3418643777746719 0.026899002661743537
vn -0.961737792105057 -0.24987624758099317 -0.11234892136434853
vn -0.9445654343462002 -0.31854275230773493 -0.07954027401629511
vn -0.9393642482362953 -0.3418643777746719 0.026899002661743537
vn -0.961737792105057 -0.24987624758099317 -0.11234892136434853
vn -0.9393642482362953 -0.3418643777746719 0.026899002661743537
vn -0.9652684166065385 -0.260965764433566 0.012399745784098156
vn -0.9815780507289428 -0.13390350406335255 -0.1362878641945956
vn -0.961737792105057 -0.24987624758099317 -0.11234892136434853
vn -0.9652684166065385 -0.260965764433566 0.012399745784098156
vn -0.9815780507289428 -0.13390350406335255 -0.1362878641945956
vn -0.9652684166065385 -0.260965764433566 0.012399745784098156
vn -0.992162159062421 -0.12473540243388034 0.007438380485928569
vn -0.8925961080589313 -0.44591651025933704 -0.06656315614649777
vn -0.7786673858154215 -0.6264437187842433 -0.03528979261975479
vn -0.7970019489052423 -0.5968449866809933 0.09254164097859191
vn -0.8925961080589313 -0.44591651025933704 -0.06656315614649777
vn -0.7970019489052423 -0.5968449866809933 0.09254164097859191
vn -0.9048929356249783 -0.42040125163441716 0.06656998332750733
vn -0.7847735249373833 -0.5928720327443601 0.18064680275865597
vn -0.7970019489052423 -0.5968449866809933 0.09254164097859191
vn -0.6194821134783278 -0.7791698296707702 0.09558392967045967
vn -0.7847735249373833 -0.5928720327443601 0.18064680275865597
vn -0.6194821134783278 -0.7791698296707702 0.09558392967045967
vn -0.6233192226232682 -0.7636993771226336 0.1680369247838875
vn -0.7252102330571475 -0.6019891921611852 0.3341842760967693
vn -0.7847735249373833 -0.5928720327443601 0.18064680275865597
vn -0.6233192226232682 -0.7636993771226336 0.1680369247838875
vn -0.7252102330571475 -0.6019891921611852 0.3341842760967693
vn -0.6233192226232682 -0.7636993771226336 0.1680369247838875
vn -0.552603376716106 -0.7770029406267379 0.301489532653058
vn -0.8904767609190788 -0.42921428481401064 0.1510835397211188
vn -0.9048929356249783 -0.42040125163441716 0.06656998332750733
vn -0.7970019489052423 -0.5968449866809933 0.09254164097859191
vn -0.8904767609190788 -0.42921428481401064 0.1510835397211188
vn -0.7970019489052423 -0.5968449866809933 0.09254164097859191
vn -0.7847735249373833 -0.5928720327443601 0.18064680275865597
vn -0.9393642482362953 -0.3418643777746719 0.026899002661743537
vn -0.9048929356249783 -0.42040125163441716 0.06656998332750733
vn -0.8904767609190788 -0.42921428481401064 0.1510835397211188
vn -0.9393642482362953 -0.3418643777746719 0.026899002661743537
vn -0.8904767609190788 -0.42921428481401064 0.1510835397211188
vn -0.9371359061050907 -0.32420236843885175 0.12910893767369455
vn -0.9652684166065385 -0.260965764433566 0.012399745784098156
vn -0.9393642482362953 -0.3418643777746719 0.026899002661743537
vn -0.9371359061050907 -0.32420236843885175 0.12910893767369455
vn -0.9652684166065385 -0.260965764433566 0.012399745784098156
vn -0.9371359061050907 -0.32420236843885175 0.12910893767369455
vn -0.9666399716106187 -0.21705519937283996 0.1359934031850031
vn -0.992162159062421 -0.12473540243388034 0.007438380485928569
vn -0.9652684166065385 -0.260965764433566 0.012399745784098156
vn -0.9666399716106187 -0.21705519937283996 0.1359934031850031
vn -0.992162159062421 -0.12473540243388034 0.007438380485928569
vn -0.9666399716106187 -0.21705519937283996 0.1359934031850031
vn -0.9865917542338557 -0.10567890504094456 0.12437314624592609
vn -0.8481481053637574 -0.4342822128548778 0.303387130520956
vn -0.8904767609190788 -0.42921428481401064 0.1510835397211188
vn -0.7847735249373833 -0.5928720327443601 0.18064680275865597
vn -0.8481481053637574 -0.4342822128548778 0.303387130520956
vn -0.7847735249373833 -0.5928720327443601 0.18064680275865597
vn -0.7252102330571475 -0.6019891921611852 0.3341842760967693
vn -0.9107180881484793 -0.3050980411975569 0.27840213572563044
vn -0.9371359061050907 -0.32420236843885175 0.12910893767369455
vn -0.8904767609190788 -0.42921428481401064 0.1510835397211188
vn -0.9107180881484793 -0.3050980411975569 0.27840213572563044
vn -0.8904767609190788 -0.42921428481401064 0.1510835397211188
vn -0.8481481053637574 -0.4342822128548778 0.303387130520956
vn -0.9391324059418793 -0.2147567942535807 0.26816010783064376
vn -0.9666399716106187 -0.21705519937283996 0.1359934031850031
vn -0.9371359061050907 -0.32420236843885175 0.12910893767369455
vn -0.9391324059418793 -0.2147567942535807 0.26816010783064376
vn -0.9371359061050907 -0.32420236843885175 0.12910893767369455
vn -0.9107180881484793 -0.3050980411975569 0.27840213572563044
vn -0.9647415398274177 -0.09880100839026525 0.24395106491362176
vn -0.9865917542338557 -0.10567890504094456 0.12437314624592609
vn -0.9666399716106187 -0.21705519937283996 0.1359934031850031
vn -0.9647415398274177 -0.09880100839026525 0.24395106491362176
vn -0.9666399716106187 -0.21705519937283996 0.1359934031850031
vn -0.9391324059418793 -0.2147567942535807 0.26816010783064376
vn -0.9815780507289428 -0.13390350406335255 -0.1362878641945956
vn -0.990324480308774 0.005340800773822808 -0.13866830765625962
vn -0.9697417291982233 -0.009155653507127418 -0.24396137534555948
vn -0.9815780507289428 -0.13390350406335255 -0.1362878641945956
vn -0.9697417291982233 -0.009155653507127418 -0.24396137534555948
vn -0.9611757953999677 -0.1327337487485488 -0.24191494844344882
vn -0.992162159062421 -0.12473540243388034 0.007438380485928569
vn -0.9999157574785305 0.012971142469666843 0.0004768743738361177
vn -0.990324480308774 0.005340800773822808 -0.13866830765625962
vn -0.992162159062421 -0.12473540243388034 0.007438380485928569
vn -0.990324480308774 0.005340800773822808 -0.13866830765625962
vn -0.9815780507289428 -0.13390350406335255 -0.1362878641945956
vn -0.9865917542338557 -0.10567890504094456 0.12437314624592609
vn -0.9919222694044121 0.02632419243251967 0.12408564926040713
vn -0.9999157574785305 0.012971142469666843 0.0004768743738361177
vn -0.9865917542338557 -0.10567890504094456 0.12437314624592609
vn -0.9999157574785305 0.012971142469666843 0.0004768743738361177
vn -0.992162159062421 -0.12473540243388034 0.007438380485928569
vn -0.9647415398274177 -0.09880100839026525 0.24395106491362176
vn -0.9719149577045971 0.02822684525606971 0.23363338844643083
vn -0.9919222694044121 0.02632419243251967 0.12408564926040713
vn -0.9647415398274177 -0.09880100839026525 0.24395106491362176
vn -0.9919222694044121 0.02632419243251967 0.12408564926040713
vn -0.9865917542338557 -0.10567890504094456 0.12437314624592609
vn -0.9247207995371418 -0.15214990996007882 -0.34891524443986216
vn -0.9402324265853592 -0.031277470757829245 -0.3390939454198503
vn -0.8779751284274613 -0.04729316906491505 -0.47636438786141455
vn -0.9247207995371418 -0.15214990996007882 -0.34891524443986216
vn -0.8779751284274613 -0.04729316906491505 -0.47636438786141455
vn -0.8624308439727938 -0.16668829480409242 -0.4779414731320964
vn -0.9611757953999677 -0.1327337487485488 -0.24191494844344882
vn -0.9697417291982233 -0.009155653507127418 -0.24396137534555948
vn -0.9402324265853592 -0.031277470757829245 -0.3390939454198503
vn -0.9611757953999677 -0.1327337487485488 -0.24191494844344882
vn -0.9402324265853592 -0.031277470757829245 -0.3390939454198503
vn -0.9247207995371418 -0.15214990996007882 -0.34891524443986216
vn -0.938973512113096 0.2768083935882797 -0.2042201184728718
vn -0.9658762561995322 0.12817320554674683 -0.2250659616420196
vn -0.980170468496832 0.14530937568456043 -0.13472578826959747
vn -0.938973512113096 0.2768083935882797 -0.2042201184728718
vn -0.980170468496832 0.14530937568456043 -0.13472578826959747
vn -0.9550998513639625 0.26681011492539347 -0.12882793368689544
vn -0.990324480308774 0.005340800773822808 -0.13866830765625962
vn -0.980170468496832 0.14530937568456043 -0.13472578826959747
vn -0.9658762561995322 0.12817320554674683 -0.2250659616420196
vn -0.990324480308774 0.005340800773822808 -0.13866830765625962
vn -0.9658762561995322 0.12817320554674683 -0.2250659616420196
vn -0.9697417291982233 -0.009155653507127418 -0.24396137534555948
vn -0.9550998513639625 0.26681011492539347 -0.12882793368689544
vn -0.980170468496832 0.14530937568456043 -0.13472578826959747
vn -0.9878527966034588 0.15529405134530175 -0.005532617778995765
vn -0.9550998513639625 0.26681011492539347 -0.12882793368689544
vn -0.9878527966034588 0.15529405134530175 -0.005532617778995765
vn -0.958819459392508 0.28386861692305526 -0.009157107428117692
vn -0.9999157574785305 0.012971142469666843 0.0004768743738361177
vn -0.9878527966034588 0.15529405134530175 -0.005532617778995765
vn -0.980170468496832 0.14530937568456043 -0.13472578826959747
vn -0.9999157574785305 0.012971142469666843 0.0004768743738361177
vn -0.980170468496832 0.14530937568456043 -0.13472578826959747
vn -0.990324480308774 0.005340800773822808 -0.13866830765625962
vn -0.958819459392508 0.28386861692305526 -0.009157107428117692
vn -0.9878527966034588 0.15529405134530175 -0.005532617778995765
vn -0.9797262847351887 0.1632878071917094 0.11607540231033954
vn -0.958819459392508 0.28386861692305526 -0.009157107428117692
vn -0.9797262847351887 0.1632878071917094 0.11607540231033954
vn -0.9479219101539846 0.30039790161098473 0.10585439507993222
vn -0.9919222694044121 0.02632419243251967 0.12408564926040713
vn -0.9797262847351887 0.1632878071917094 0.11607540231033954
vn -0.9878527966034588 0.15529405134530175 -0.005532617778995765
vn -0.9919222694044121 0.02632419243251967 0.12408564926040713
vn -0.9878527966034588 0.15529405134530175 -0.005532617778995765
vn -0.9999157574785305 0.012971142469666843 0.0004768743738361177
vn -0.9479219101539846 0.30039790161098473 0.10585439507993222
vn -0.9797262847351887 0.1632878071917094 0.11607540231033954
vn -0.9589973421346231 0.16517347368652333 0.230308100962723
vn -0.9479219101539846 0.30039790161098473 0.10585439507993222
vn -0.9589973421346231 0.16517347368652333 0.230308100962723
vn -0.919534853813822 0.3154108409530777 0.2344603463932981
vn -0.9719149577045971 0.02822684525606971 0.23363338844643083
vn -0.9589973421346231 0.16517347368652333 0.230308100962723
vn -0.9797262847351887 0.1632878071917094 0.11607540231033954
vn -0.9719149577045971 0.02822684525606971 0.23363338844643083
vn -0.9797262847351887 0.1632878071917094 0.11607540231033954
vn -0.9919222694044121 0.02632419243251967 0.12408564926040713
vn -0.8579080221244256 0.24566152529399 -0.4512695874583022
vn -0.8813556282794291 0.0808863377440982 -0.46547788010443714
vn -0.9404350330774052 0.09228928065490925 -0.3272073306588644
vn -0.8579080221244256 0.24566152529399 -0.4512695874583022
vn -0.9404350330774052 0.09228928065490925 -0.3272073306588644
vn -0.9169593000146742 0.2538421391147708 -0.30781457166001136
vn -0.9402324265853592 -0.031277470757829245 -0.3390939454198503
vn -0.9404350330774052 0.09228928065490925 -0.3272073306588644
vn -0.8813556282794291 0.0808863377440982 -0.46547788010443714
vn -0.9402324265853592 -0.031277470757829245 -0.3390939454198503
vn -0.8813556282794291 0.0808863377440982 -0.46547788010443714
vn -0.8779751284274613 -0.04729316906491505 -0.47636438786141455
vn -0.9169593000146742 0.2538421391147708 -0.30781457166001136
vn -0.9404350330774052 0.09228928065490925 -0.3272073306588644
vn -0.9658762561995322 0.12817320554674683 -0.2250659616420196
vn -0.9169593000146742 0.2538421391147708 -0.30781457166001136
vn -0.9658762561995322 0.12817320554674683 -0.2250659616420196
vn -0.938973512113096 0.2768083935882797 -0.2042201184728718
vn -0.9697417291982233 -0.009155653507127418 -0.24396137534555948
vn -0.9658762561995322 0.12817320554674683 -0.2250659616420196
vn -0.9404350330774052 0.09228928065490925 -0.3272073306588644
vn -0.9697417291982233 -0.009155653507127418 -0.24396137534555948
vn -0.9404350330774052 0.09228928065490925 -0.3272073306588644
vn -0.9402324265853592 -0.031277470757829245 -0.3390939454198503
vn 0.15055659162463034 -0.9740893200504401 -0.16876821170482761
vn -0.008768738043469 -0.972176662859707 -0.23408469711642454
vn -0.09223372347426677 -0.9914519980104378 0.09228150353772514
vn 0.15055659162463034 -0.9740893200504401 -0.16876821170482761
vn -0.09223372347426677 -0.9914519980104378 0.09228150353772514
vn -0.0762333699519012 -0.9922729856441945 0.09789175280141237
vn -0.12852673494413566 -0.9885785454034838 0.07869776345317628
vn 0.15055659162463034 -0.9740893200504401 -0.16876821170482761
vn -0.0762333699519012 -0.9922729856441945 0.09789175280141237
vn -0.12852673494413566 -0.9885785454034838 0.07869776345317628
vn -0.0762333699519012 -0.9922729856441945 0.09789175280141237
vn -0.21778941926642173 -0.9512549384616714 0.21836165164212454
vn -0.552603376716106 -0.7770029406267379 0.301489532653058
vn -0.513698717525961 -0.7480306164977395 0.42019498378038117
vn -0.6514921076232068 -0.5851221429293447 0.4828976201623315
vn -0.552603376716106 -0.7770029406267379 0.301489532653058
vn -0.6514921076232068 -0.5851221429293447 0.4828976201623315
vn -0.7252102330571475 -0.6019891921611852 0.3341842760967693
vn -0.4159240504885496 -0.7635760822931598 0.49392180633682115
vn -0.31271079930841233 -0.7608848122328697 0.5685650873112456
vn -0.38427331592924696 -0.6033946619397648 0.6987480952441574
vn -0.4159240504885496 -0.7635760822931598 0.49392180633682115
vn -0.38427331592924696 -0.6033946619397648 0.6987480952441574
vn -0.5438254907417492 -0.5934027054786966 0.5934029531019025
vn -0.513698717525961 -0.7480306164977395 0.42019498378038117
vn -0.4159240504885496 -0.7635760822931598 0.49392180633682115
vn -0.5438254907417492 -0.5934027054786966 0.5934029531019025
vn -0.513698717525961 -0.7480306164977395 0.42019498378038117
vn -0.5438254907417492 -0.5934027054786966 0.5934029531019025
vn -0.6514921076232068 -0.5851221429293447 0.4828976201623315
vn -0.7252102330571475 -0.6019891921611852 0.3341842760967693
vn -0.6514921076232068 -0.5851221429293447 0.4828976201623315
vn -0.7583033693819191 -0.41958417981674245 0.49892395816551066
vn -0.7252102330571475 -0.6019891921611852 0.3341842760967693
vn -0.7583033693819191 -0.41958417981674245 0.49892395816551066
vn -0.8481481053637574 -0.4342822128548778 0.303387130520956
vn -0.5438254907417492 -0.5934027054786966 0.5934029531019025
vn -0.38427331592924696 -0.6033946619397648 0.6987480952441574
vn -0.45696708461265606 -0.4535338976436088 0.7651719331423537
vn -0.5438254907417492 -0.5934027054786966 0.5934029531019025
vn -0.45696708461265606 -0.4535338976436088 0.7651719331423537
vn -0.6298897073903157 -0.4284468831355946 0.6478211364683439
vn -0.6514921076232068 -0.5851221429293447 0.4828976201623315
vn -0.5438254907417492 -0.5934027054786966 0.5934029531019025
vn -0.6298897073903157 -0.4284468831355946 0.6478211364683439
vn -0.6514921076232068 -0.5851221429293447 0.4828976201623315
vn -0.6298897073903157 -0.4284468831355946 0.6478211364683439
vn -0.7583033693819191 -0.41958417981674245 0.49892395816551066
vn -0.9589973421346231 0.16517347368652333 0.230308100962723
vn -0.9719149577045971 0.02822684525606971 0.23363338844643083
vn -0.9051432863666452 0.03814355092636893 0.42339189962506013
vn -0.9589973421346231 0.16517347368652333 0.230308100962723
vn -0.9051432863666452 0.03814355092636893 0.42339189962506013
vn -0.8828348761141895 0.1920119554409836 0.42864203070181217
vn -0.8828348761141895 0.1920119554409836 0.42864203070181217
vn -0.8310840195126007 0.3556613772277292 0.427556238709312
vn -0.919534853813822 0.3154108409530777 0.2344603463932981
vn -0.8828348761141895 0.1920119554409836 0.42864203070181217
vn -0.919534853813822 0.3154108409530777 0.2344603463932981
vn -0.9589973421346231 0.16517347368652333 0.230308100962723
vn -0.8294267132666845 -0.30278825371163864 0.46943647145687517
vn -0.9107180881484793 -0.3050980411975569 0.27840213572563044
vn -0.8481481053637574 -0.4342822128548778 0.303387130520956
vn -0.8294267132666845 -0.30278825371163864 0.46943647145687517
vn -0.8481481053637574 -0.4342822128548778 0.303387130520956
vn -0.7583033693819191 -0.41958417981674245 0.49892395816551066
vn -0.9391324059418793 -0.2147567942535807 0.26816010783064376
vn -0.9107180881484793 -0.3050980411975569 0.27840213572563044
vn -0.8294267132666845 -0.30278825371163864 0.46943647145687517
vn -0.9391324059418793 -0.2147567942535807 0.26816010783064376
vn -0.8294267132666845 -0.30278825371163864 0.46943647145687517
vn -0.859807187988811 -0.22315299317212603 0.4592758878072027
vn -0.8952670881182183 -0.09345552592620616 0.43561784353511374
vn -0.9647415398274177 -0.09880100839026525 0.24395106491362176
vn -0.9391324059418793 -0.2147567942535807 0.26816010783064376
vn -0.8952670881182183 -0.09345552592620616 0.43561784353511374
vn -0.9391324059418793 -0.2147567942535807 0.26816010783064376
vn -0.859807187988811 -0.22315299317212603 0.4592758878072027
vn -0.9719149577045971 0.02822684525606971 0.23363338844643083
vn -0.9647415398274177 -0.09880100839026525 0.24395106491362176
vn -0.8952670881182183 -0.09345552592620616 0.43561784353511374
vn -0.9719149577045971 0.02822684525606971 0.23363338844643083
vn -0.8952670881182183 -0.09345552592620616 0.43561784353511374
vn -0.9051432863666452 0.03814355092636893 0.42339189962506013
vn -0.9051432863666452 0.03814355092636893 0.42339189962506013
vn -0.8952670881182183 -0.09345552592620616 0.43561784353511374
vn -0.7993374050739284 -0.07476488254528231 0.5962129864299072
vn -0.9051432863666452 0.03814355092636893 0.42339189962506013
vn -0.7993374050739284 -0.07476488254528231 0.5962129864299072
vn -0.796406052753656 0.05492470564146114 0.602262962374028
vn -0.8828348761141895 0.1920119554409836 0.42864203070181217
vn -0.9051432863666452 0.03814355092636893 0.42339189962506013
vn -0.796406052753656 0.05492470564146114 0.602262962374028
vn -0.8828348761141895 0.1920119554409836 0.42864203070181217
vn -0.796406052753656 0.05492470564146114 0.602262962374028
vn -0.7637267727604369 0.2090522181647994 0.6107524757619123
vn -0.7243194506768516 -0.2948386397592923 0.6232427375237308
vn -0.8294267132666845 -0.30278825371163864 0.46943647145687517
vn -0.7583033693819191 -0.41958417981674245 0.49892395816551066
vn -0.7243194506768516 -0.2948386397592923 0.6232427375237308
vn -0.7583033693819191 -0.41958417981674245 0.49892395816551066
vn -0.6298897073903157 -0.4284468831355946 0.6478211364683439
vn -0.859807187988811 -0.22315299317212603 0.4592758878072027
vn -0.8294267132666845 -0.30278825371163864 0.46943647145687517
vn -0.7243194506768516 -0.2948386397592923 0.6232427375237308
vn -0.859807187988811 -0.22315299317212603 0.4592758878072027
vn -0.7243194506768516 -0.2948386397592923 0.6232427375237308
vn -0.7733807200469429 -0.19186692956428533 0.6042096847943151
vn -0.8952670881182183 -0.09345552592620616 0.43561784353511374
vn -0.859807187988811 -0.22315299317212603 0.4592758878072027
vn -0.7733807200469429 -0.19186692956428533 0.6042096847943151
vn -0.8952670881182183 -0.09345552592620616 0.43561784353511374
vn -0.7733807200469429 -0.19186692956428533 0.6042096847943151
vn -0.7993374050739284 -0.07476488254528231 0.5962129864299072
vn -0.7243194506768516 -0.2948386397592923 0.6232427375237308
vn -0.6298897073903157 -0.4284468831355946 0.6478211364683439
vn -0.6115880928700818 -0.3226711644519614 0.7223872398449129
vn -0.7243194506768516 -0.2948386397592923 0.6232427375237308
vn -0.6115880928700818 -0.3226711644519614 0.7223872398449129
vn -0.6862845933418275 -0.2745899558348769 0.6735085842780645
vn -0.6115880928700818 -0.3226711644519614 0.7223872398449129
vn -0.6298897073903157 -0.4284468831355946 0.6478211364683439
vn -0.45696708461265606 -0.4535338976436088 0.7651719331423537
vn -0.6115880928700818 -0.3226711644519614 0.7223872398449129
vn -0.45696708461265606 -0.4535338976436088 0.7651719331423537
vn -0.46265267718695724 -0.31479443485814135 0.82876834162152
vn -0.7733807200469429 -0.19186692956428533 0.6042096847943151
vn -0.7243194506768516 -0.2948386397592923 0.6232427375237308
vn -0.6862845933418275 -0.2745899558348769 0.6735085842780645
vn -0.7733807200469429 -0.19186692956428533 0.6042096847943151
vn -0.6862845933418275 -0.2745899558348769 0.6735085842780645
vn -0.710154512752635 -0.21058554502654914 0.671814182823598
vn -0.6138251146875171 -0.18769527035474978 0.7668045474991094
vn -0.710154512752635 -0.21058554502654914 0.671814182823598
vn -0.6862845933418275 -0.2745899558348769 0.6735085842780645
vn -0.6138251146875171 -0.18769527035474978 0.7668045474991094
vn -0.6862845933418275 -0.2745899558348769 0.6735085842780645
vn -0.6115880928700818 -0.3226711644519614 0.7223872398449129
vn -0.6138251146875171 -0.18769527035474978 0.7668045474991094
vn -0.6115880928700818 -0.3226711644519614 0.7223872398449129
vn -0.46265267718695724 -0.31479443485814135 0.82876834162152
vn -0.6138251146875171 -0.18769527035474978 0.7668045474991094
vn -0.46265267718695724 -0.31479443485814135 0.82876834162152
vn -0.45624211783136215 -0.1674666333017574 0.873955408843797
vn -0.7637267727604369 0.2090522181647994 0.6107524757619123
vn -0.796406052753656 0.05492470564146114 0.602262962374028
vn -0.7098303869000053 0.0930926602043613 0.6981937972006513
vn -0.7637267727604369 0.2090522181647994 0.6107524757619123
vn -0.7098303869000053 0.0930926602043613 0.6981937972006513
vn -0.6707445605120138 0.22777860963590624 0.7058460452080743
vn -0.7092501090735365 0.3597757583197186 0.6062389681508836
vn -0.7637267727604369 0.2090522181647994 0.6107524757619123
vn -0.6707445605120138 0.22777860963590624 0.7058460452080743
vn -0.7092501090735365 0.3597757583197186 0.6062389681508836
vn -0.6707445605120138 0.22777860963590624 0.7058460452080743
vn -0.6290523076423962 0.36297361541796686 0.6874178851035125
vn -0.7993374050739284 -0.07476488254528231 0.5962129864299072
vn -0.7733807200469429 -0.19186692956428533 0.6042096847943151
vn -0.710154512752635 -0.21058554502654914 0.671814182823598
vn -0.7993374050739284 -0.07476488254528231 0.5962129864299072
vn -0.710154512752635 -0.21058554502654914 0.671814182823598
vn -0.7227834216660886 -0.04807094961848016 0.6894006884007579
vn -0.796406052753656 0.05492470564146114 0.602262962374028
vn -0.7993374050739284 -0.07476488254528231 0.5962129864299072
vn -0.7227834216660886 -0.04807094961848016 0.6894006884007579
vn -0.796406052753656 0.05492470564146114 0.602262962374028
vn -0.7227834216660886 -0.04807094961848016 0.6894006884007579
vn -0.7098303869000053 0.0930926602043613 0.6981937972006513
vn -0.5700959357057411 0.35869505463132134 0.7391403668281343
vn -0.6290523076423962 0.36297361541796686 0.6874178851035125
vn -0.6707445605120138 0.22777860963590624 0.7058460452080743
vn -0.5700959357057411 0.35869505463132134 0.7391403668281343
vn -0.6707445605120138 0.22777860963590624 0.7058460452080743
vn -0.5978031750938071 0.23500127212118774 0.7664240118558309
vn -0.48200581816162263 0.2344224454046311 0.8442253895428978
vn -0.4742275274633032 0.37159922379539534 0.7981367483524998
vn -0.5700959357057411 0.35869505463132134 0.7391403668281343
vn -0.48200581816162263 0.2344224454046311 0.8442253895428978
vn -0.5700959357057411 0.35869505463132134 0.7391403668281343
vn -0.5978031750938071 0.23500127212118774 0.7664240118558309
vn 0.1030927722827589 0.9861038986732991 -0.13027271903347631
vn 0.07952842049876882 0.9871430106619696 -0.13865030412586035
vn 0.24002288726223403 0.8363129733640242 -0.4929194905593874
vn 0.1030927722827589 0.9861038986732991 -0.13027271903347631
vn 0.24002288726223403 0.8363129733640242 -0.4929194905593874
vn 0.37579121127897813 0.8311076329042907 -0.4099281254728748
vn 0.24002288726223403 0.8363129733640242 -0.4929194905593874
vn 0.07952842049876882 0.9871430106619696 -0.13865030412586035
vn 0.10441385643502284 0.9791054726433135 -0.1744999141096645
vn 0.24002288726223403 0.8363129733640242 -0.4929194905593874
vn 0.10441385643502284 0.9791054726433135 -0.1744999141096645
vn 0.1351250993391835 0.8200953146209772 -0.5560439573138942
vn 0.10339548238184433 0.9881699197224506 -0.1132677534815239
vn 0.1030927722827589 0.9861038986732991 -0.13027271903347631
vn 0.37579121127897813 0.8311076329042907 -0.4099281254728748
vn 0.10339548238184433 0.9881699197224506 -0.1132677534815239
vn 0.37579121127897813 0.8311076329042907 -0.4099281254728748
vn 0.4535221301441282 0.8758587462006222 -0.16489127985859903
vn -0.4372365272098785 0.5259044470049492 0.7295537895822786
vn -0.4742275274633032 0.37159922379539534 0.7981367483524998
vn -0.34795050381679776 0.3580610782579604 0.8664425607796418
vn -0.4372365272098785 0.5259044470049492 0.7295537895822786
vn -0.34795050381679776 0.3580610782579604 0.8664425607796418
vn -0.3052016617240484 0.5293342923117462 0.7916167966028147
vn -0.34547944355041565 0.7054573937577104 0.6188487857923565
vn -0.4372365272098785 0.5259044470049492 0.7295537895822786
vn -0.3052016617240484 0.5293342923117462 0.7916167966028147
vn -0.34547944355041565 0.7054573937577104 0.6188487857923565
vn -0.3052016617240484 0.5293342923117462 0.7916167966028147
vn -0.22171600229097116 0.7072028150592217 0.671346551864551
vn -0.20877094443975494 0.8707535195164039 0.4451999562079142
vn -0.34547944355041565 0.7054573937577104 0.6188487857923565
vn -0.22171600229097116 0.7072028150592217 0.671346551864551
vn -0.20877094443975494 0.8707535195164039 0.4451999562079142
vn -0.22171600229097116 0.7072028150592217 0.671346551864551
vn -0.06680377005316682 0.8718354973142407 0.48522172450284456
vn -0.042152122360648525 0.9841873823536618 0.17204184083047921
vn -0.20877094443975494 0.8707535195164039 0.4451999562079142
vn -0.06680377005316682 0.8718354973142407 0.48522172450284456
vn -0.042152122360648525 0.9841873823536618 0.17204184083047921
vn -0.06680377005316682 0.8718354973142407 0.48522172450284456
vn 0.05539969788020896 0.9897555525230152 0.13158578846000998
vn 0.07952842049876882 0.9871430106619696 -0.13865030412586035
vn -0.042152122360648525 0.9841873823536618 0.17204184083047921
vn 0.05539969788020896 0.9897555525230152 0.13158578846000998
vn 0.07952842049876882 0.9871430106619696 -0.13865030412586035
vn 0.05539969788020896 0.9897555525230152 0.13158578846000998
vn 0.10441385643502284 0.9791054726433135 -0.1744999141096645
vn -0.4742275274633032 0.37159922379539534 0.7981367483524998
vn -0.48200581816162263 0.2344224454046311 0.8442253895428978
vn -0.3322139573622022 0.22732453201812172 0.9154001549467243
vn -0.4742275274633032 0.37159922379539534 0.7981367483524998
vn -0.3322139573622022 0.22732453201812172 0.9154001549467243
vn -0.34795050381679776 0.3580610782579604 0.8664425607796418
vn -0.14538816489033665 0.5157707549299829 0.8443001894283666
vn -0.10051278354746288 0.6900483864435203 0.7167498899269081
vn -0.22171600229097116 0.7072028150592217 0.671346551864551
vn -0.14538816489033665 0.5157707549299829 0.8443001894283666
vn -0.22171600229097116 0.7072028150592217 0.671346551864551
vn -0.3052016617240484 0.5293342923117462 0.7916167966028147
vn 0.05539969788020896 0.9897555525230152 0.13158578846000998
vn -0.06680377005316682 0.8718354973142407 0.48522172450284456
vn 0.0936678483176966 0.8678099611521214 0.4879879153387781
vn 0.05539969788020896 0.9897555525230152 0.13158578846000998
vn 0.0936678483176966 0.8678099611521214 0.4879879153387781
vn 0.14287814626474643 0.9766831516925736 0.16023687627949842
vn 0.1351250993391835 0.8200953146209772 -0.5560439573138942
vn 0.10441385643502284 0.9791054726433135 -0.1744999141096645
vn 0.1367943459912259 0.9714872017136817 -0.19364897059203048
vn 0.1351250993391835 0.8200953146209772 -0.5560439573138942
vn 0.1367943459912259 0.9714872017136817 -0.19364897059203048
vn -0.11787970470941593 0.8427067716685938 -0.5253091206152026
vn 0.14287814626474643 0.9766831516925736 0.16023687627949842
vn 0.1367943459912259 0.9714872017136817 -0.19364897059203048
vn 0.10441385643502284 0.9791054726433135 -0.1744999141096645
vn 0.14287814626474643 0.9766831516925736 0.16023687627949842
vn 0.10441385643502284 0.9791054726433135 -0.1744999141096645
vn 0.05539969788020896 0.9897555525230152 0.13158578846000998
vn -0.3052016617240484 0.5293342923117462 0.7916167966028147
vn -0.34795050381679776 0.3580610782579604 0.8664425607796418
vn -0.18474385673473767 0.34411780972819556 0.9205719094273104
vn -0.3052016617240484 0.5293342923117462 0.7916167966028147
vn -0.18474385673473767 0.34411780972819556 0.9205719094273104
vn -0.14538816489033665 0.5157707549299829 0.8443001894283666
vn -0.34795050381679776 0.3580610782579604 0.8664425607796418
vn -0.3322139573622022 0.22732453201812172 0.9154001549467243
vn -0.1811353307230868 0.19892003797786434 0.9631307338335345
vn -0.34795050381679776 0.3580610782579604 0.8664425607796418
vn -0.1811353307230868 0.19892003797786434 0.9631307338335345
vn -0.18474385673473767 0.34411780972819556 0.9205719094273104
vn -0.14538816489033665 0.5157707549299829 0.8443001894283666
vn -0.18474385673473767 0.34411780972819556 0.9205719094273104
vn 0.017736203887886916 0.33374533527195893 0.9424964075559413
vn -0.14538816489033665 0.5157707549299829 0.8443001894283666
vn 0.017736203887886916 0.33374533527195893 0.9424964075559413
vn 0.04594957323436352 0.4739857005151794 0.8793328109576685
vn -0.18474385673473767 0.34411780972819556 0.9205719094273104
vn -0.1811353307230868 0.19892003797786434 0.9631307338335345
vn -0.011921918932936449 0.1804505347195963 0.9835118059120432
vn -0.18474385673473767 0.34411780972819556 0.9205719094273104
vn -0.011921918932936449 0.1804505347195963 0.9835118059120432
vn 0.017736203887886916 0.33374533527195893 0.9424964075559413
vn -0.8310840195126007 0.3556613772277292 0.427556238709312
vn -0.7472125589122238 0.5233159008847514 0.4096508997732428
vn -0.8340932283971647 0.4959165140273304 0.24156841154624473
vn -0.8310840195126007 0.3556613772277292 0.427556238709312
vn -0.8340932283971647 0.4959165140273304 0.24156841154624473
vn -0.919534853813822 0.3154108409530777 0.2344603463932981
vn 0.4535221301441282 0.8758587462006222 -0.16489127985859903
vn 0.3561086617914664 0.8688133451034438 0.3440203371419418
vn 0.114550056804823 0.9930842574551633 0.025728235087910722
vn 0.4535221301441282 0.8758587462006222 -0.16489127985859903
vn 0.114550056804823 0.9930842574551633 0.025728235087910722
vn 0.10339548238184433 0.9881699197224506 -0.1132677534815239
vn -0.2573545149347821 0.9653181837719169 0.043925593017859005
vn 0.10339548238184433 0.9881699197224506 -0.1132677534815239
vn 0.114550056804823 0.9930842574551633 0.025728235087910722
vn -0.2573545149347821 0.9653181837719169 0.043925593017859005
vn 0.114550056804823 0.9930842574551633 0.025728235087910722
vn -0.2630117087670936 0.9631687133983889 0.055954182881224786
vn -0.5397630342329869 0.834630246656871 0.10976437601102691
vn -0.2573545149347821 0.9653181837719169 0.043925593017859005
vn -0.2630117087670936 0.9631687133983889 0.055954182881224786
vn -0.5397630342329869 0.834630246656871 0.10976437601102691
vn -0.2630117087670936 0.9631687133983889 0.055954182881224786
vn -0.5796641755876663 0.8140858917941881 0.03540627517733092
vn -0.9479219101539846 0.30039790161098473 0.10585439507993222
vn -0.8843752800051322 0.4540150260567815 0.10840073906807025
vn -0.9008542212365939 0.4340272121483216 -0.009058211466171256
vn -0.9479219101539846 0.30039790161098473 0.10585439507993222
vn -0.9008542212365939 0.4340272121483216 -0.009058211466171256
vn -0.958819459392508 0.28386861692305526 -0.009157107428117692
vn -0.8843752800051322 0.4540150260567815 0.10840073906807025
vn -0.9479219101539846 0.30039790161098473 0.10585439507993222
vn -0.919534853813822 0.3154108409530777 0.2344603463932981
vn -0.8843752800051322 0.4540150260567815 0.10840073906807025
vn -0.919534853813822 0.3154108409530777 0.2344603463932981
vn -0.8340932283971647 0.4959165140273304 0.24156841154624473
vn -0.2949324379086132 0.9500413817435912 0.10215786824327323
vn -0.513054601746645 0.8355734870714516 0.1964482713842145
vn -0.41158157854441485 0.876184485453961 0.2508014187612684
vn -0.2949324379086132 0.9500413817435912 0.10215786824327323
vn -0.41158157854441485 0.876184485453961 0.2508014187612684
vn -0.1741297839670425 0.9814592556526753 0.08010335716614933
vn -0.513054601746645 0.8355734870714516 0.1964482713842145
vn -0.2949324379086132 0.9500413817435912 0.10215786824327323
vn -0.2573545149347821 0.9653181837719169 0.043925593017859005
vn -0.513054601746645 0.8355734870714516 0.1964482713842145
vn -0.2573545149347821 0.9653181837719169 0.043925593017859005
vn -0.5397630342329869 0.834630246656871 0.10976437601102691
vn -0.6033598801245417 0.7145704847909383 0.35404219709201645
vn -0.41158157854441485 0.876184485453961 0.2508014187612684
vn -0.513054601746645 0.8355734870714516 0.1964482713842145
vn -0.6033598801245417 0.7145704847909383 0.35404219709201645
vn -0.513054601746645 0.8355734870714516 0.1964482713842145
vn -0.6884711732184063 0.6812242719826537 0.24887935814159948
vn -0.7472125589122238 0.5233159008847514 0.4096508997732428
vn -0.6033598801245417 0.7145704847909383 0.35404219709201645
vn -0.6884711732184063 0.6812242719826537 0.24887935814159948
vn -0.7472125589122238 0.5233159008847514 0.4096508997732428
vn -0.6884711732184063 0.6812242719826537 0.24887935814159948
vn -0.8340932283971647 0.4959165140273304 0.24156841154624473
vn -0.6884711732184063 0.6812242719826537 0.24887935814159948
vn -0.513054601746645 0.8355734870714516 0.1964482713842145
vn -0.5397630342329869 0.834630246656871 0.10976437601102691
vn -0.6884711732184063 0.6812242719826537 0.24887935814159948
vn -0.5397630342329869 0.834630246656871 0.10976437601102691
vn -0.7455508781820245 0.6557186877324643 0.11910873435826316
vn -0.8340932283971647 0.4959165140273304 0.24156841154624473
vn -0.6884711732184063 0.6812242719826537 0.24887935814159948
vn -0.7455508781820245 0.6557186877324643 0.11910873435826316
vn -0.8340932283971647 0.4959165140273304 0.24156841154624473
vn -0.7455508781820245 0.6557186877324643 0.11910873435826316
vn -0.8843752800051322 0.4540150260567815 0.10840073906807025
vn -0.7455508781820245 0.6557186877324643 0.11910873435826316
vn -0.5397630342329869 0.834630246656871 0.10976437601102691
vn -0.5796641755876663 0.8140858917941881 0.03540627517733092
vn -0.7455508781820245 0.6557186877324643 0.11910873435826316
vn -0.5796641755876663 0.8140858917941881 0.03540627517733092
vn -0.7836629551034391 0.6211707736599272 -0.004386655818798693
vn -0.8843752800051322 0.4540150260567815 0.10840073906807025
vn -0.7455508781820245 0.6557186877324643 0.11910873435826316
vn -0.7836629551034391 0.6211707736599272 -0.004386655818798693
vn -0.8843752800051322 0.4540150260567815 0.10840073906807025
vn -0.7836629551034391 0.6211707736599272 -0.004386655818798693
vn -0.9008542212365939 0.4340272121483216 -0.009058211466171256
vn -0.2573545149347821 0.9653181837719169 0.043925593017859005
vn -0.2949324379086132 0.9500413817435912 0.10215786824327323
vn -0.1741297839670425 0.9814592556526753 0.08010335716614933
vn -0.2573545149347821 0.9653181837719169 0.043925593017859005
vn -0.1741297839670425 0.9814592556526753 0.08010335716614933
vn 0.10339548238184433 0.9881699197224506 -0.1132677534815239
vn -0.958819459392508 0.28386861692305526 -0.009157107428117692
vn -0.9008542212365939 0.4340272121483216 -0.009058211466171256
vn -0.8936699680823236 0.4287175315419348 -0.13249628785867576
vn -0.958819459392508 0.28386861692305526 -0.009157107428117692
vn -0.8936699680823236 0.4287175315419348 -0.13249628785867576
vn -0.9550998513639625 0.26681011492539347 -0.12882793368689544
vn -0.8936699680823236 0.4287175315419348 -0.13249628785867576
vn -0.9008542212365939 0.4340272121483216 -0.009058211466171256
vn -0.7836629551034391 0.6211707736599272 -0.004386655818798693
vn -0.8936699680823236 0.4287175315419348 -0.13249628785867576
vn -0.7836629551034391 0.6211707736599272 -0.004386655818798693
vn -0.7781457432775839 0.6190836813695243 -0.10594620182400959
vn 0.051879614745985556 0.9666378110626067 0.25083829013509934
vn 0.3561086617914664 0.8688133451034438 0.3440203371419418
vn 0.24045324335105797 0.8368895786560722 0.4917296725832384
vn 0.051879614745985556 0.9666378110626067 0.25083829013509934
vn 0.24045324335105797 0.8368895786560722 0.4917296725832384
vn -0.04758111091109541 0.9722202021188043 0.22918096883584688
vn -0.32951857971191545 0.9439337114560404 0.02016566392327864
vn 0.051879614745985556 0.9666378110626067 0.25083829013509934
vn -0.04758111091109541 0.9722202021188043 0.22918096883584688
vn -0.32951857971191545 0.9439337114560404 0.02016566392327864
vn -0.04758111091109541 0.9722202021188043 0.22918096883584688
vn -0.3498610651062165 0.9366511718015245 -0.016787420456237757
vn -0.028327633527229265 0.9953808103419981 0.09173106116062543
vn 0.051879614745985556 0.9666378110626067 0.25083829013509934
vn -0.32951857971191545 0.9439337114560404 0.02016566392327864
vn -0.028327633527229265 0.9953808103419981 0.09173106116062543
vn -0.32951857971191545 0.9439337114560404 0.02016566392327864
vn -0.32751480768155866 0.9445858092675772 0.022174302235424406
vn -0.028327633527229265 0.9953808103419981 0.09173106116062543
vn -0.32751480768155866 0.9445858092675772 0.022174302235424406
vn -0.2630117087670936 0.9631687133983889 0.055954182881224786
vn -0.028327633527229265 0.9953808103419981 0.09173106116062543
vn -0.2630117087670936 0.9631687133983889 0.055954182881224786
vn 0.114550056804823 0.9930842574551633 0.025728235087910722
vn 0.051879614745985556 0.9666378110626067 0.25083829013509934
vn -0.028327633527229265 0.9953808103419981 0.09173106116062543
vn 0.114550056804823 0.9930842574551633 0.025728235087910722
vn 0.051879614745985556 0.9666378110626067 0.25083829013509934
vn 0.114550056804823 0.9930842574551633 0.025728235087910722
vn 0.3561086617914664 0.8688133451034438 0.3440203371419418
vn -0.5796641755876663 0.8140858917941881 0.03540627517733092
vn -0.2630117087670936 0.9631687133983889 0.055954182881224786
vn -0.32751480768155866 0.9445858092675772 0.022174302235424406
vn -0.5796641755876663 0.8140858917941881 0.03540627517733092
vn -0.32751480768155866 0.9445858092675772 0.022174302235424406
vn -0.6032835467074322 0.7968760770212205 -0.03220993858067923
vn -0.7836629551034391 0.6211707736599272 -0.004386655818798693
vn -0.5796641755876663 0.8140858917941881 0.03540627517733092
vn -0.6032835467074322 0.7968760770212205 -0.03220993858067923
vn -0.7836629551034391 0.6211707736599272 -0.004386655818798693
vn -0.6032835467074322 0.7968760770212205 -0.03220993858067923
vn -0.7781457432775839 0.6190836813695243 -0.10594620182400959
vn -0.32951857971191545 0.9439337114560404 0.02016566392327864
vn -0.3498610651062165 0.9366511718015245 -0.016787420456237757
vn -0.5626474745283786 0.8147899885001205 -0.1398037697875518
vn -0.32951857971191545 0.9439337114560404 0.02016566392327864
vn -0.5626474745283786 0.8147899885001205 -0.1398037697875518
vn -0.5766999746971129 0.8107758450591513 -0.10029789755009107
vn -0.32751480768155866 0.9445858092675772 0.022174302235424406
vn -0.32951857971191545 0.9439337114560404 0.02016566392327864
vn -0.5766999746971129 0.8107758450591513 -0.10029789755009107
vn -0.32751480768155866 0.9445858092675772 0.022174302235424406
vn -0.5766999746971129 0.8107758450591513 -0.10029789755009107
vn -0.6032835467074322 0.7968760770212205 -0.03220993858067923
vn -0.7575471966648266 0.6329745224204797 -0.15957913018884448
vn -0.5766999746971129 0.8107758450591513 -0.10029789755009107
vn -0.5626474745283786 0.8147899885001205 -0.1398037697875518
vn -0.7575471966648266 0.6329745224204797 -0.15957913018884448
vn -0.5626474745283786 0.8147899885001205 -0.1398037697875518
vn -0.7288050614391421 0.647169833941705 -0.22363896900261843
vn -0.6032835467074322 0.7968760770212205 -0.03220993858067923
vn -0.5766999746971129 0.8107758450591513 -0.10029789755009107
vn -0.7575471966648266 0.6329745224204797 -0.15957913018884448
vn -0.6032835467074322 0.7968760770212205 -0.03220993858067923
vn -0.7575471966648266 0.6329745224204797 -0.15957913018884448
vn -0.7781457432775839 0.6190836813695243 -0.10594620182400959
vn -0.7575471966648266 0.6329745224204797 -0.15957913018884448
vn -0.7288050614391421 0.647169833941705 -0.22363896900261843
vn -0.8642193094558319 0.4339216813422546 -0.2546310264378552
vn -0.7575471966648266 0.6329745224204797 -0.15957913018884448
vn -0.8642193094558319 0.4339216813422546 -0.2546310264378552
vn -0.8789245372947515 0.43564756654143727 -0.1941722315567569
vn -0.7781457432775839 0.6190836813695243 -0.10594620182400959
vn -0.7575471966648266 0.6329745224204797 -0.15957913018884448
vn -0.8789245372947515 0.43564756654143727 -0.1941722315567569
vn -0.7781457432775839 0.6190836813695243 -0.10594620182400959
vn -0.8789245372947515 0.43564756654143727 -0.1941722315567569
vn -0.8936699680823236 0.4287175315419348 -0.13249628785867576
vn -0.8936699680823236 0.4287175315419348 -0.13249628785867576
vn -0.8789245372947515 0.43564756654143727 -0.1941722315567569
vn -0.938973512113096 0.2768083935882797 -0.2042201184728718
vn -0.8936699680823236 0.4287175315419348 -0.13249628785867576
vn -0.938973512113096 0.2768083935882797 -0.2042201184728718
vn -0.9550998513639625 0.26681011492539347 -0.12882793368689544
vn -0.938973512113096 0.2768083935882797 -0.2042201184728718
vn -0.8789245372947515 0.43564756654143727 -0.1941722315567569
vn -0.8642193094558319 0.4339216813422546 -0.2546310264378552
vn -0.938973512113096 0.2768083935882797 -0.2042201184728718
vn -0.8642193094558319 0.4339216813422546 -0.2546310264378552
vn -0.9169593000146742 0.2538421391147708 -0.30781457166001136
vn -0.6707445605120138 0.22777860963590624 0.7058460452080743
vn -0.7098303869000053 0.0930926602043613 0.6981937972006513
vn -0.621774266134314 0.10108614896080292 0.7766455771208701
vn -0.6707445605120138 0.22777860963590624 0.7058460452080743
vn -0.621774266134314 0.10108614896080292 0.7766455771208701
vn -0.5978031750938071 0.23500127212118774 0.7664240118558309
vn -0.7227834216660886 -0.04807094961848016 0.6894006884007579
vn -0.710154512752635 -0.21058554502654914 0.671814182823598
vn -0.6138251146875171 -0.18769527035474978 0.7668045474991094
vn -0.7227834216660886 -0.04807094961848016 0.6894006884007579
vn -0.6138251146875171 -0.18769527035474978 0.7668045474991094
vn -0.6181234263347316 -0.02670887504349086 0.7856271799079526
vn -0.7098303869000053 0.0930926602043613 0.6981937972006513
vn -0.7227834216660886 -0.04807094961848016 0.6894006884007579
vn -0.6181234263347316 -0.02670887504349086 0.7856271799079526
vn -0.7098303869000053 0.0930926602043613 0.6981937972006513
vn -0.6181234263347316 -0.02670887504349086 0.7856271799079526
vn -0.621774266134314 0.10108614896080292 0.7766455771208701
vn -0.5978031750938071 0.23500127212118774 0.7664240118558309
vn -0.621774266134314 0.10108614896080292 0.7766455771208701
vn -0.4768552920530297 0.08621559662587122 0.8747433345498924
vn -0.5978031750938071 0.23500127212118774 0.7664240118558309
vn -0.4768552920530297 0.08621559662587122 0.8747433345498924
vn -0.48200581816162263 0.2344224454046311 0.8442253895428978
vn -0.6181234263347316 -0.02670887504349086 0.7856271799079526
vn -0.6138251146875171 -0.18769527035474978 0.7668045474991094
vn -0.45624211783136215 -0.1674666333017574 0.873955408843797
vn -0.6181234263347316 -0.02670887504349086 0.7856271799079526
vn -0.45624211783136215 -0.1674666333017574 0.873955408843797
vn -0.4658632785407499 -0.03815408132488404 0.8840337503656283
vn -0.621774266134314 0.10108614896080292 0.7766455771208701
vn -0.6181234263347316 -0.02670887504349086 0.7856271799079526
vn -0.4658632785407499 -0.03815408132488404 0.8840337503656283
vn -0.621774266134314 0.10108614896080292 0.7766455771208701
vn -0.4658632785407499 -0.03815408132488404 0.8840337503656283
vn -0.4768552920530297 0.08621559662587122 0.8747433345498924
vn -0.10270581305250286 -0.5897235677707104 0.8010478322678418
vn -0.24005258229830284 -0.5869645689019267 0.773205892751531
vn -0.19424950685880174 -0.7455209612301993 0.6375465672807846
vn -0.10270581305250286 -0.5897235677707104 0.8010478322678418
vn -0.19424950685880174 -0.7455209612301993 0.6375465672807846
vn -0.0631017754596042 -0.7555033629289916 0.6520987920068786
vn -0.19424950685880174 -0.7455209612301993 0.6375465672807846
vn -0.24005258229830284 -0.5869645689019267 0.773205892751531
vn -0.38427331592924696 -0.6033946619397648 0.6987480952441574
vn -0.19424950685880174 -0.7455209612301993 0.6375465672807846
vn -0.38427331592924696 -0.6033946619397648 0.6987480952441574
vn -0.31271079930841233 -0.7608848122328697 0.5685650873112456
vn -0.09223372347426677 -0.9914519980104378 0.09228150353772514
vn -0.008768738043469 -0.972176662859707 -0.23408469711642454
vn -0.04385507629612783 -0.9899786893260546 0.13423459674513114
vn -0.09223372347426677 -0.9914519980104378 0.09228150353772514
vn -0.04385507629612783 -0.9899786893260546 0.13423459674513114
vn -0.10348418991827045 -0.962926648882893 0.24912505154665
vn -0.28593317070874663 -0.30519863871967756 0.9083479580051348
vn -0.28759710325225546 -0.18276469855564056 0.9401515681860969
vn -0.45624211783136215 -0.1674666333017574 0.873955408843797
vn -0.28593317070874663 -0.30519863871967756 0.9083479580051348
vn -0.45624211783136215 -0.1674666333017574 0.873955408843797
vn -0.46265267718695724 -0.31479443485814135 0.82876834162152
vn -0.46265267718695724 -0.31479443485814135 0.82876834162152
vn -0.45696708461265606 -0.4535338976436088 0.7651719331423537
vn -0.26895570997533796 -0.43986637893926295 0.8568432731547367
vn -0.46265267718695724 -0.31479443485814135 0.82876834162152
vn -0.26895570997533796 -0.43986637893926295 0.8568432731547367
vn -0.28593317070874663 -0.30519863871967756 0.9083479580051348
vn -0.45696708461265606 -0.4535338976436088 0.7651719331423537
vn -0.38427331592924696 -0.6033946619397648 0.6987480952441574
vn -0.24005258229830284 -0.5869645689019267 0.773205892751531
vn -0.45696708461265606 -0.4535338976436088 0.7651719331423537
vn -0.24005258229830284 -0.5869645689019267 0.773205892751531
vn -0.26895570997533796 -0.43986637893926295 0.8568432731547367
vn -0.48200581816162263 0.2344224454046311 0.8442253895428978
vn -0.4768552920530297 0.08621559662587122 0.8747433345498924
vn -0.31745722461627585 0.08389275134530569 0.9445543482567035
vn -0.48200581816162263 0.2344224454046311 0.8442253895428978
vn -0.31745722461627585 0.08389275134530569 0.9445543482567035
vn -0.3322139573622022 0.22732453201812172 0.9154001549467243
vn -0.4768552920530297 0.08621559662587122 0.8747433345498924
vn -0.4658632785407499 -0.03815408132488404 0.8840337503656283
vn -0.30267493096894577 -0.06408224385999527 0.9509370916021797
vn -0.4768552920530297 0.08621559662587122 0.8747433345498924
vn -0.30267493096894577 -0.06408224385999527 0.9509370916021797
vn -0.31745722461627585 0.08389275134530569 0.9445543482567035
vn -0.30267493096894577 -0.06408224385999527 0.9509370916021797
vn -0.4658632785407499 -0.03815408132488404 0.8840337503656283
vn -0.45624211783136215 -0.1674666333017574 0.873955408843797
vn -0.30267493096894577 -0.06408224385999527 0.9509370916021797
vn -0.45624211783136215 -0.1674666333017574 0.873955408843797
vn -0.28759710325225546 -0.18276469855564056 0.9401515681860969
vn 0.4801931198569779 -0.8292641894785487 0.2858941616936373
vn 0.5776498910646835 -0.8147654389899118 -0.04977833645809758
vn 0.34726838669712 -0.9377392697941555 -0.00705191369089706
vn 0.4801931198569779 -0.8292641894785487 0.2858941616936373
vn 0.34726838669712 -0.9377392697941555 -0.00705191369089706
vn 0.30567871285262804 -0.9267616798307988 0.21834219314176678
vn 0.5776498910646835 -0.8147654389899118 -0.04977833645809758
vn 0.4801931198569779 -0.8292641894785487 0.2858941616936373
vn 0.2000045910556487 -0.9761257950802221 0.08471479053664163
vn 0.5776498910646835 -0.8147654389899118 -0.04977833645809758
vn 0.2000045910556487 -0.9761257950802221 0.08471479053664163
vn 0.016455689749263376 -0.9997480856935776 0.015263532582694458
vn 0.29891075829602454 -0.797222606392612 0.5244887743617266
vn 0.4801931198569779 -0.8292641894785487 0.2858941616936373
vn 0.30567871285262804 -0.9267616798307988 0.21834219314176678
vn 0.29891075829602454 -0.797222606392612 0.5244887743617266
vn 0.30567871285262804 -0.9267616798307988 0.21834219314176678
vn 0.17738743913636418 -0.9303073873690625 0.32103249281527885
vn 0.5301697992902635 -0.8114368631491853 -0.24594755750592884
vn 0.5776498910646835 -0.8147654389899118 -0.04977833645809758
vn 0.016455689749263376 -0.9997480856935776 0.015263532582694458
vn 0.5301697992902635 -0.8114368631491853 -0.24594755750592884
vn 0.016455689749263376 -0.9997480856935776 0.015263532582694458
vn 0.005718711311383788 -0.9988835038061976 -0.046893945928990884
vn 0.5301697992902635 -0.8114368631491853 -0.24594755750592884
vn 0.3269817894397141 -0.8391486317360808 -0.4346406368832368
vn 0.15055659162463034 -0.9740893200504401 -0.16876821170482761
vn 0.5301697992902635 -0.8114368631491853 -0.24594755750592884
vn 0.15055659162463034 -0.9740893200504401 -0.16876821170482761
vn 0.27790333394155736 -0.949869019439927 -0.14324309020821585
vn 0.3269817894397141 -0.8391486317360808 -0.4346406368832368
vn 0.5301697992902635 -0.8114368631491853 -0.24594755750592884
vn 0.005718711311383788 -0.9988835038061976 -0.046893945928990884
vn 0.3269817894397141 -0.8391486317360808 -0.4346406368832368
vn 0.005718711311383788 -0.9988835038061976 -0.046893945928990884
vn -0.18867272206105912 -0.9604805204400124 -0.20464548322734497
vn 0.3269817894397141 -0.8391486317360808 -0.4346406368832368
vn 0.0975269612121267 -0.8233285420449246 -0.5591230666775492
vn -0.008768738043469 -0.972176662859707 -0.23408469711642454
vn 0.3269817894397141 -0.8391486317360808 -0.4346406368832368
vn -0.008768738043469 -0.972176662859707 -0.23408469711642454
vn 0.15055659162463034 -0.9740893200504401 -0.16876821170482761
vn 0.0975269612121267 -0.8233285420449246 -0.5591230666775492
vn 0.3269817894397141 -0.8391486317360808 -0.4346406368832368
vn -0.18867272206105912 -0.9604805204400124 -0.20464548322734497
vn 0.0975269612121267 -0.8233285420449246 -0.5591230666775492
vn -0.18867272206105912 -0.9604805204400124 -0.20464548322734497
vn -0.18858498243957167 -0.9035286805789513 -0.38480076373303357
vn -0.08608078877204954 -0.9703643048149748 -0.22579462736152978
vn -0.43640062371474825 -0.8155306795780242 -0.38008447256943423
vn -0.30891946113097835 -0.8128453535760138 -0.4938129177172575
vn -0.08608078877204954 -0.9703643048149748 -0.22579462736152978
vn -0.30891946113097835 -0.8128453535760138 -0.4938129177172575
vn -0.18858498243957167 -0.9035286805789513 -0.38480076373303357
vn -0.18858498243957167 -0.9035286805789513 -0.38480076373303357
vn -0.30891946113097835 -0.8128453535760138 -0.4938129177172575
vn -0.1360970660984497 -0.843858560113056 -0.519018611538463
vn -0.18858498243957167 -0.9035286805789513 -0.38480076373303357
vn -0.1360970660984497 -0.843858560113056 -0.519018611538463
vn 0.0975269612121267 -0.8233285420449246 -0.5591230666775492
vn 0.06338331638692585 -0.9927841432727899 0.10179489216020476
vn -0.0025736886267475364 -0.9943633894930115 0.10599446100066744
vn -0.08714490983705728 -0.9534445297828863 -0.28870277677324485
vn 0.06338331638692585 -0.9927841432727899 0.10179489216020476
vn -0.08714490983705728 -0.9534445297828863 -0.28870277677324485
vn -0.1717854448487596 -0.9492547791437482 -0.2634485247840037
vn -0.008768738043469 -0.972176662859707 -0.23408469711642454
vn -0.08714490983705728 -0.9534445297828863 -0.28870277677324485
vn -0.0025736886267475364 -0.9943633894930115 0.10599446100066744
vn -0.008768738043469 -0.972176662859707 -0.23408469711642454
vn -0.0025736886267475364 -0.9943633894930115 0.10599446100066744
vn -0.04385507629612783 -0.9899786893260546 0.13423459674513114
vn -0.1717854448487596 -0.9492547791437482 -0.2634485247840037
vn -0.08714490983705728 -0.9534445297828863 -0.28870277677324485
vn -0.1360970660984497 -0.843858560113056 -0.519018611538463
vn -0.1717854448487596 -0.9492547791437482 -0.2634485247840037
vn -0.1360970660984497 -0.843858560113056 -0.519018611538463
vn -0.30891946113097835 -0.8128453535760138 -0.4938129177172575
vn -0.1360970660984497 -0.843858560113056 -0.519018611538463
vn -0.08714490983705728 -0.9534445297828863 -0.28870277677324485
vn -0.008768738043469 -0.972176662859707 -0.23408469711642454
vn -0.1360970660984497 -0.843858560113056 -0.519018611538463
vn -0.008768738043469 -0.972176662859707 -0.23408469711642454
vn 0.0975269612121267 -0.8233285420449246 -0.5591230666775492
vn -0.43640062371474825 -0.8155306795780242 -0.38008447256943423
vn -0.08608078877204954 -0.9703643048149748 -0.22579462736152978
vn -0.46839944627846886 -0.8788208815733876 -0.0909715166225009
vn -0.43640062371474825 -0.8155306795780242 -0.38008447256943423
vn -0.46839944627846886 -0.8788208815733876 -0.0909715166225009
vn -0.4808833435023597 -0.8358208703268288 -0.26486729256005503
vn -0.4808833435023597 -0.8358208703268288 -0.26486729256005503
vn -0.46839944627846886 -0.8788208815733876 -0.0909715166225009
vn -0.4971791013039303 -0.8672480829547934 0.026338258064119206
vn -0.4808833435023597 -0.8358208703268288 -0.26486729256005503
vn -0.4971791013039303 -0.8672480829547934 0.026338258064119206
vn -0.4365806260691686 -0.8788829232727602 -0.19225546577556726
vn -0.3322413002034051 -0.9429393718375044 -0.021933068135657305
vn -0.4365806260691686 -0.8788829232727602 -0.19225546577556726
vn -0.4971791013039303 -0.8672480829547934 0.026338258064119206
vn -0.3322413002034051 -0.9429393718375044 -0.021933068135657305
vn -0.4971791013039303 -0.8672480829547934 0.026338258064119206
vn -0.3040328555917835 -0.9269755850532798 0.21972775754518434
vn -0.4971791013039303 -0.8672480829547934 0.026338258064119206
vn -0.27244230884334375 -0.9486861790966963 0.16052950489869197
vn -0.2509201276270293 -0.8659649400904192 0.43260121600133294
vn -0.4971791013039303 -0.8672480829547934 0.026338258064119206
vn -0.2509201276270293 -0.8659649400904192 0.43260121600133294
vn -0.3040328555917835 -0.9269755850532798 0.21972775754518434
vn -0.26047671592290245 -0.9403873957188537 -0.2186856795383084
vn -0.43640062371474825 -0.8155306795780242 -0.38008447256943423
vn -0.4808833435023597 -0.8358208703268288 -0.26486729256005503
vn -0.26047671592290245 -0.9403873957188537 -0.2186856795383084
vn -0.4808833435023597 -0.8358208703268288 -0.26486729256005503
vn -0.2195889304353773 -0.9653514352937106 -0.1409869072170178
vn -0.15037790360996595 -0.19153730771105346 0.9698968738276627
vn -0.28759710325225546 -0.18276469855564056 0.9401515681860969
vn -0.28593317070874663 -0.30519863871967756 0.9083479580051348
vn -0.15037790360996595 -0.19153730771105346 0.9698968738276627
vn -0.28593317070874663 -0.30519863871967756 0.9083479580051348
vn -0.14055718492631522 -0.29390076648612645 0.9454448779407802
vn -0.15499558503935096 -0.07935758854789172 0.9847226725114908
vn -0.30267493096894577 -0.06408224385999527 0.9509370916021797
vn -0.28759710325225546 -0.18276469855564056 0.9401515681860969
vn -0.15499558503935096 -0.07935758854789172 0.9847226725114908
vn -0.28759710325225546 -0.18276469855564056 0.9401515681860969
vn -0.15037790360996595 -0.19153730771105346 0.9698968738276627
vn -0.16356302819778815 0.054934432030513826 0.9850022050656813
vn -0.31745722461627585 0.08389275134530569 0.9445543482567035
vn -0.30267493096894577 -0.06408224385999527 0.9509370916021797
vn -0.16356302819778815 0.054934432030513826 0.9850022050656813
vn -0.30267493096894577 -0.06408224385999527 0.9509370916021797
vn -0.15499558503935096 -0.07935758854789172 0.9847226725114908
vn -0.3322139573622022 0.22732453201812172 0.9154001549467243
vn -0.31745722461627585 0.08389275134530569 0.9445543482567035
vn -0.16356302819778815 0.054934432030513826 0.9850022050656813
vn -0.3322139573622022 0.22732453201812172 0.9154001549467243
vn -0.16356302819778815 0.054934432030513826 0.9850022050656813
vn -0.1811353307230868 0.19892003797786434 0.9631307338335345
vn -0.12280947263746762 -0.42373053644633873 0.8974242396511279
vn -0.26895570997533796 -0.43986637893926295 0.8568432731547367
vn -0.24005258229830284 -0.5869645689019267 0.773205892751531
vn -0.12280947263746762 -0.42373053644633873 0.8974242396511279
vn -0.24005258229830284 -0.5869645689019267 0.773205892751531
vn -0.10270581305250286 -0.5897235677707104 0.8010478322678418
vn -0.14055718492631522 -0.29390076648612645 0.9454448779407802
vn -0.28593317070874663 -0.30519863871967756 0.9083479580051348
vn -0.26895570997533796 -0.43986637893926295 0.8568432731547367
vn -0.14055718492631522 -0.29390076648612645 0.9454448779407802
vn -0.26895570997533796 -0.43986637893926295 0.8568432731547367
vn -0.12280947263746762 -0.42373053644633873 0.8974242396511279
vn -0.7993946281798814 0.45777791992293826 -0.3891113008744118
vn -0.8642193094558319 0.4339216813422546 -0.2546310264378552
vn -0.7288050614391421 0.647169833941705 -0.22363896900261843
vn -0.7993946281798814 0.45777791992293826 -0.3891113008744118
vn -0.7288050614391421 0.647169833941705 -0.22363896900261843
vn -0.6608183688269031 0.6718797286563065 -0.33450966150722616
vn -0.8579080221244256 0.24566152529399 -0.4512695874583022
vn -0.9169593000146742 0.2538421391147708 -0.30781457166001136
vn -0.8642193094558319 0.4339216813422546 -0.2546310264378552
vn -0.8579080221244256 0.24566152529399 -0.4512695874583022
vn -0.8642193094558319 0.4339216813422546 -0.2546310264378552
vn -0.7993946281798814 0.45777791992293826 -0.3891113008744118
vn -0.5237907581559365 0.8240263251223532 -0.21592558249493995
vn -0.5626474745283786 0.8147899885001205 -0.1398037697875518
vn -0.3498610651062165 0.9366511718015245 -0.016787420456237757
vn -0.5237907581559365 0.8240263251223532 -0.21592558249493995
vn -0.3498610651062165 0.9366511718015245 -0.016787420456237757
vn -0.3330040952375654 0.9398880490991305 -0.07562226997149066
vn -0.6608183688269031 0.6718797286563065 -0.33450966150722616
vn -0.7288050614391421 0.647169833941705 -0.22363896900261843
vn -0.5626474745283786 0.8147899885001205 -0.1398037697875518
vn -0.6608183688269031 0.6718797286563065 -0.33450966150722616
vn -0.5626474745283786 0.8147899885001205 -0.1398037697875518
vn -0.5237907581559365 0.8240263251223532 -0.21592558249493995
vn 0.06370179240997594 0.98108264209802 0.18280845444815952
vn 0.20398889355681896 0.8577355861775882 0.47188790566198463
vn 0.09478181497016369 0.8295786296149931 0.5502869295531845
vn 0.06370179240997594 0.98108264209802 0.18280845444815952
vn 0.09478181497016369 0.8295786296149931 0.5502869295531845
vn 0.10768122359263012 0.964456724970749 0.24130474455404138
vn 0.24002288726223403 0.8363129733640242 -0.4929194905593874
vn 0.36028932704336675 0.5224097710110135 -0.7728386843131355
vn 0.5833727573251444 0.5907159709321251 -0.557432388453142
vn 0.24002288726223403 0.8363129733640242 -0.4929194905593874
vn 0.5833727573251444 0.5907159709321251 -0.557432388453142
vn 0.37579121127897813 0.8311076329042907 -0.4099281254728748
vn 0.6953774891667885 0.5068214085454917 -0.5094921072990797
vn 0.5833727573251444 0.5907159709321251 -0.557432388453142
vn 0.36028932704336675 0.5224097710110135 -0.7728386843131355
vn 0.6953774891667885 0.5068214085454917 -0.5094921072990797
vn 0.36028932704336675 0.5224097710110135 -0.7728386843131355
vn 0.35551937786020094 0.5191648973686135 -0.7772218353251102
vn 0.1351250993391835 0.8200953146209772 -0.5560439573138942
vn -0.014783244268877466 0.6514189129929006 -0.758574225428227
vn 0.36028932704336675 0.5224097710110135 -0.7728386843131355
vn 0.1351250993391835 0.8200953146209772 -0.5560439573138942
vn 0.36028932704336675 0.5224097710110135 -0.7728386843131355
vn 0.24002288726223403 0.8363129733640242 -0.4929194905593874
vn 0.35551937786020094 0.5191648973686135 -0.7772218353251102
vn 0.36028932704336675 0.5224097710110135 -0.7728386843131355
vn -0.014783244268877466 0.6514189129929006 -0.758574225428227
vn 0.35551937786020094 0.5191648973686135 -0.7772218353251102
vn -0.014783244268877466 0.6514189129929006 -0.758574225428227
vn -0.4759419721099431 0.49453716095691175 -0.7272635255646854
vn 0.37579121127897813 0.8311076329042907 -0.4099281254728748
vn 0.5833727573251444 0.5907159709321251 -0.557432388453142
vn 0.7250335398271789 0.6351074158232518 -0.26639244826380076
vn 0.37579121127897813 0.8311076329042907 -0.4099281254728748
vn 0.7250335398271789 0.6351074158232518 -0.26639244826380076
vn 0.4535221301441282 0.8758587462006222 -0.16489127985859903
vn 0.6473639291816725 0.7497346842425452 -0.1371781558346581
vn 0.7250335398271789 0.6351074158232518 -0.26639244826380076
vn 0.5833727573251444 0.5907159709321251 -0.557432388453142
vn 0.6473639291816725 0.7497346842425452 -0.1371781558346581
vn 0.5833727573251444 0.5907159709321251 -0.557432388453142
vn 0.6953774891667885 0.5068214085454917 -0.5094921072990797
vn -0.11787970470941593 0.8427067716685938 -0.5253091206152026
vn -0.48012615175031464 0.7662561981068078 -0.4270015424659898
vn -0.014783244268877466 0.6514189129929006 -0.758574225428227
vn -0.11787970470941593 0.8427067716685938 -0.5253091206152026
vn -0.014783244268877466 0.6514189129929006 -0.758574225428227
vn 0.1351250993391835 0.8200953146209772 -0.5560439573138942
vn -0.014783244268877466 0.6514189129929006 -0.758574225428227
vn -0.48012615175031464 0.7662561981068078 -0.4270015424659898
vn -0.761923745791212 0.647654350515429 0.004005977774055166
vn -0.014783244268877466 0.6514189129929006 -0.758574225428227
vn -0.761923745791212 0.647654350515429 0.004005977774055166
vn -0.4759419721099431 0.49453716095691175 -0.7272635255646854
vn 0.4535221301441282 0.8758587462006222 -0.16489127985859903
vn 0.7250335398271789 0.6351074158232518 -0.26639244826380076
vn 0.7215604956582352 0.6073086071412127 0.3324555711634895
vn 0.4535221301441282 0.8758587462006222 -0.16489127985859903
vn 0.7215604956582352 0.6073086071412127 0.3324555711634895
vn 0.3561086617914664 0.8688133451034438 0.3440203371419418
vn 0.7215604956582352 0.6073086071412127 0.3324555711634895
vn 0.7250335398271789 0.6351074158232518 -0.26639244826380076
vn 0.6473639291816725 0.7497346842425452 -0.1371781558346581
vn 0.7215604956582352 0.6073086071412127 0.3324555711634895
vn 0.6473639291816725 0.7497346842425452 -0.1371781558346581
vn 0.7808514754712597 0.6124361608654325 0.12325957211822039
vn 0.3561086617914664 0.8688133451034438 0.3440203371419418
vn 0.7215604956582352 0.6073086071412127 0.3324555711634895
vn 0.4597802257623424 0.5843685795369518 0.6686669628805471
vn 0.3561086617914664 0.8688133451034438 0.3440203371419418
vn 0.4597802257623424 0.5843685795369518 0.6686669628805471
vn 0.24045324335105797 0.8368895786560722 0.4917296725832384
vn 0.4597802257623424 0.5843685795369518 0.6686669628805471
vn 0.40181952348881783 0.5771476347582395 0.7109442159805432
vn 0.20398889355681896 0.8577355861775882 0.47188790566198463
vn 0.4597802257623424 0.5843685795369518 0.6686669628805471
vn 0.20398889355681896 0.8577355861775882 0.47188790566198463
vn 0.24045324335105797 0.8368895786560722 0.4917296725832384
vn 0.40181952348881783 0.5771476347582395 0.7109442159805432
vn 0.08841722694844933 0.5848696665585844 0.8062939086452264
vn 0.09478181497016369 0.8295786296149931 0.5502869295531845
vn 0.40181952348881783 0.5771476347582395 0.7109442159805432
vn 0.09478181497016369 0.8295786296149931 0.5502869295531845
vn 0.20398889355681896 0.8577355861775882 0.47188790566198463
vn -0.012778565594379924 0.9997865378776888 0.016235360787339236
vn 0.04920976515977648 0.9811417871596102 0.18692028381683454
vn -0.29222713875881895 0.8976640761461705 0.329852248392331
vn -0.012778565594379924 0.9997865378776888 0.016235360787339236
vn -0.29222713875881895 0.8976640761461705 0.329852248392331
vn -0.3917728001994553 0.9197316501323942 -0.024652885604341677
vn -0.29222713875881895 0.8976640761461705 0.329852248392331
vn -0.5424920698752134 0.6508380368982013 0.5311423574231323
vn -0.6771933504955191 0.7331732462938849 0.062178428442180585
vn -0.29222713875881895 0.8976640761461705 0.329852248392331
vn -0.6771933504955191 0.7331732462938849 0.062178428442180585
vn -0.3917728001994553 0.9197316501323942 -0.024652885604341677
vn -0.3488674752738902 0.5541062578509625 0.7558159430088945
vn 0.08841722694844933 0.5848696665585844 0.8062939086452264
vn 0.40181952348881783 0.5771476347582395 0.7109442159805432
vn -0.3488674752738902 0.5541062578509625 0.7558159430088945
vn 0.40181952348881783 0.5771476347582395 0.7109442159805432
vn -0.14743936623445808 0.5674416062688177 0.8101059540328325
vn -0.5424920698752134 0.6508380368982013 0.5311423574231323
vn -0.3488674752738902 0.5541062578509625 0.7558159430088945
vn -0.7151107061719475 0.6567422089084106 0.2393874452772333
vn -0.5424920698752134 0.6508380368982013 0.5311423574231323
vn -0.7151107061719475 0.6567422089084106 0.2393874452772333
vn -0.6771933504955191 0.7331732462938849 0.062178428442180585
vn -0.3488674752738902 0.5541062578509625 0.7558159430088945
vn -0.14743936623445808 0.5674416062688177 0.8101059540328325
vn -0.761923745791212 0.647654350515429 0.004005977774055166
vn -0.3488674752738902 0.5541062578509625 0.7558159430088945
vn -0.761923745791212 0.647654350515429 0.004005977774055166
vn -0.7151107061719475 0.6567422089084106 0.2393874452772333
vn 0.10585651290771245 0.9429805084218511 0.31556641046138983
vn -0.07886452305049967 0.8086720540871476 0.5829493082099768
vn -0.29222713875881895 0.8976640761461705 0.329852248392331
vn 0.10585651290771245 0.9429805084218511 0.31556641046138983
vn -0.29222713875881895 0.8976640761461705 0.329852248392331
vn 0.04920976515977648 0.9811417871596102 0.18692028381683454
vn -0.29222713875881895 0.8976640761461705 0.329852248392331
vn -0.07886452305049967 0.8086720540871476 0.5829493082099768
vn -0.2748463512052353 0.578684374605608 0.7678436545394414
vn -0.29222713875881895 0.8976640761461705 0.329852248392331
vn -0.2748463512052353 0.578684374605608 0.7678436545394414
vn -0.5424920698752134 0.6508380368982013 0.5311423574231323
vn 0.08841722694844933 0.5848696665585844 0.8062939086452264
vn -0.2748463512052353 0.578684374605608 0.7678436545394414
vn -0.07886452305049967 0.8086720540871476 0.5829493082099768
vn 0.08841722694844933 0.5848696665585844 0.8062939086452264
vn -0.07886452305049967 0.8086720540871476 0.5829493082099768
vn 0.09478181497016369 0.8295786296149931 0.5502869295531845
vn -0.3488674752738902 0.5541062578509625 0.7558159430088945
vn -0.5424920698752134 0.6508380368982013 0.5311423574231323
vn -0.2748463512052353 0.578684374605608 0.7678436545394414
vn -0.3488674752738902 0.5541062578509625 0.7558159430088945
vn -0.2748463512052353 0.578684374605608 0.7678436545394414
vn 0.08841722694844933 0.5848696665585844 0.8062939086452264
vn 0.04844305590177267 0.9902199974570925 -0.1308343493543402
vn 0.06370179240997594 0.98108264209802 0.18280845444815952
vn 0.10768122359263012 0.964456724970749 0.24130474455404138
vn 0.04844305590177267 0.9902199974570925 -0.1308343493543402
vn 0.10768122359263012 0.964456724970749 0.24130474455404138
vn 0.1576833014053925 0.983683688809148 -0.08661626191843753
vn 0.3014931125829165 0.9508185823227865 0.07103468571586335
vn 0.10585651290771245 0.9429805084218511 0.31556641046138983
vn 0.04920976515977648 0.9811417871596102 0.18692028381683454
vn 0.3014931125829165 0.9508185823227865 0.07103468571586335
vn 0.04920976515977648 0.9811417871596102 0.18692028381683454
vn 0.29920376565480933 0.9498618965356067 0.0907716041929545
vn 0.29105416676977297 0.9567018601248395 0.0030038041922671537
vn 0.29920376565480933 0.9498618965356067 0.0907716041929545
vn 0.04920976515977648 0.9811417871596102 0.18692028381683454
vn 0.29105416676977297 0.9567018601248395 0.0030038041922671537
vn 0.04920976515977648 0.9811417871596102 0.18692028381683454
vn -0.012778565594379924 0.9997865378776888 0.016235360787339236
vn 0.26720811019650675 0.9517258656047508 0.1510552964450413
vn 0.1367943459912259 0.9714872017136817 -0.19364897059203048
vn 0.14287814626474643 0.9766831516925736 0.16023687627949842
vn 0.26720811019650675 0.9517258656047508 0.1510552964450413
vn 0.14287814626474643 0.9766831516925736 0.16023687627949842
vn 0.1985633353007337 0.9270100230085574 0.3181587954401428
vn 0.38335559867078484 0.9219603436868924 0.05502371885388785
vn 0.29105416676977297 0.9567018601248395 0.0030038041922671537
vn -0.012778565594379924 0.9997865378776888 0.016235360787339236
vn 0.38335559867078484 0.9219603436868924 0.05502371885388785
vn -0.012778565594379924 0.9997865378776888 0.016235360787339236
vn 0.3247895926526524 0.9415653327314807 0.08925494217565706
vn 0.273931586494772 0.8097766588982463 0.5188672745741927
vn 0.1985633353007337 0.9270100230085574 0.3181587954401428
vn 0.14287814626474643 0.9766831516925736 0.16023687627949842
vn 0.273931586494772 0.8097766588982463 0.5188672745741927
vn 0.14287814626474643 0.9766831516925736 0.16023687627949842
vn 0.0936678483176966 0.8678099611521214 0.4879879153387781
vn 0.3828008843064414 0.7816231887838231 0.49247200299064176
vn 0.26720811019650675 0.9517258656047508 0.1510552964450413
vn 0.1985633353007337 0.9270100230085574 0.3181587954401428
vn 0.3828008843064414 0.7816231887838231 0.49247200299064176
vn 0.1985633353007337 0.9270100230085574 0.3181587954401428
vn 0.273931586494772 0.8097766588982463 0.5188672745741927
vn 0.6474240059272839 0.7521485823406173 0.12294172046977246
vn 0.38335559867078484 0.9219603436868924 0.05502371885388785
vn 0.3247895926526524 0.9415653327314807 0.08925494217565706
vn 0.6474240059272839 0.7521485823406173 0.12294172046977246
vn 0.3247895926526524 0.9415653327314807 0.08925494217565706
vn 0.625566567291133 0.7434323777396276 0.2365898764021656
vn 0.09555708444226692 0.9040722007126969 -0.4165600791139193
vn 0.04844305590177267 0.9902199974570925 -0.1308343493543402
vn 0.1576833014053925 0.983683688809148 -0.08661626191843753
vn 0.09555708444226692 0.9040722007126969 -0.4165600791139193
vn 0.1576833014053925 0.983683688809148 -0.08661626191843753
vn 0.21173328984171677 0.9037764429270363 -0.3719639165066378
vn 0.3014931125829165 0.9508185823227865 0.07103468571586335
vn 0.29920376565480933 0.9498618965356067 0.0907716041929545
vn 0.4985247055324975 0.8641219918690287 -0.06903840338564349
vn 0.3014931125829165 0.9508185823227865 0.07103468571586335
vn 0.4985247055324975 0.8641219918690287 -0.06903840338564349
vn 0.4737471195725882 0.8662475002166575 -0.15867871648418333
vn 0.8391463627494249 0.5042505839809254 0.20387430058569425
vn 0.6474240059272839 0.7521485823406173 0.12294172046977246
vn 0.625566567291133 0.7434323777396276 0.2365898764021656
vn 0.8391463627494249 0.5042505839809254 0.20387430058569425
vn 0.625566567291133 0.7434323777396276 0.2365898764021656
vn 0.7930499418471035 0.5035237429401883 0.3428346978236148
vn 0.4985247055324975 0.8641219918690287 -0.06903840338564349
vn 0.5219620767850232 0.8485696302125514 -0.08651689476165467
vn 0.7033790955976356 0.6768686839017171 -0.21704062437573643
vn 0.4985247055324975 0.8641219918690287 -0.06903840338564349
vn 0.7033790955976356 0.6768686839017171 -0.21704062437573643
vn 0.6675627471112449 0.6990333459329734 -0.2563442215908917
vn 0.4737471195725882 0.8662475002166575 -0.15867871648418333
vn 0.4985247055324975 0.8641219918690287 -0.06903840338564349
vn 0.6675627471112449 0.6990333459329734 -0.2563442215908917
vn 0.4737471195725882 0.8662475002166575 -0.15867871648418333
vn 0.6675627471112449 0.6990333459329734 -0.2563442215908917
vn 0.6032523463431776 0.7216902831997767 -0.3394845236037677
vn 0.09555708444226692 0.9040722007126969 -0.4165600791139193
vn 0.21173328984171677 0.9037764429270363 -0.3719639165066378
vn 0.2527135103347543 0.7629082763512601 -0.5950687721339739
vn 0.09555708444226692 0.9040722007126969 -0.4165600791139193
vn 0.2527135103347543 0.7629082763512601 -0.5950687721339739
vn 0.1280462941119326 0.7514968405145279 -0.6471913513489518
vn -0.34912642453173554 0.7705385692589457 -0.5332739005221079
vn -0.3447171721962807 0.6446163305374122 -0.6823780899160536
vn -0.4499049874641628 0.5715834364478058 -0.6862054192684496
vn -0.34912642453173554 0.7705385692589457 -0.5332739005221079
vn -0.4499049874641628 0.5715834364478058 -0.6862054192684496
vn -0.4863889253245404 0.6481370946617148 -0.585955731984175
vn -0.04043495929388004 0.9988601030004266 -0.02536747328528082
vn -0.012778565594379924 0.9997865378776888 0.016235360787339236
vn -0.3917728001994553 0.9197316501323942 -0.024652885604341677
vn -0.04043495929388004 0.9988601030004266 -0.02536747328528082
vn -0.3917728001994553 0.9197316501323942 -0.024652885604341677
vn -0.40757825658033947 0.8931629789344244 -0.19010486007442307
vn -0.6771933504955191 0.7331732462938849 0.062178428442180585
vn -0.48012615175031464 0.7662561981068078 -0.4270015424659898
vn -0.40757825658033947 0.8931629789344244 -0.19010486007442307
vn -0.6771933504955191 0.7331732462938849 0.062178428442180585
vn -0.40757825658033947 0.8931629789344244 -0.19010486007442307
vn -0.3917728001994553 0.9197316501323942 -0.024652885604341677
vn -0.7151107061719475 0.6567422089084106 0.2393874452772333
vn -0.761923745791212 0.647654350515429 0.004005977774055166
vn -0.48012615175031464 0.7662561981068078 -0.4270015424659898
vn -0.7151107061719475 0.6567422089084106 0.2393874452772333
vn -0.48012615175031464 0.7662561981068078 -0.4270015424659898
vn -0.6771933504955191 0.7331732462938849 0.062178428442180585
vn 0.3247895926526524 0.9415653327314807 0.08925494217565706
vn -0.012778565594379924 0.9997865378776888 0.016235360787339236
vn -0.04043495929388004 0.9988601030004266 -0.02536747328528082
vn 0.3247895926526524 0.9415653327314807 0.08925494217565706
vn -0.04043495929388004 0.9988601030004266 -0.02536747328528082
vn 0.29334488938601233 0.9492698228725687 0.11329421545070309
vn 0.29334488938601233 0.9492698228725687 0.11329421545070309
vn 0.5763562650355422 0.7502928996610712 0.3238425859464157
vn 0.625566567291133 0.7434323777396276 0.2365898764021656
vn 0.29334488938601233 0.9492698228725687 0.11329421545070309
vn 0.625566567291133 0.7434323777396276 0.2365898764021656
vn 0.3247895926526524 0.9415653327314807 0.08925494217565706
vn -0.0898282345066967 0.9821992094682466 -0.1649715163455848
vn 0.04425163909676045 0.9914634825697711 -0.12264564879306235
vn -0.04043495929388004 0.9988601030004266 -0.02536747328528082
vn -0.0898282345066967 0.9821992094682466 -0.1649715163455848
vn -0.04043495929388004 0.9988601030004266 -0.02536747328528082
vn -0.40757825658033947 0.8931629789344244 -0.19010486007442307
vn 0.1367943459912259 0.9714872017136817 -0.19364897059203048
vn 0.04425163909676045 0.9914634825697711 -0.12264564879306235
vn -0.0898282345066967 0.9821992094682466 -0.1649715163455848
vn 0.1367943459912259 0.9714872017136817 -0.19364897059203048
vn -0.0898282345066967 0.9821992094682466 -0.1649715163455848
vn -0.11787970470941593 0.8427067716685938 -0.5253091206152026
vn 0.04425163909676045 0.9914634825697711 -0.12264564879306235
vn 0.24129266264858096 0.9645980092487363 0.10643557443511618
vn 0.29334488938601233 0.9492698228725687 0.11329421545070309
vn 0.04425163909676045 0.9914634825697711 -0.12264564879306235
vn 0.29334488938601233 0.9492698228725687 0.11329421545070309
vn -0.04043495929388004 0.9988601030004266 -0.02536747328528082
vn 0.26720811019650675 0.9517258656047508 0.1510552964450413
vn 0.24129266264858096 0.9645980092487363 0.10643557443511618
vn 0.04425163909676045 0.9914634825697711 -0.12264564879306235
vn 0.26720811019650675 0.9517258656047508 0.1510552964450413
vn 0.04425163909676045 0.9914634825697711 -0.12264564879306235
vn 0.1367943459912259 0.9714872017136817 -0.19364897059203048
vn 0.29334488938601233 0.9492698228725687 0.11329421545070309
vn 0.24129266264858096 0.9645980092487363 0.10643557443511618
vn 0.45669740936923886 0.79593095149265 0.3973932519953387
vn 0.29334488938601233 0.9492698228725687 0.11329421545070309
vn 0.45669740936923886 0.79593095149265 0.3973932519953387
vn 0.5763562650355422 0.7502928996610712 0.3238425859464157
vn 0.45669740936923886 0.79593095149265 0.3973932519953387
vn 0.24129266264858096 0.9645980092487363 0.10643557443511618
vn 0.26720811019650675 0.9517258656047508 0.1510552964450413
vn 0.45669740936923886 0.79593095149265 0.3973932519953387
vn 0.26720811019650675 0.9517258656047508 0.1510552964450413
vn 0.3828008843064414 0.7816231887838231 0.49247200299064176
vn -0.40757825658033947 0.8931629789344244 -0.19010486007442307
vn -0.48012615175031464 0.7662561981068078 -0.4270015424659898
vn -0.11787970470941593 0.8427067716685938 -0.5253091206152026
vn -0.40757825658033947 0.8931629789344244 -0.19010486007442307
vn -0.11787970470941593 0.8427067716685938 -0.5253091206152026
vn -0.0898282345066967 0.9821992094682466 -0.1649715163455848
vn -0.5810668080210192 0.47484622159343826 -0.6609708242083756
vn -0.4863889253245404 0.6481370946617148 -0.585955731984175
vn -0.4499049874641628 0.5715834364478058 -0.6862054192684496
vn -0.5810668080210192 0.47484622159343826 -0.6609708242083756
vn -0.4499049874641628 0.5715834364478058 -0.6862054192684496
vn -0.48466844684099886 0.43183363190246427 -0.7606682660625859
vn -0.4499049874641628 0.5715834364478058 -0.6862054192684496
vn -0.3447171721962807 0.6446163305374122 -0.6823780899160536
vn -0.34088772135636 0.4810960649632207 -0.8076770008520565
vn -0.4499049874641628 0.5715834364478058 -0.6862054192684496
vn -0.34088772135636 0.4810960649632207 -0.8076770008520565
vn -0.48466844684099886 0.43183363190246427 -0.7606682660625859
vn -0.011921918932936449 0.1804505347195963 0.9835118059120432
vn -0.1811353307230868 0.19892003797786434 0.9631307338335345
vn -0.16356302819778815 0.054934432030513826 0.9850022050656813
vn -0.011921918932936449 0.1804505347195963 0.9835118059120432
vn -0.16356302819778815 0.054934432030513826 0.9850022050656813
vn -0.012963952834335202 0.043086224335173215 0.9989872437621254
vn -0.022408791909717094 -0.08315075925481276 0.9962849980203934
vn -0.15499558503935096 -0.07935758854789172 0.9847226725114908
vn -0.15037790360996595 -0.19153730771105346 0.9698968738276627
vn -0.022408791909717094 -0.08315075925481276 0.9962849980203934
vn -0.15037790360996595 -0.19153730771105346 0.9698968738276627
vn -0.014406289686772572 -0.19462764328293303 0.9807714001170671
vn -0.012963952834335202 0.043086224335173215 0.9989872437621254
vn -0.16356302819778815 0.054934432030513826 0.9850022050656813
vn -0.15499558503935096 -0.07935758854789172 0.9847226725114908
vn -0.012963952834335202 0.043086224335173215 0.9989872437621254
vn -0.15499558503935096 -0.07935758854789172 0.9847226725114908
vn -0.022408791909717094 -0.08315075925481276 0.9962849980203934
vn 0.01992185515787805 -0.5894595424979036 0.8075522072567387
vn -0.10270581305250286 -0.5897235677707104 0.8010478322678418
vn -0.0631017754596042 -0.7555033629289916 0.6520987920068786
vn 0.01992185515787805 -0.5894595424979036 0.8075522072567387
vn -0.0631017754596042 -0.7555033629289916 0.6520987920068786
vn 0.10902466141795161 -0.7562098780896813 0.6451823335168828
vn 0.002574996090194694 -0.42726469008142065 0.9041229197430862
vn -0.12280947263746762 -0.42373053644633873 0.8974242396511279
vn -0.10270581305250286 -0.5897235677707104 0.8010478322678418
vn 0.002574996090194694 -0.42726469008142065 0.9041229197430862
vn -0.10270581305250286 -0.5897235677707104 0.8010478322678418
vn 0.01992185515787805 -0.5894595424979036 0.8075522072567387
vn -0.001049002671927441 -0.2998163868045888 0.9539963489431369
vn -0.14055718492631522 -0.29390076648612645 0.9454448779407802
vn -0.12280947263746762 -0.42373053644633873 0.8974242396511279
vn -0.001049002671927441 -0.2998163868045888 0.9539963489431369
vn -0.12280947263746762 -0.42373053644633873 0.8974242396511279
vn 0.002574996090194694 -0.42726469008142065 0.9041229197430862
vn -0.014406289686772572 -0.19462764328293303 0.9807714001170671
vn -0.15037790360996595 -0.19153730771105346 0.9698968738276627
vn -0.14055718492631522 -0.29390076648612645 0.9454448779407802
vn -0.014406289686772572 -0.19462764328293303 0.9807714001170671
vn -0.14055718492631522 -0.29390076648612645 0.9454448779407802
vn -0.001049002671927441 -0.2998163868045888 0.9539963489431369
vn 0.26750600597468716 -0.5773401311131879 0.7714395049345589
vn 0.437840883655865 -0.5537848228067714 0.7082497657100382
vn 0.4852447596797431 -0.3978854069937885 0.7786043450333012
vn 0.26750600597468716 -0.5773401311131879 0.7714395049345589
vn 0.4852447596797431 -0.3978854069937885 0.7786043450333012
vn 0.3440393726284933 -0.3993449690888962 0.8498002740319524
vn 0.30052801701536225 -0.7597105432206155 0.5766479008097155
vn 0.437840883655865 -0.5537848228067714 0.7082497657100382
vn 0.26750600597468716 -0.5773401311131879 0.7714395049345589
vn 0.30052801701536225 -0.7597105432206155 0.5766479008097155
vn 0.26750600597468716 -0.5773401311131879 0.7714395049345589
vn 0.10902466141795161 -0.7562098780896813 0.6451823335168828
vn 0.01992185515787805 -0.5894595424979036 0.8075522072567387
vn 0.10902466141795161 -0.7562098780896813 0.6451823335168828
vn 0.26750600597468716 -0.5773401311131879 0.7714395049345589
vn 0.01992185515787805 -0.5894595424979036 0.8075522072567387
vn 0.26750600597468716 -0.5773401311131879 0.7714395049345589
vn 0.1449064301488612 -0.541873879541888 0.8278736770617462
vn 0.002574996090194694 -0.42726469008142065 0.9041229197430862
vn 0.01992185515787805 -0.5894595424979036 0.8075522072567387
vn 0.1449064301488612 -0.541873879541888 0.8278736770617462
vn 0.002574996090194694 -0.42726469008142065 0.9041229197430862
vn 0.1449064301488612 -0.541873879541888 0.8278736770617462
vn 0.16538409715996888 -0.3990582595050507 0.9018872467927361
vn 0.3440393726284933 -0.3993449690888962 0.8498002740319524
vn 0.16538409715996888 -0.3990582595050507 0.9018872467927361
vn 0.1449064301488612 -0.541873879541888 0.8278736770617462
vn 0.3440393726284933 -0.3993449690888962 0.8498002740319524
vn 0.1449064301488612 -0.541873879541888 0.8278736770617462
vn 0.26750600597468716 -0.5773401311131879 0.7714395049345589
vn 0.5719853132824805 -0.06789816092723724 0.8174488614780998
vn 0.5912625991872569 0.05265848353191927 0.8047581145378079
vn 0.430875869751473 0.05643337891632428 0.9006449126098466
vn 0.5719853132824805 -0.06789816092723724 0.8174488614780998
vn 0.430875869751473 0.05643337891632428 0.9006449126098466
vn 0.3998269460111964 -0.07706578892700028 0.9133451031348551
vn 0.40880063229963226 0.45801694957061123 0.7893684291491857
vn 0.4289231232087366 0.3156371062097168 0.8464030786572193
vn 0.5669309277946235 0.2979630727398821 0.7679891473148139
vn 0.40880063229963226 0.45801694957061123 0.7893684291491857
vn 0.5669309277946235 0.2979630727398821 0.7679891473148139
vn 0.5303807325324225 0.4460843489097926 0.7209057027213043
vn 0.5912625991872569 0.05265848353191927 0.8047581145378079
vn 0.5873110701033094 0.16862070268661028 0.7916013931010856
vn 0.43227834358692147 0.18714263476342788 0.8821071748486969
vn 0.5912625991872569 0.05265848353191927 0.8047581145378079
vn 0.43227834358692147 0.18714263476342788 0.8821071748486969
vn 0.430875869751473 0.05643337891632428 0.9006449126098466
vn 0.4289231232087366 0.3156371062097168 0.8464030786572193
vn 0.43227834358692147 0.18714263476342788 0.8821071748486969
vn 0.5873110701033094 0.16862070268661028 0.7916013931010856
vn 0.4289231232087366 0.3156371062097168 0.8464030786572193
vn 0.5873110701033094 0.16862070268661028 0.7916013931010856
vn 0.5669309277946235 0.2979630727398821 0.7679891473148139
vn 0.4289231232087366 0.3156371062097168 0.8464030786572193
vn 0.40880063229963226 0.45801694957061123 0.7893684291491857
vn 0.2309675045643381 0.4632700915712685 0.8555903424483419
vn 0.4289231232087366 0.3156371062097168 0.8464030786572193
vn 0.2309675045643381 0.4632700915712685 0.8555903424483419
vn 0.23660535815959852 0.32958816448116696 0.9139964695359077
vn 0.23660535815959852 0.32958816448116696 0.9139964695359077
vn 0.2309675045643381 0.4632700915712685 0.8555903424483419
vn 0.04594957323436352 0.4739857005151794 0.8793328109576685
vn 0.23660535815959852 0.32958816448116696 0.9139964695359077
vn 0.04594957323436352 0.4739857005151794 0.8793328109576685
vn 0.017736203887886916 0.33374533527195893 0.9424964075559413
vn 0.43227834358692147 0.18714263476342788 0.8821071748486969
vn 0.4289231232087366 0.3156371062097168 0.8464030786572193
vn 0.23660535815959852 0.32958816448116696 0.9139964695359077
vn 0.43227834358692147 0.18714263476342788 0.8821071748486969
vn 0.23660535815959852 0.32958816448116696 0.9139964695359077
vn 0.2090201773228112 0.18804196252712455 0.959661808034939
vn 0.2090201773228112 0.18804196252712455 0.959661808034939
vn 0.23660535815959852 0.32958816448116696 0.9139964695359077
vn 0.017736203887886916 0.33374533527195893 0.9424964075559413
vn 0.2090201773228112 0.18804196252712455 0.959661808034939
vn 0.017736203887886916 0.33374533527195893 0.9424964075559413
vn -0.011921918932936449 0.1804505347195963 0.9835118059120432
vn 0.5763562650355422 0.7502928996610712 0.3238425859464157
vn 0.7559376904386422 0.4807564765375752 0.44433255388443854
vn 0.7930499418471035 0.5035237429401883 0.3428346978236148
vn 0.5763562650355422 0.7502928996610712 0.3238425859464157
vn 0.7930499418471035 0.5035237429401883 0.3428346978236148
vn 0.625566567291133 0.7434323777396276 0.2365898764021656
vn 0.3828008843064414 0.7816231887838231 0.49247200299064176
vn 0.46563826741699743 0.6037464114280984 0.6470481238706978
vn 0.5524984928960338 0.5988419584080801 0.57977040645206
vn 0.3828008843064414 0.7816231887838231 0.49247200299064176
vn 0.5524984928960338 0.5988419584080801 0.57977040645206
vn 0.45669740936923886 0.79593095149265 0.3973932519953387
vn 0.6160739852322422 0.41809104933031344 0.6675722576545108
vn 0.5524984928960338 0.5988419584080801 0.57977040645206
vn 0.46563826741699743 0.6037464114280984 0.6470481238706978
vn 0.6160739852322422 0.41809104933031344 0.6675722576545108
vn 0.46563826741699743 0.6037464114280984 0.6470481238706978
vn 0.5303807325324225 0.4460843489097926 0.7209057027213043
vn 0.5303807325324225 0.4460843489097926 0.7209057027213043
vn 0.46563826741699743 0.6037464114280984 0.6470481238706978
vn 0.3736600920837084 0.6155186860041694 0.6939127342567619
vn 0.5303807325324225 0.4460843489097926 0.7209057027213043
vn 0.3736600920837084 0.6155186860041694 0.6939127342567619
vn 0.40880063229963226 0.45801694957061123 0.7893684291491857
vn 0.45669740936923886 0.79593095149265 0.3973932519953387
vn 0.5524984928960338 0.5988419584080801 0.57977040645206
vn 0.6438611791921931 0.5891252763875643 0.4882357941102993
vn 0.45669740936923886 0.79593095149265 0.3973932519953387
vn 0.6438611791921931 0.5891252763875643 0.4882357941102993
vn 0.5763562650355422 0.7502928996610712 0.3238425859464157
vn 0.6438611791921931 0.5891252763875643 0.4882357941102993
vn 0.5524984928960338 0.5988419584080801 0.57977040645206
vn 0.6160739852322422 0.41809104933031344 0.6675722576545108
vn 0.6438611791921931 0.5891252763875643 0.4882357941102993
vn 0.6160739852322422 0.41809104933031344 0.6675722576545108
vn 0.6959782985913292 0.43703620987717257 0.5697486806883492
vn 0.6438611791921931 0.5891252763875643 0.4882357941102993
vn 0.6959782985913292 0.43703620987717257 0.5697486806883492
vn 0.7559376904386422 0.4807564765375752 0.44433255388443854
vn 0.6438611791921931 0.5891252763875643 0.4882357941102993
vn 0.7559376904386422 0.4807564765375752 0.44433255388443854
vn 0.5763562650355422 0.7502928996610712 0.3238425859464157
vn 0.8136568504743877 0.2824720680381937 0.5081063475831864
vn 0.7559376904386422 0.4807564765375752 0.44433255388443854
vn 0.6959782985913292 0.43703620987717257 0.5697486806883492
vn 0.8136568504743877 0.2824720680381937 0.5081063475831864
vn 0.6959782985913292 0.43703620987717257 0.5697486806883492
vn 0.7343301058384429 0.2874378140292316 0.6149299136693533
vn 0.8683235166441308 0.2741170487378738 0.4133692224077744
vn 0.7930499418471035 0.5035237429401883 0.3428346978236148
vn 0.7559376904386422 0.4807564765375752 0.44433255388443854
vn 0.8683235166441308 0.2741170487378738 0.4133692224077744
vn 0.7559376904386422 0.4807564765375752 0.44433255388443854
vn 0.8136568504743877 0.2824720680381937 0.5081063475831864
vn 0.9089207286821824 0.2965529646454553 0.2931201940021221
vn 0.8391463627494249 0.5042505839809254 0.20387430058569425
vn 0.7930499418471035 0.5035237429401883 0.3428346978236148
vn 0.9089207286821824 0.2965529646454553 0.2931201940021221
vn 0.7930499418471035 0.5035237429401883 0.3428346978236148
vn 0.8683235166441308 0.2741170487378738 0.4133692224077744
vn 0.6493880825254272 0.276728975365472 0.7083192729745005
vn 0.6160739852322422 0.41809104933031344 0.6675722576545108
vn 0.5303807325324225 0.4460843489097926 0.7209057027213043
vn 0.6493880825254272 0.276728975365472 0.7083192729745005
vn 0.5303807325324225 0.4460843489097926 0.7209057027213043
vn 0.5669309277946235 0.2979630727398821 0.7679891473148139
vn 0.7343301058384429 0.2874378140292316 0.6149299136693533
vn 0.6959782985913292 0.43703620987717257 0.5697486806883492
vn 0.6160739852322422 0.41809104933031344 0.6675722576545108
vn 0.7343301058384429 0.2874378140292316 0.6149299136693533
vn 0.6160739852322422 0.41809104933031344 0.6675722576545108
vn 0.6493880825254272 0.276728975365472 0.7083192729745005
vn 0.430875869751473 0.05643337891632428 0.9006449126098466
vn 0.43227834358692147 0.18714263476342788 0.8821071748486969
vn 0.2090201773228112 0.18804196252712455 0.959661808034939
vn 0.430875869751473 0.05643337891632428 0.9006449126098466
vn 0.2090201773228112 0.18804196252712455 0.959661808034939
vn 0.18359898749971001 0.05226621707924039 0.9816107448175713
vn 0.18359898749971001 0.05226621707924039 0.9816107448175713
vn 0.2090201773228112 0.18804196252712455 0.959661808034939
vn -0.011921918932936449 0.1804505347195963 0.9835118059120432
vn 0.18359898749971001 0.05226621707924039 0.9816107448175713
vn -0.011921918932936449 0.1804505347195963 0.9835118059120432
vn -0.012963952834335202 0.043086224335173215 0.9989872437621254
vn 0.3998269460111964 -0.07706578892700028 0.9133451031348551
vn 0.430875869751473 0.05643337891632428 0.9006449126098466
vn 0.18359898749971001 0.05226621707924039 0.9816107448175713
vn 0.3998269460111964 -0.07706578892700028 0.9133451031348551
vn 0.18359898749971001 0.05226621707924039 0.9816107448175713
vn 0.1649594544054343 -0.07479931327794853 0.9834599336706142
vn 0.1649594544054343 -0.07479931327794853 0.9834599336706142
vn 0.18359898749971001 0.05226621707924039 0.9816107448175713
vn -0.012963952834335202 0.043086224335173215 0.9989872437621254
vn 0.1649594544054343 -0.07479931327794853 0.9834599336706142
vn -0.012963952834335202 0.043086224335173215 0.9989872437621254
vn -0.022408791909717094 -0.08315075925481276 0.9962849980203934
vn 0.5267110149141718 -0.2773769042155764 0.8035157495506022
vn 0.36665839709621634 -0.2945475534308251 0.882498361815334
vn 0.3440393726284933 -0.3993449690888962 0.8498002740319524
vn 0.5267110149141718 -0.2773769042155764 0.8035157495506022
vn 0.3440393726284933 -0.3993449690888962 0.8498002740319524
vn 0.4852447596797431 -0.3978854069937885 0.7786043450333012
vn 0.16538409715996888 -0.3990582595050507 0.9018872467927361
vn 0.3440393726284933 -0.3993449690888962 0.8498002740319524
vn 0.36665839709621634 -0.2945475534308251 0.882498361815334
vn 0.16538409715996888 -0.3990582595050507 0.9018872467927361
vn 0.36665839709621634 -0.2945475534308251 0.882498361815334
vn 0.16714214049187884 -0.29536067929297377 0.9406516751696061
vn 0.16538409715996888 -0.3990582595050507 0.9018872467927361
vn 0.16714214049187884 -0.29536067929297377 0.9406516751696061
vn -0.001049002671927441 -0.2998163868045888 0.9539963489431369
vn 0.16538409715996888 -0.3990582595050507 0.9018872467927361
vn -0.001049002671927441 -0.2998163868045888 0.9539963489431369
vn 0.002574996090194694 -0.42726469008142065 0.9041229197430862
vn 0.3998269460111964 -0.07706578892700028 0.9133451031348551
vn 0.3859303370752601 -0.19220236694466922 0.9022837830005829
vn 0.5544206517080502 -0.17017997589540723 0.8146511626235241
vn 0.3998269460111964 -0.07706578892700028 0.9133451031348551
vn 0.5544206517080502 -0.17017997589540723 0.8146511626235241
vn 0.5719853132824805 -0.06789816092723724 0.8174488614780998
vn 0.5267110149141718 -0.2773769042155764 0.8035157495506022
vn 0.5544206517080502 -0.17017997589540723 0.8146511626235241
vn 0.3859303370752601 -0.19220236694466922 0.9022837830005829
vn 0.5267110149141718 -0.2773769042155764 0.8035157495506022
vn 0.3859303370752601 -0.19220236694466922 0.9022837830005829
vn 0.36665839709621634 -0.2945475534308251 0.882498361815334
vn 0.1733311853680954 -0.19373421307424094 0.9656207096284729
vn 0.3859303370752601 -0.19220236694466922 0.9022837830005829
vn 0.3998269460111964 -0.07706578892700028 0.9133451031348551
vn 0.1733311853680954 -0.19373421307424094 0.9656207096284729
vn 0.3998269460111964 -0.07706578892700028 0.9133451031348551
vn 0.1649594544054343 -0.07479931327794853 0.9834599336706142
vn 0.3859303370752601 -0.19220236694466922 0.9022837830005829
vn 0.1733311853680954 -0.19373421307424094 0.9656207096284729
vn 0.16714214049187884 -0.29536067929297377 0.9406516751696061
vn 0.3859303370752601 -0.19220236694466922 0.9022837830005829
vn 0.16714214049187884 -0.29536067929297377 0.9406516751696061
vn 0.36665839709621634 -0.2945475534308251 0.882498361815334
vn -0.001049002671927441 -0.2998163868045888 0.9539963489431369
vn 0.16714214049187884 -0.29536067929297377 0.9406516751696061
vn 0.1733311853680954 -0.19373421307424094 0.9656207096284729
vn -0.001049002671927441 -0.2998163868045888 0.9539963489431369
vn 0.1733311853680954 -0.19373421307424094 0.9656207096284729
vn -0.014406289686772572 -0.19462764328293303 0.9807714001170671
vn -0.014406289686772572 -0.19462764328293303 0.9807714001170671
vn 0.1733311853680954 -0.19373421307424094 0.9656207096284729
vn 0.1649594544054343 -0.07479931327794853 0.9834599336706142
vn -0.014406289686772572 -0.19462764328293303 0.9807714001170671
vn 0.1649594544054343 -0.07479931327794853 0.9834599336706142
vn -0.022408791909717094 -0.08315075925481276 0.9962849980203934
vn 0.605166751784352 0.795950580187862 -0.015358269218332003
vn 0.29105416676977297 0.9567018601248395 0.0030038041922671537
vn 0.38335559867078484 0.9219603436868924 0.05502371885388785
vn 0.605166751784352 0.795950580187862 -0.015358269218332003
vn 0.38335559867078484 0.9219603436868924 0.05502371885388785
vn 0.6474240059272839 0.7521485823406173 0.12294172046977246
vn 0.29920376565480933 0.9498618965356067 0.0907716041929545
vn 0.29105416676977297 0.9567018601248395 0.0030038041922671537
vn 0.5219620767850232 0.8485696302125514 -0.08651689476165467
vn 0.29920376565480933 0.9498618965356067 0.0907716041929545
vn 0.5219620767850232 0.8485696302125514 -0.08651689476165467
vn 0.4985247055324975 0.8641219918690287 -0.06903840338564349
vn 0.6605858117006502 0.7414425654702975 -0.1178529061526132
vn 0.7656182409143226 0.6212302382231457 -0.16703802051171496
vn 0.7033790955976356 0.6768686839017171 -0.21704062437573643
vn 0.6605858117006502 0.7414425654702975 -0.1178529061526132
vn 0.7033790955976356 0.6768686839017171 -0.21704062437573643
vn 0.5219620767850232 0.8485696302125514 -0.08651689476165467
vn 0.605166751784352 0.795950580187862 -0.015358269218332003
vn 0.6605858117006502 0.7414425654702975 -0.1178529061526132
vn 0.5219620767850232 0.8485696302125514 -0.08651689476165467
vn 0.605166751784352 0.795950580187862 -0.015358269218332003
vn 0.5219620767850232 0.8485696302125514 -0.08651689476165467
vn 0.29105416676977297 0.9567018601248395 0.0030038041922671537
vn 0.9089207286821824 0.2965529646454553 0.2931201940021221
vn 0.8683235166441308 0.2741170487378738 0.4133692224077744
vn 0.8935018272336078 0.12170240076480804 0.4322534099093795
vn 0.9089207286821824 0.2965529646454553 0.2931201940021221
vn 0.8935018272336078 0.12170240076480804 0.4322534099093795
vn 0.9342640071635907 0.12283908108113722 0.33475561993456043
vn 0.8935018272336078 0.12170240076480804 0.4322534099093795
vn 0.8683235166441308 0.2741170487378738 0.4133692224077744
vn 0.8136568504743877 0.2824720680381937 0.5081063475831864
vn 0.8935018272336078 0.12170240076480804 0.4322534099093795
vn 0.8136568504743877 0.2824720680381937 0.5081063475831864
vn 0.8450582088659968 0.13505669438278023 0.5173357835396561
vn 0.6640478813186041 0.1544741216682288 0.7315587174322389
vn 0.6493880825254272 0.276728975365472 0.7083192729745005
vn 0.5669309277946235 0.2979630727398821 0.7679891473148139
vn 0.6640478813186041 0.1544741216682288 0.7315587174322389
vn 0.5669309277946235 0.2979630727398821 0.7679891473148139
vn 0.5873110701033094 0.16862070268661028 0.7916013931010856
vn 0.7463827320622924 0.15358849138739525 0.6475518454861914
vn 0.7343301058384429 0.2874378140292316 0.6149299136693533
vn 0.6493880825254272 0.276728975365472 0.7083192729745005
vn 0.7463827320622924 0.15358849138739525 0.6475518454861914
vn 0.6493880825254272 0.276728975365472 0.7083192729745005
vn 0.6640478813186041 0.1544741216682288 0.7315587174322389
vn 0.8450582088659968 0.13505669438278023 0.5173357835396561
vn 0.8136568504743877 0.2824720680381937 0.5081063475831864
vn 0.7343301058384429 0.2874378140292316 0.6149299136693533
vn 0.8450582088659968 0.13505669438278023 0.5173357835396561
vn 0.7343301058384429 0.2874378140292316 0.6149299136693533
vn 0.7463827320622924 0.15358849138739525 0.6475518454861914
vn 0.8450582088659968 0.13505669438278023 0.5173357835396561
vn 0.7463827320622924 0.15358849138739525 0.6475518454861914
vn 0.7607754410674191 0.03204873254095477 0.6482234236829092
vn 0.8450582088659968 0.13505669438278023 0.5173357835396561
vn 0.7607754410674191 0.03204873254095477 0.6482234236829092
vn 0.8540332918298893 0.018308879935716237 0.5198960678459713
vn 0.8935018272336078 0.12170240076480804 0.4322534099093795
vn 0.8450582088659968 0.13505669438278023 0.5173357835396561
vn 0.8540332918298893 0.018308879935716237 0.5198960678459713
vn 0.8935018272336078 0.12170240076480804 0.4322534099093795
vn 0.8540332918298893 0.018308879935716237 0.5198960678459713
vn 0.9035922476785289 0.0068656009354837975 0.42833855005014315
vn 0.9342640071635907 0.12283908108113722 0.33475561993456043
vn 0.8935018272336078 0.12170240076480804 0.4322534099093795
vn 0.9035922476785289 0.0068656009354837975 0.42833855005014315
vn 0.9342640071635907 0.12283908108113722 0.33475561993456043
vn 0.9035922476785289 0.0068656009354837975 0.42833855005014315
vn 0.9377731681212993 -0.01564230530798038 0.3468959547708699
vn 0.6772263653230184 0.04998124782445548 0.734075149407255
vn 0.6640478813186041 0.1544741216682288 0.7315587174322389
vn 0.5873110701033094 0.16862070268661028 0.7916013931010856
vn 0.6772263653230184 0.04998124782445548 0.734075149407255
vn 0.5873110701033094 0.16862070268661028 0.7916013931010856
vn 0.5912625991872569 0.05265848353191927 0.8047581145378079
vn 0.7607754410674191 0.03204873254095477 0.6482234236829092
vn 0.7463827320622924 0.15358849138739525 0.6475518454861914
vn 0.6640478813186041 0.1544741216682288 0.7315587174322389
vn 0.7607754410674191 0.03204873254095477 0.6482234236829092
vn 0.6640478813186041 0.1544741216682288 0.7315587174322389
vn 0.6772263653230184 0.04998124782445548 0.734075149407255
vn 0.8540332918298893 0.018308879935716237 0.5198960678459713
vn 0.7607754410674191 0.03204873254095477 0.6482234236829092
vn 0.7625417266542206 -0.06255967376517393 0.6439071379706819
vn 0.8540332918298893 0.018308879935716237 0.5198960678459713
vn 0.7625417266542206 -0.06255967376517393 0.6439071379706819
vn 0.8515039770451501 -0.06752518162588696 0.5199820448079756
vn 0.7625417266542206 -0.06255967376517393 0.6439071379706819
vn 0.7607754410674191 0.03204873254095477 0.6482234236829092
vn 0.6772263653230184 0.04998124782445548 0.734075149407255
vn 0.7625417266542206 -0.06255967376517393 0.6439071379706819
vn 0.6772263653230184 0.04998124782445548 0.734075149407255
vn 0.6684318113670411 -0.0557026094724602 0.7416846586323158
vn 0.6684318113670411 -0.0557026094724602 0.7416846586323158
vn 0.6772263653230184 0.04998124782445548 0.734075149407255
vn 0.5912625991872569 0.05265848353191927 0.8047581145378079
vn 0.6684318113670411 -0.0557026094724602 0.7416846586323158
vn 0.5912625991872569 0.05265848353191927 0.8047581145378079
vn 0.5719853132824805 -0.06789816092723724 0.8174488614780998
vn 0.8196125277205758 -0.2709147838485014 0.504817278127253
vn 0.728257560331582 -0.27009236307178014 0.6298341378729753
vn 0.6891331667068207 -0.404856185876464 0.6009883087899391
vn 0.8196125277205758 -0.2709147838485014 0.504817278127253
vn 0.6891331667068207 -0.404856185876464 0.6009883087899391
vn 0.775801445923257 -0.399724651390821 0.48821339552891246
vn 0.6279647184967168 -0.27689177866549525 0.7273178502077324
vn 0.5267110149141718 -0.2773769042155764 0.8035157495506022
vn 0.4852447596797431 -0.3978854069937885 0.7786043450333012
vn 0.6279647184967168 -0.27689177866549525 0.7273178502077324
vn 0.4852447596797431 -0.3978854069937885 0.7786043450333012
vn 0.5972040364304292 -0.4036038746731455 0.6931459090408211
vn 0.728257560331582 -0.27009236307178014 0.6298341378729753
vn 0.6279647184967168 -0.27689177866549525 0.7273178502077324
vn 0.5972040364304292 -0.4036038746731455 0.6931459090408211
vn 0.728257560331582 -0.27009236307178014 0.6298341378729753
vn 0.5972040364304292 -0.4036038746731455 0.6931459090408211
vn 0.6891331667068207 -0.404856185876464 0.6009883087899391
vn 0.8403807945926113 -0.16059932351831588 0.5176562347401512
vn 0.74967870060691 -0.15565845381406046 0.6432357978319855
vn 0.728257560331582 -0.27009236307178014 0.6298341378729753
vn 0.8403807945926113 -0.16059932351831588 0.5176562347401512
vn 0.728257560331582 -0.27009236307178014 0.6298341378729753
vn 0.8196125277205758 -0.2709147838485014 0.504817278127253
vn 0.74967870060691 -0.15565845381406046 0.6432357978319855
vn 0.8403807945926113 -0.16059932351831588 0.5176562347401512
vn 0.8515039770451501 -0.06752518162588696 0.5199820448079756
vn 0.74967870060691 -0.15565845381406046 0.6432357978319855
vn 0.8515039770451501 -0.06752518162588696 0.5199820448079756
vn 0.7625417266542206 -0.06255967376517393 0.6439071379706819
vn 0.654951279295191 -0.1644531956201873 0.7375594675684808
vn 0.5544206517080502 -0.17017997589540723 0.8146511626235241
vn 0.5267110149141718 -0.2773769042155764 0.8035157495506022
vn 0.654951279295191 -0.1644531956201873 0.7375594675684808
vn 0.5267110149141718 -0.2773769042155764 0.8035157495506022
vn 0.6279647184967168 -0.27689177866549525 0.7273178502077324
vn 0.5544206517080502 -0.17017997589540723 0.8146511626235241
vn 0.654951279295191 -0.1644531956201873 0.7375594675684808
vn 0.6684318113670411 -0.0557026094724602 0.7416846586323158
vn 0.5544206517080502 -0.17017997589540723 0.8146511626235241
vn 0.6684318113670411 -0.0557026094724602 0.7416846586323158
vn 0.5719853132824805 -0.06789816092723724 0.8174488614780998
vn 0.74967870060691 -0.15565845381406046 0.6432357978319855
vn 0.654951279295191 -0.1644531956201873 0.7375594675684808
vn 0.6279647184967168 -0.27689177866549525 0.7273178502077324
vn 0.74967870060691 -0.15565845381406046 0.6432357978319855
vn 0.6279647184967168 -0.27689177866549525 0.7273178502077324
vn 0.728257560331582 -0.27009236307178014 0.6298341378729753
vn 0.654951279295191 -0.1644531956201873 0.7375594675684808
vn 0.74967870060691 -0.15565845381406046 0.6432357978319855
vn 0.7625417266542206 -0.06255967376517393 0.6439071379706819
vn 0.654951279295191 -0.1644531956201873 0.7375594675684808
vn 0.7625417266542206 -0.06255967376517393 0.6439071379706819
vn 0.6684318113670411 -0.0557026094724602 0.7416846586323158
vn 0.9319622260188792 -0.18425618264839408 0.3122436043056395
vn 0.8979502944862032 -0.1636451843144436 0.40854072291857585
vn 0.8792724505115678 -0.26130225084900693 0.39824752538167224
vn 0.9319622260188792 -0.18425618264839408 0.3122436043056395
vn 0.8792724505115678 -0.26130225084900693 0.39824752538167224
vn 0.9184450844474371 -0.2593615954991037 0.2986472662431375
vn 0.8196125277205758 -0.2709147838485014 0.504817278127253
vn 0.8792724505115678 -0.26130225084900693 0.39824752538167224
vn 0.8979502944862032 -0.1636451843144436 0.40854072291857585
vn 0.8196125277205758 -0.2709147838485014 0.504817278127253
vn 0.8979502944862032 -0.1636451843144436 0.40854072291857585
vn 0.8403807945926113 -0.16059932351831588 0.5176562347401512
vn 0.9382288552128075 -0.09958431002946559 0.33137528640805397
vn 0.9059938788472776 -0.07514982556198924 0.41656643552891653
vn 0.8979502944862032 -0.1636451843144436 0.40854072291857585
vn 0.9382288552128075 -0.09958431002946559 0.33137528640805397
vn 0.8979502944862032 -0.1636451843144436 0.40854072291857585
vn 0.9319622260188792 -0.18425618264839408 0.3122436043056395
vn 0.8403807945926113 -0.16059932351831588 0.5176562347401512
vn 0.8979502944862032 -0.1636451843144436 0.40854072291857585
vn 0.9059938788472776 -0.07514982556198924 0.41656643552891653
vn 0.8403807945926113 -0.16059932351831588 0.5176562347401512
vn 0.9059938788472776 -0.07514982556198924 0.41656643552891653
vn 0.8515039770451501 -0.06752518162588696 0.5199820448079756
vn 0.9377731681212993 -0.01564230530798038 0.3468959547708699
vn 0.9035922476785289 0.0068656009354837975 0.42833855005014315
vn 0.9059938788472776 -0.07514982556198924 0.41656643552891653
vn 0.9377731681212993 -0.01564230530798038 0.3468959547708699
vn 0.9059938788472776 -0.07514982556198924 0.41656643552891653
vn 0.9382288552128075 -0.09958431002946559 0.33137528640805397
vn 0.8515039770451501 -0.06752518162588696 0.5199820448079756
vn 0.9059938788472776 -0.07514982556198924 0.41656643552891653
vn 0.9035922476785289 0.0068656009354837975 0.42833855005014315
vn 0.8515039770451501 -0.06752518162588696 0.5199820448079756
vn 0.9035922476785289 0.0068656009354837975 0.42833855005014315
vn 0.8540332918298893 0.018308879935716237 0.5198960678459713
vn 0.8792724505115678 -0.26130225084900693 0.39824752538167224
vn 0.835486907280939 -0.3902754231527599 0.38684198562858435
vn 0.8812036075183838 -0.36888485147428723 0.29564195989300834
vn 0.8792724505115678 -0.26130225084900693 0.39824752538167224
vn 0.8812036075183838 -0.36888485147428723 0.29564195989300834
vn 0.9184450844474371 -0.2593615954991037 0.2986472662431375
vn 0.775801445923257 -0.399724651390821 0.48821339552891246
vn 0.835486907280939 -0.3902754231527599 0.38684198562858435
vn 0.8792724505115678 -0.26130225084900693 0.39824752538167224
vn 0.775801445923257 -0.399724651390821 0.48821339552891246
vn 0.8792724505115678 -0.26130225084900693 0.39824752538167224
vn 0.8196125277205758 -0.2709147838485014 0.504817278127253
vn 0.8544441302537094 0.16783710644945987 -0.4916868250966818
vn 0.9103282927983564 0.1760755179300174 -0.37456616413726723
vn 0.9215745737059328 0.04920645691611458 -0.38507016204386796
vn 0.8544441302537094 0.16783710644945987 -0.4916868250966818
vn 0.9215745737059328 0.04920645691611458 -0.38507016204386796
vn 0.8501029779216641 0.03356157218967695 -0.5255459521306161
vn 0.9103282927983564 0.1760755179300174 -0.37456616413726723
vn 0.8544441302537094 0.16783710644945987 -0.4916868250966818
vn 0.8299553036786177 0.33163869659263495 -0.44854204799335323
vn 0.9103282927983564 0.1760755179300174 -0.37456616413726723
vn 0.8299553036786177 0.33163869659263495 -0.44854204799335323
vn 0.8773074202888005 0.33528385118022663 -0.3433896175541211
vn 0.966902907237054 0.03013216084087694 -0.2533590749501434
vn 0.9215745737059328 0.04920645691611458 -0.38507016204386796
vn 0.9103282927983564 0.1760755179300174 -0.37456616413726723
vn 0.966902907237054 0.03013216084087694 -0.2533590749501434
vn 0.9103282927983564 0.1760755179300174 -0.37456616413726723
vn 0.9536317588618952 0.16288017612311595 -0.2530938891322168
vn 0.9103282927983564 0.1760755179300174 -0.37456616413726723
vn 0.8773074202888005 0.33528385118022663 -0.3433896175541211
vn 0.916149951821059 0.31771546482053176 -0.244389339358625
vn 0.9103282927983564 0.1760755179300174 -0.37456616413726723
vn 0.916149951821059 0.31771546482053176 -0.244389339358625
vn 0.9536317588618952 0.16288017612311595 -0.2530938891322168
vn 0.9989509971221877 0.011061218710428646 -0.0444359627917204
vn 0.966902907237054 0.03013216084087694 -0.2533590749501434
vn 0.9536317588618952 0.16288017612311595 -0.2530938891322168
vn 0.9989509971221877 0.011061218710428646 -0.0444359627917204
vn 0.9536317588618952 0.16288017612311595 -0.2530938891322168
vn 0.9863766752531284 0.15257170055076757 -0.061505533959405057
vn 0.9863766752531284 0.15257170055076757 -0.061505533959405057
vn 0.9536317588618952 0.16288017612311595 -0.2530938891322168
vn 0.916149951821059 0.31771546482053176 -0.244389339358625
vn 0.9863766752531284 0.15257170055076757 -0.061505533959405057
vn 0.916149951821059 0.31771546482053176 -0.244389339358625
vn 0.9485136121198531 0.308734021698963 -0.07074766051915103
vn 0.9215745737059328 0.04920645691611458 -0.38507016204386796
vn 0.966902907237054 0.03013216084087694 -0.2533590749501434
vn 0.9673747511600063 -0.07171401796125683 -0.24298804589108589
vn 0.9215745737059328 0.04920645691611458 -0.38507016204386796
vn 0.9673747511600063 -0.07171401796125683 -0.24298804589108589
vn 0.9128733662082751 -0.07591396148834781 -0.4011225345436461
vn 0.8501029779216641 0.03356157218967695 -0.5255459521306161
vn 0.9215745737059328 0.04920645691611458 -0.38507016204386796
vn 0.9128733662082751 -0.07591396148834781 -0.4011225345436461
vn 0.8501029779216641 0.03356157218967695 -0.5255459521306161
vn 0.9128733662082751 -0.07591396148834781 -0.4011225345436461
vn 0.8314311556916776 -0.09801748683212662 -0.5469138923270421
vn 0.966902907237054 0.03013216084087694 -0.2533590749501434
vn 0.9989509971221877 0.011061218710428646 -0.0444359627917204
vn 0.9942461399234661 -0.09728818634471237 -0.04482880820459098
vn 0.966902907237054 0.03013216084087694 -0.2533590749501434
vn 0.9942461399234661 -0.09728818634471237 -0.04482880820459098
vn 0.9673747511600063 -0.07171401796125683 -0.24298804589108589
vn 0.9128733662082751 -0.07591396148834781 -0.4011225345436461
vn 0.9673747511600063 -0.07171401796125683 -0.24298804589108589
vn 0.9574366948783622 -0.16936341939200233 -0.23373276935904042
vn 0.9128733662082751 -0.07591396148834781 -0.4011225345436461
vn 0.9574366948783622 -0.16936341939200233 -0.23373276935904042
vn 0.8972388841070906 -0.18120271473209287 -0.40265116542732426
vn 0.8129800444143644 -0.19303998897927757 -0.5493623667843465
vn 0.8314311556916776 -0.09801748683212662 -0.5469138923270421
vn 0.9128733662082751 -0.07591396148834781 -0.4011225345436461
vn 0.8129800444143644 -0.19303998897927757 -0.5493623667843465
vn 0.9128733662082751 -0.07591396148834781 -0.4011225345436461
vn 0.8972388841070906 -0.18120271473209287 -0.40265116542732426
vn 0.9673747511600063 -0.07171401796125683 -0.24298804589108589
vn 0.9942461399234661 -0.09728818634471237 -0.04482880820459098
vn 0.9806211322171792 -0.19001928885975447 -0.047695543925308
vn 0.9673747511600063 -0.07171401796125683 -0.24298804589108589
vn 0.9806211322171792 -0.19001928885975447 -0.047695543925308
vn 0.9574366948783622 -0.16936341939200233 -0.23373276935904042
vn 0.8972388841070906 -0.18120271473209287 -0.40265116542732426
vn 0.9574366948783622 -0.16936341939200233 -0.23373276935904042
vn 0.9360934563289377 -0.26816382271996153 -0.22763392805634314
vn 0.8972388841070906 -0.18120271473209287 -0.40265116542732426
vn 0.9360934563289377 -0.26816382271996153 -0.22763392805634314
vn 0.8636053238044489 -0.28570703841470546 -0.4154002081088922
vn 0.8129800444143644 -0.19303998897927757 -0.5493623667843465
vn 0.8972388841070906 -0.18120271473209287 -0.40265116542732426
vn 0.8636053238044489 -0.28570703841470546 -0.4154002081088922
vn 0.8129800444143644 -0.19303998897927757 -0.5493623667843465
vn 0.8636053238044489 -0.28570703841470546 -0.4154002081088922
vn 0.773322718278849 -0.28308126364933794 -0.5673067702438478
vn 0.9360934563289377 -0.26816382271996153 -0.22763392805634314
vn 0.9574366948783622 -0.16936341939200233 -0.23373276935904042
vn 0.9806211322171792 -0.19001928885975447 -0.047695543925308
vn 0.9360934563289377 -0.26816382271996153 -0.22763392805634314
vn 0.9806211322171792 -0.19001928885975447 -0.047695543925308
vn 0.9613173574437041 -0.2723733452041771 -0.04100852472035387
vn 0.8636053238044489 -0.28570703841470546 -0.4154002081088922
vn 0.9360934563289377 -0.26816382271996153 -0.22763392805634314
vn 0.8878895195535783 -0.39376977310042455 -0.23790243138596906
vn 0.8636053238044489 -0.28570703841470546 -0.4154002081088922
vn 0.8878895195535783 -0.39376977310042455 -0.23790243138596906
vn 0.8167555144566334 -0.3994130217873693 -0.4163888418670251
vn 0.773322718278849 -0.28308126364933794 -0.5673067702438478
vn 0.8636053238044489 -0.28570703841470546 -0.4154002081088922
vn 0.8167555144566334 -0.3994130217873693 -0.4163888418670251
vn 0.773322718278849 -0.28308126364933794 -0.5673067702438478
vn 0.8167555144566334 -0.3994130217873693 -0.4163888418670251
vn 0.7252952843578542 -0.38705308680389866 -0.5693300084167645
vn 0.9360934563289377 -0.26816382271996153 -0.22763392805634314
vn 0.9613173574437041 -0.2723733452041771 -0.04100852472035387
vn 0.9216164483532719 -0.38527847214440886 -0.04672923096704064
vn 0.9360934563289377 -0.26816382271996153 -0.22763392805634314
vn 0.9216164483532719 -0.38527847214440886 -0.04672923096704064
vn 0.8878895195535783 -0.39376977310042455 -0.23790243138596906
vn -0.05968106733383668 -0.9945557916856574 0.08542217174954733
vn 0.005528036271898582 -0.9958247114048666 -0.09111852155512054
vn -0.3322413002034051 -0.9429393718375044 -0.021933068135657305
vn -0.05968106733383668 -0.9945557916856574 0.08542217174954733
vn -0.3322413002034051 -0.9429393718375044 -0.021933068135657305
vn -0.3040328555917835 -0.9269755850532798 0.21972775754518434
vn 0.005528036271898582 -0.9958247114048666 -0.09111852155512054
vn -0.05968106733383668 -0.9945557916856574 0.08542217174954733
vn 0.3037559587556387 -0.9417964153769841 -0.14405495306828614
vn 0.005528036271898582 -0.9958247114048666 -0.09111852155512054
vn 0.3037559587556387 -0.9417964153769841 -0.14405495306828614
vn 0.30497611920535495 -0.9405023796808706 -0.14981602227085308
vn -0.3322413002034051 -0.9429393718375044 -0.021933068135657305
vn 0.005528036271898582 -0.9958247114048666 -0.09111852155512054
vn -0.0995257582820857 -0.9883929035735133 -0.11477844572869712
vn -0.3322413002034051 -0.9429393718375044 -0.021933068135657305
vn -0.0995257582820857 -0.9883929035735133 -0.11477844572869712
vn -0.4365806260691686 -0.8788829232727602 -0.19225546577556726
vn 0.9216164483532719 -0.38527847214440886 -0.04672923096704064
vn 0.8344101514147062 -0.5461040241725889 -0.07436460178466267
vn 0.8036998171256767 -0.5457221601747481 -0.2371791049952766
vn 0.9216164483532719 -0.38527847214440886 -0.04672923096704064
vn 0.8036998171256767 -0.5457221601747481 -0.2371791049952766
vn 0.8878895195535783 -0.39376977310042455 -0.23790243138596906
vn 0.6892665352495371 -0.6892666621625251 -0.2232109133004702
vn 0.8036998171256767 -0.5457221601747481 -0.2371791049952766
vn 0.8344101514147062 -0.5461040241725889 -0.07436460178466267
vn 0.6892665352495371 -0.6892666621625251 -0.2232109133004702
vn 0.8344101514147062 -0.5461040241725889 -0.07436460178466267
vn 0.7243419514677063 -0.6842915546440331 -0.08410591885716105
vn 0.8036998171256767 -0.5457221601747481 -0.2371791049952766
vn 0.7441962255614697 -0.5421348875661695 -0.3902073058563601
vn 0.8167555144566334 -0.3994130217873693 -0.4163888418670251
vn 0.8036998171256767 -0.5457221601747481 -0.2371791049952766
vn 0.8167555144566334 -0.3994130217873693 -0.4163888418670251
vn 0.8878895195535783 -0.39376977310042455 -0.23790243138596906
vn 0.7441962255614697 -0.5421348875661695 -0.3902073058563601
vn 0.8036998171256767 -0.5457221601747481 -0.2371791049952766
vn 0.6892665352495371 -0.6892666621625251 -0.2232109133004702
vn 0.7441962255614697 -0.5421348875661695 -0.3902073058563601
vn 0.6892665352495371 -0.6892666621625251 -0.2232109133004702
vn 0.6306912258743336 -0.6932266503621665 -0.34880566055151846
vn 0.6891331667068207 -0.404856185876464 0.6009883087899391
vn 0.6044721555501397 -0.5650127566462829 0.56158169307015
vn 0.7041370824087639 -0.5469840458820361 0.45276861941547114
vn 0.6891331667068207 -0.404856185876464 0.6009883087899391
vn 0.7041370824087639 -0.5469840458820361 0.45276861941547114
vn 0.775801445923257 -0.399724651390821 0.48821339552891246
vn 0.5676207657950646 -0.717396367849776 0.4039172163131614
vn 0.7041370824087639 -0.5469840458820361 0.45276861941547114
vn 0.6044721555501397 -0.5650127566462829 0.56158169307015
vn 0.5676207657950646 -0.717396367849776 0.4039172163131614
vn 0.6044721555501397 -0.5650127566462829 0.56158169307015
vn 0.47278512010127843 -0.7422669210407794 0.4748831942061763
vn 0.775801445923257 -0.399724651390821 0.48821339552891246
vn 0.7041370824087639 -0.5469840458820361 0.45276861941547114
vn 0.7674530522378588 -0.5319888768278469 0.35777597395890176
vn 0.775801445923257 -0.399724651390821 0.48821339552891246
vn 0.7674530522378588 -0.5319888768278469 0.35777597395890176
vn 0.835486907280939 -0.3902754231527599 0.38684198562858435
vn 0.6807787423595418 -0.6578826230339552 0.3220725978119272
vn 0.7674530522378588 -0.5319888768278469 0.35777597395890176
vn 0.7041370824087639 -0.5469840458820361 0.45276861941547114
vn 0.6807787423595418 -0.6578826230339552 0.3220725978119272
vn 0.7041370824087639 -0.5469840458820361 0.45276861941547114
vn 0.5676207657950646 -0.717396367849776 0.4039172163131614
vn 0.835486907280939 -0.3902754231527599 0.38684198562858435
vn 0.7674530522378588 -0.5319888768278469 0.35777597395890176
vn 0.8030246877425186 -0.5233966410348717 0.2849689580102435
vn 0.835486907280939 -0.3902754231527599 0.38684198562858435
vn 0.8030246877425186 -0.5233966410348717 0.2849689580102435
vn 0.8812036075183838 -0.36888485147428723 0.29564195989300834
vn 0.7028092667703556 -0.6707594381071327 0.23694073253013945
vn 0.8030246877425186 -0.5233966410348717 0.2849689580102435
vn 0.7674530522378588 -0.5319888768278469 0.35777597395890176
vn 0.7028092667703556 -0.6707594381071327 0.23694073253013945
vn 0.7674530522378588 -0.5319888768278469 0.35777597395890176
vn 0.6807787423595418 -0.6578826230339552 0.3220725978119272
vn 0.528623594389407 -0.5637126014867715 0.6346536050317844
vn 0.6044721555501397 -0.5650127566462829 0.56158169307015
vn 0.6891331667068207 -0.404856185876464 0.6009883087899391
vn 0.528623594389407 -0.5637126014867715 0.6346536050317844
vn 0.6891331667068207 -0.404856185876464 0.6009883087899391
vn 0.5972040364304292 -0.4036038746731455 0.6931459090408211
vn 0.437840883655865 -0.5537848228067714 0.7082497657100382
vn 0.528623594389407 -0.5637126014867715 0.6346536050317844
vn 0.5972040364304292 -0.4036038746731455 0.6931459090408211
vn 0.437840883655865 -0.5537848228067714 0.7082497657100382
vn 0.5972040364304292 -0.4036038746731455 0.6931459090408211
vn 0.4852447596797431 -0.3978854069937885 0.7786043450333012
vn -0.26047671592290245 -0.9403873957188537 -0.2186856795383084
vn -0.1717854448487596 -0.9492547791437482 -0.2634485247840037
vn -0.30891946113097835 -0.8128453535760138 -0.4938129177172575
vn -0.26047671592290245 -0.9403873957188537 -0.2186856795383084
vn -0.30891946113097835 -0.8128453535760138 -0.4938129177172575
vn -0.43640062371474825 -0.8155306795780242 -0.38008447256943423
vn 0.47278512010127843 -0.7422669210407794 0.4748831942061763
vn 0.6044721555501397 -0.5650127566462829 0.56158169307015
vn 0.528623594389407 -0.5637126014867715 0.6346536050317844
vn 0.47278512010127843 -0.7422669210407794 0.4748831942061763
vn 0.528623594389407 -0.5637126014867715 0.6346536050317844
vn 0.4138875149801104 -0.7530083498856942 0.5115423246868368
vn 0.528623594389407 -0.5637126014867715 0.6346536050317844
vn 0.437840883655865 -0.5537848228067714 0.7082497657100382
vn 0.30052801701536225 -0.7597105432206155 0.5766479008097155
vn 0.528623594389407 -0.5637126014867715 0.6346536050317844
vn 0.30052801701536225 -0.7597105432206155 0.5766479008097155
vn 0.4138875149801104 -0.7530083498856942 0.5115423246868368
vn 0.9863766752531284 0.15257170055076757 -0.061505533959405057
vn 0.9784645673973426 0.13656534925739214 0.15478047593329772
vn 0.9821618985695514 -0.010298457885282051 0.18775501794476576
vn 0.9863766752531284 0.15257170055076757 -0.061505533959405057
vn 0.9821618985695514 -0.010298457885282051 0.18775501794476576
vn 0.9989509971221877 0.011061218710428646 -0.0444359627917204
vn 0.9821618985695514 -0.010298457885282051 0.18775501794476576
vn 0.9784645673973426 0.13656534925739214 0.15478047593329772
vn 0.9342640071635907 0.12283908108113722 0.33475561993456043
vn 0.9821618985695514 -0.010298457885282051 0.18775501794476576
vn 0.9342640071635907 0.12283908108113722 0.33475561993456043
vn 0.9377731681212993 -0.01564230530798038 0.3468959547708699
vn 0.9485136121198531 0.308734021698963 -0.07074766051915103
vn 0.9376202743727892 0.32214000050937286 0.13074418211498764
vn 0.9784645673973426 0.13656534925739214 0.15478047593329772
vn 0.9485136121198531 0.308734021698963 -0.07074766051915103
vn 0.9784645673973426 0.13656534925739214 0.15478047593329772
vn 0.9863766752531284 0.15257170055076757 -0.061505533959405057
vn 0.9784645673973426 0.13656534925739214 0.15478047593329772
vn 0.9376202743727892 0.32214000050937286 0.13074418211498764
vn 0.9089207286821824 0.2965529646454553 0.2931201940021221
vn 0.9784645673973426 0.13656534925739214 0.15478047593329772
vn 0.9089207286821824 0.2965529646454553 0.2931201940021221
vn 0.9342640071635907 0.12283908108113722 0.33475561993456043
vn 0.9989509971221877 0.011061218710428646 -0.0444359627917204
vn 0.9821618985695514 -0.010298457885282051 0.18775501794476576
vn 0.9761700597476693 -0.11024357135112356 0.18691808213220434
vn 0.9989509971221877 0.011061218710428646 -0.0444359627917204
vn 0.9761700597476693 -0.11024357135112356 0.18691808213220434
vn 0.9942461399234661 -0.09728818634471237 -0.04482880820459098
vn 0.9382288552128075 -0.09958431002946559 0.33137528640805397
vn 0.9761700597476693 -0.11024357135112356 0.18691808213220434
vn 0.9821618985695514 -0.010298457885282051 0.18775501794476576
vn 0.9382288552128075 -0.09958431002946559 0.33137528640805397
vn 0.9821618985695514 -0.010298457885282051 0.18775501794476576
vn 0.9377731681212993 -0.01564230530798038 0.3468959547708699
vn 0.9942461399234661 -0.09728818634471237 -0.04482880820459098
vn 0.9761700597476693 -0.11024357135112356 0.18691808213220434
vn 0.9660784263731446 -0.1915369397174013 0.17322261636426517
vn 0.9942461399234661 -0.09728818634471237 -0.04482880820459098
vn 0.9660784263731446 -0.1915369397174013 0.17322261636426517
vn 0.9806211322171792 -0.19001928885975447 -0.047695543925308
vn 0.9319622260188792 -0.18425618264839408 0.3122436043056395
vn 0.9660784263731446 -0.1915369397174013 0.17322261636426517
vn 0.9761700597476693 -0.11024357135112356 0.18691808213220434
vn 0.9319622260188792 -0.18425618264839408 0.3122436043056395
vn 0.9761700597476693 -0.11024357135112356 0.18691808213220434
vn 0.9382288552128075 -0.09958431002946559 0.33137528640805397
vn 0.9806211322171792 -0.19001928885975447 -0.047695543925308
vn 0.9660784263731446 -0.1915369397174013 0.17322261636426517
vn 0.9494050247657567 -0.2647196493724058 0.16897812339377946
vn 0.9806211322171792 -0.19001928885975447 -0.047695543925308
vn 0.9494050247657567 -0.2647196493724058 0.16897812339377946
vn 0.9613173574437041 -0.2723733452041771 -0.04100852472035387
vn 0.9184450844474371 -0.2593615954991037 0.2986472662431375
vn 0.9494050247657567 -0.2647196493724058 0.16897812339377946
vn 0.9660784263731446 -0.1915369397174013 0.17322261636426517
vn 0.9184450844474371 -0.2593615954991037 0.2986472662431375
vn 0.9660784263731446 -0.1915369397174013 0.17322261636426517
vn 0.9319622260188792 -0.18425618264839408 0.3122436043056395
vn 0.9613173574437041 -0.2723733452041771 -0.04100852472035387
vn 0.9494050247657567 -0.2647196493724058 0.16897812339377946
vn 0.9192899571574439 -0.3619943068950549 0.15448655748975104
vn 0.9613173574437041 -0.2723733452041771 -0.04100852472035387
vn 0.9192899571574439 -0.3619943068950549 0.15448655748975104
vn 0.9216164483532719 -0.38527847214440886 -0.04672923096704064
vn 0.8812036075183838 -0.36888485147428723 0.29564195989300834
vn 0.9192899571574439 -0.3619943068950549 0.15448655748975104
vn 0.9494050247657567 -0.2647196493724058 0.16897812339377946
vn 0.8812036075183838 -0.36888485147428723 0.29564195989300834
vn 0.9494050247657567 -0.2647196493724058 0.16897812339377946
vn 0.9184450844474371 -0.2593615954991037 0.2986472662431375
vn 0.9216164483532719 -0.38527847214440886 -0.04672923096704064
vn 0.9192899571574439 -0.3619943068950549 0.15448655748975104
vn 0.8399608511211607 -0.5235921656231513 0.14253775879350072
vn 0.9216164483532719 -0.38527847214440886 -0.04672923096704064
vn 0.8399608511211607 -0.5235921656231513 0.14253775879350072
vn 0.8344101514147062 -0.5461040241725889 -0.07436460178466267
vn 0.8399608511211607 -0.5235921656231513 0.14253775879350072
vn 0.9192899571574439 -0.3619943068950549 0.15448655748975104
vn 0.8812036075183838 -0.36888485147428723 0.29564195989300834
vn 0.8399608511211607 -0.5235921656231513 0.14253775879350072
vn 0.8812036075183838 -0.36888485147428723 0.29564195989300834
vn 0.8030246877425186 -0.5233966410348717 0.2849689580102435
vn 0.8399608511211607 -0.5235921656231513 0.14253775879350072
vn 0.7156370799240953 -0.6908284011779675 0.1030518799615368
vn 0.7243419514677063 -0.6842915546440331 -0.08410591885716105
vn 0.8399608511211607 -0.5235921656231513 0.14253775879350072
vn 0.7243419514677063 -0.6842915546440331 -0.08410591885716105
vn 0.8344101514147062 -0.5461040241725889 -0.07436460178466267
vn 0.7156370799240953 -0.6908284011779675 0.1030518799615368
vn 0.8399608511211607 -0.5235921656231513 0.14253775879350072
vn 0.8030246877425186 -0.5233966410348717 0.2849689580102435
vn 0.7156370799240953 -0.6908284011779675 0.1030518799615368
vn 0.8030246877425186 -0.5233966410348717 0.2849689580102435
vn 0.7028092667703556 -0.6707594381071327 0.23694073253013945
vn 0.2566199156872674 -0.9624203235038175 -0.08884446960541338
vn -0.0995257582820857 -0.9883929035735133 -0.11477844572869712
vn 0.005528036271898582 -0.9958247114048666 -0.09111852155512054
vn 0.2566199156872674 -0.9624203235038175 -0.08884446960541338
vn 0.005528036271898582 -0.9958247114048666 -0.09111852155512054
vn 0.30497611920535495 -0.9405023796808706 -0.14981602227085308
vn 0.7656182409143226 0.6212302382231457 -0.16703802051171496
vn 0.6605858117006502 0.7414425654702975 -0.1178529061526132
vn 0.605166751784352 0.795950580187862 -0.015358269218332003
vn 0.7656182409143226 0.6212302382231457 -0.16703802051171496
vn 0.605166751784352 0.795950580187862 -0.015358269218332003
vn 0.8125561491103632 0.5808058804148876 0.04916333815379671
vn 0.9376202743727892 0.32214000050937286 0.13074418211498764
vn 0.8125561491103632 0.5808058804148876 0.04916333815379671
vn 0.8391463627494249 0.5042505839809254 0.20387430058569425
vn 0.9376202743727892 0.32214000050937286 0.13074418211498764
vn 0.8391463627494249 0.5042505839809254 0.20387430058569425
vn 0.9089207286821824 0.2965529646454553 0.2931201940021221
vn 0.8125561491103632 0.5808058804148876 0.04916333815379671
vn 0.605166751784352 0.795950580187862 -0.015358269218332003
vn 0.6474240059272839 0.7521485823406173 0.12294172046977246
vn 0.8125561491103632 0.5808058804148876 0.04916333815379671
vn 0.6474240059272839 0.7521485823406173 0.12294172046977246
vn 0.8391463627494249 0.5042505839809254 0.20387430058569425
vn -0.4365806260691686 -0.8788829232727602 -0.19225546577556726
vn -0.0995257582820857 -0.9883929035735133 -0.11477844572869712
vn -0.2195889304353773 -0.9653514352937106 -0.1409869072170178
vn -0.4365806260691686 -0.8788829232727602 -0.19225546577556726
vn -0.2195889304353773 -0.9653514352937106 -0.1409869072170178
vn -0.4808833435023597 -0.8358208703268288 -0.26486729256005503
vn 0.12737927760182094 -0.9808973078634045 0.1470203763563524
vn -0.0682508041042853 -0.9974517620345162 -0.020780042188534905
vn 0.013728554301560201 -0.9999026869845553 -0.0024785798062062357
vn 0.12737927760182094 -0.9808973078634045 0.1470203763563524
vn 0.013728554301560201 -0.9999026869845553 -0.0024785798062062357
vn 0.24579534807133602 -0.9618247604614143 0.1203236345438175
vn -0.2195889304353773 -0.9653514352937106 -0.1409869072170178
vn 0.013728554301560201 -0.9999026869845553 -0.0024785798062062357
vn -0.0682508041042853 -0.9974517620345162 -0.020780042188534905
vn -0.2195889304353773 -0.9653514352937106 -0.1409869072170178
vn -0.0682508041042853 -0.9974517620345162 -0.020780042188534905
vn -0.26047671592290245 -0.9403873957188537 -0.2186856795383084
vn -0.09025793672224931 -0.9937904588471896 -0.06506941495767773
vn -0.0682508041042853 -0.9974517620345162 -0.020780042188534905
vn 0.12737927760182094 -0.9808973078634045 0.1470203763563524
vn -0.09025793672224931 -0.9937904588471896 -0.06506941495767773
vn 0.12737927760182094 -0.9808973078634045 0.1470203763563524
vn 0.11371261311786938 -0.9852555669920257 0.12783156624686945
vn -0.26047671592290245 -0.9403873957188537 -0.2186856795383084
vn -0.0682508041042853 -0.9974517620345162 -0.020780042188534905
vn -0.09025793672224931 -0.9937904588471896 -0.06506941495767773
vn -0.26047671592290245 -0.9403873957188537 -0.2186856795383084
vn -0.09025793672224931 -0.9937904588471896 -0.06506941495767773
vn -0.1717854448487596 -0.9492547791437482 -0.2634485247840037
vn 0.24579534807133602 -0.9618247604614143 0.1203236345438175
vn 0.013728554301560201 -0.9999026869845553 -0.0024785798062062357
vn 0.018871507465063143 -0.9988601837819236 -0.04384289521846817
vn 0.24579534807133602 -0.9618247604614143 0.1203236345438175
vn 0.018871507465063143 -0.9988601837819236 -0.04384289521846817
vn 0.24517481522149287 -0.9692516787563377 0.020987930082029045
vn 0.018871507465063143 -0.9988601837819236 -0.04384289521846817
vn 0.013728554301560201 -0.9999026869845553 -0.0024785798062062357
vn -0.2195889304353773 -0.9653514352937106 -0.1409869072170178
vn 0.018871507465063143 -0.9988601837819236 -0.04384289521846817
vn -0.2195889304353773 -0.9653514352937106 -0.1409869072170178
vn -0.0995257582820857 -0.9883929035735133 -0.11477844572869712
vn -0.0995257582820857 -0.9883929035735133 -0.11477844572869712
vn 0.2566199156872674 -0.9624203235038175 -0.08884446960541338
vn 0.24517481522149287 -0.9692516787563377 0.020987930082029045
vn -0.0995257582820857 -0.9883929035735133 -0.11477844572869712
vn 0.24517481522149287 -0.9692516787563377 0.020987930082029045
vn 0.018871507465063143 -0.9988601837819236 -0.04384289521846817
vn -0.09025793672224931 -0.9937904588471896 -0.06506941495767773
vn 0.11371261311786938 -0.9852555669920257 0.12783156624686945
vn 0.06338331638692585 -0.9927841432727899 0.10179489216020476
vn -0.09025793672224931 -0.9937904588471896 -0.06506941495767773
vn 0.06338331638692585 -0.9927841432727899 0.10179489216020476
vn -0.1717854448487596 -0.9492547791437482 -0.2634485247840037
vn 0.34726838669712 -0.9377392697941555 -0.00705191369089706
vn 0.27790333394155736 -0.949869019439927 -0.14324309020821585
vn -0.051477242135574856 -0.9982754629007682 -0.028216904726998813
vn 0.34726838669712 -0.9377392697941555 -0.00705191369089706
vn -0.051477242135574856 -0.9982754629007682 -0.028216904726998813
vn 0.0047696621215959755 -0.9997394413177539 0.022322629704206752
vn -0.5772613574941801 -0.8083182791863894 -0.1157189901318308
vn -0.5966814813350351 -0.802440081369869 -0.007818289003754388
vn -0.7786673858154215 -0.6264437187842433 -0.03528979261975479
vn -0.5772613574941801 -0.8083182791863894 -0.1157189901318308
vn -0.7786673858154215 -0.6264437187842433 -0.03528979261975479
vn -0.7465701713315736 -0.6414971950821489 -0.1763925394671783
vn 0.5301697992902635 -0.8114368631491853 -0.24594755750592884
vn 0.27790333394155736 -0.949869019439927 -0.14324309020821585
vn 0.34726838669712 -0.9377392697941555 -0.00705191369089706
vn 0.5301697992902635 -0.8114368631491853 -0.24594755750592884
vn 0.34726838669712 -0.9377392697941555 -0.00705191369089706
vn 0.5776498910646835 -0.8147654389899118 -0.04977833645809758
vn -0.6194821134783278 -0.7791698296707702 0.09558392967045967
vn -0.7970019489052423 -0.5968449866809933 0.09254164097859191
vn -0.7786673858154215 -0.6264437187842433 -0.03528979261975479
vn -0.6194821134783278 -0.7791698296707702 0.09558392967045967
vn -0.7786673858154215 -0.6264437187842433 -0.03528979261975479
vn -0.5966814813350351 -0.802440081369869 -0.007818289003754388
vn -0.051477242135574856 -0.9982754629007682 -0.028216904726998813
vn 0.27790333394155736 -0.949869019439927 -0.14324309020821585
vn -0.07703473323509452 -0.9968740723725069 -0.017542340404049346
vn -0.051477242135574856 -0.9982754629007682 -0.028216904726998813
vn -0.07703473323509452 -0.9968740723725069 -0.017542340404049346
vn -0.25629988798139475 -0.9664200333174826 0.01851179687010734
vn 0.0047696621215959755 -0.9997394413177539 0.022322629704206752
vn -0.3254389156401154 -0.9438870186799029 -0.05627440052590904
vn -0.314823247130872 -0.9446603002517271 -0.09221301531937157
vn 0.0047696621215959755 -0.9997394413177539 0.022322629704206752
vn -0.314823247130872 -0.9446603002517271 -0.09221301531937157
vn -0.016881269100723312 -0.9979925860923176 0.061039502441589656
vn -0.314823247130872 -0.9446603002517271 -0.09221301531937157
vn -0.3254389156401154 -0.9438870186799029 -0.05627440052590904
vn -0.5772613574941801 -0.8083182791863894 -0.1157189901318308
vn -0.314823247130872 -0.9446603002517271 -0.09221301531937157
vn -0.5772613574941801 -0.8083182791863894 -0.1157189901318308
vn -0.5507616726642267 -0.8099209493132925 -0.20171672163595683
vn -0.12852673494413566 -0.9885785454034838 0.07869776345317628
vn -0.3732519694687105 -0.9045060086430997 0.20628099189275254
vn -0.3864936188552856 -0.9172066974836728 0.09671895716579836
vn -0.12852673494413566 -0.9885785454034838 0.07869776345317628
vn -0.3864936188552856 -0.9172066974836728 0.09671895716579836
vn -0.07703473323509452 -0.9968740723725069 -0.017542340404049346
vn -0.3864936188552856 -0.9172066974836728 0.09671895716579836
vn -0.3732519694687105 -0.9045060086430997 0.20628099189275254
vn -0.552603376716106 -0.7770029406267379 0.301489532653058
vn -0.3864936188552856 -0.9172066974836728 0.09671895716579836
vn -0.552603376716106 -0.7770029406267379 0.301489532653058
vn -0.6233192226232682 -0.7636993771226336 0.1680369247838875
vn -0.21778941926642173 -0.9512549384616714 0.21836165164212454
vn -0.3669881534971851 -0.8713104607597575 0.3257879312733136
vn -0.3732519694687105 -0.9045060086430997 0.20628099189275254
vn -0.21778941926642173 -0.9512549384616714 0.21836165164212454
vn -0.3732519694687105 -0.9045060086430997 0.20628099189275254
vn -0.12852673494413566 -0.9885785454034838 0.07869776345317628
vn -0.552603376716106 -0.7770029406267379 0.301489532653058
vn -0.3732519694687105 -0.9045060086430997 0.20628099189275254
vn -0.3669881534971851 -0.8713104607597575 0.3257879312733136
vn -0.552603376716106 -0.7770029406267379 0.301489532653058
vn -0.3669881534971851 -0.8713104607597575 0.3257879312733136
vn -0.513698717525961 -0.7480306164977395 0.42019498378038117
vn -0.27074858128907653 -0.9017954875915549 0.3368383949158146
vn -0.3669881534971851 -0.8713104607597575 0.3257879312733136
vn -0.21778941926642173 -0.9512549384616714 0.21836165164212454
vn -0.27074858128907653 -0.9017954875915549 0.3368383949158146
vn -0.21778941926642173 -0.9512549384616714 0.21836165164212454
vn -0.0762333699519012 -0.9922729856441945 0.09789175280141237
vn -0.3669881534971851 -0.8713104607597575 0.3257879312733136
vn -0.27074858128907653 -0.9017954875915549 0.3368383949158146
vn -0.4159240504885496 -0.7635760822931598 0.49392180633682115
vn -0.3669881534971851 -0.8713104607597575 0.3257879312733136
vn -0.4159240504885496 -0.7635760822931598 0.49392180633682115
vn -0.513698717525961 -0.7480306164977395 0.42019498378038117
vn -0.22096369751754635 -0.9036991455281057 0.36674636842257363
vn -0.27074858128907653 -0.9017954875915549 0.3368383949158146
vn -0.0762333699519012 -0.9922729856441945 0.09789175280141237
vn -0.22096369751754635 -0.9036991455281057 0.36674636842257363
vn -0.0762333699519012 -0.9922729856441945 0.09789175280141237
vn -0.09223372347426677 -0.9914519980104378 0.09228150353772514
vn -0.27074858128907653 -0.9017954875915549 0.3368383949158146
vn -0.22096369751754635 -0.9036991455281057 0.36674636842257363
vn -0.31271079930841233 -0.7608848122328697 0.5685650873112456
vn -0.27074858128907653 -0.9017954875915549 0.3368383949158146
vn -0.31271079930841233 -0.7608848122328697 0.5685650873112456
vn -0.4159240504885496 -0.7635760822931598 0.49392180633682115
vn -0.050183330991253494 -0.8929946321385702 0.44726079669732044
vn -0.15874558710814432 -0.8731002259391908 0.46097270422295555
vn -0.10348418991827045 -0.962926648882893 0.24912505154665
vn -0.050183330991253494 -0.8929946321385702 0.44726079669732044
vn -0.10348418991827045 -0.962926648882893 0.24912505154665
vn -0.04385507629612783 -0.9899786893260546 0.13423459674513114
vn -0.15874558710814432 -0.8731002259391908 0.46097270422295555
vn -0.050183330991253494 -0.8929946321385702 0.44726079669732044
vn -0.0631017754596042 -0.7555033629289916 0.6520987920068786
vn -0.15874558710814432 -0.8731002259391908 0.46097270422295555
vn -0.0631017754596042 -0.7555033629289916 0.6520987920068786
vn -0.19424950685880174 -0.7455209612301993 0.6375465672807846
vn -0.10348418991827045 -0.962926648882893 0.24912505154665
vn -0.15874558710814432 -0.8731002259391908 0.46097270422295555
vn -0.22096369751754635 -0.9036991455281057 0.36674636842257363
vn -0.10348418991827045 -0.962926648882893 0.24912505154665
vn -0.22096369751754635 -0.9036991455281057 0.36674636842257363
vn -0.09223372347426677 -0.9914519980104378 0.09228150353772514
vn -0.31271079930841233 -0.7608848122328697 0.5685650873112456
vn -0.22096369751754635 -0.9036991455281057 0.36674636842257363
vn -0.15874558710814432 -0.8731002259391908 0.46097270422295555
vn -0.31271079930841233 -0.7608848122328697 0.5685650873112456
vn -0.15874558710814432 -0.8731002259391908 0.46097270422295555
vn -0.19424950685880174 -0.7455209612301993 0.6375465672807846
vn 0.06639416941695982 -0.9066247937269387 0.41668129027713485
vn -0.050183330991253494 -0.8929946321385702 0.44726079669732044
vn -0.04385507629612783 -0.9899786893260546 0.13423459674513114
vn 0.06639416941695982 -0.9066247937269387 0.41668129027713485
vn -0.04385507629612783 -0.9899786893260546 0.13423459674513114
vn -0.0025736886267475364 -0.9943633894930115 0.10599446100066744
vn -0.050183330991253494 -0.8929946321385702 0.44726079669732044
vn 0.06639416941695982 -0.9066247937269387 0.41668129027713485
vn 0.10902466141795161 -0.7562098780896813 0.6451823335168828
vn -0.050183330991253494 -0.8929946321385702 0.44726079669732044
vn 0.10902466141795161 -0.7562098780896813 0.6451823335168828
vn -0.0631017754596042 -0.7555033629289916 0.6520987920068786
vn 0.20240876233348595 -0.9088365699051165 0.3647557842361499
vn 0.06639416941695982 -0.9066247937269387 0.41668129027713485
vn -0.0025736886267475364 -0.9943633894930115 0.10599446100066744
vn 0.20240876233348595 -0.9088365699051165 0.3647557842361499
vn -0.0025736886267475364 -0.9943633894930115 0.10599446100066744
vn 0.06338331638692585 -0.9927841432727899 0.10179489216020476
vn 0.06639416941695982 -0.9066247937269387 0.41668129027713485
vn 0.20240876233348595 -0.9088365699051165 0.3647557842361499
vn 0.30052801701536225 -0.7597105432206155 0.5766479008097155
vn 0.06639416941695982 -0.9066247937269387 0.41668129027713485
vn 0.30052801701536225 -0.7597105432206155 0.5766479008097155
vn 0.10902466141795161 -0.7562098780896813 0.6451823335168828
vn 0.3717344271782795 -0.8877355228570911 0.2715495481640202
vn 0.3134220446433827 -0.88971433747542 0.3319262261741847
vn 0.12737927760182094 -0.9808973078634045 0.1470203763563524
vn 0.3717344271782795 -0.8877355228570911 0.2715495481640202
vn 0.12737927760182094 -0.9808973078634045 0.1470203763563524
vn 0.24579534807133602 -0.9618247604614143 0.1203236345438175
vn 0.3134220446433827 -0.88971433747542 0.3319262261741847
vn 0.2771548762856324 -0.9001809524956835 0.3359455719533442
vn 0.11371261311786938 -0.9852555669920257 0.12783156624686945
vn 0.3134220446433827 -0.88971433747542 0.3319262261741847
vn 0.11371261311786938 -0.9852555669920257 0.12783156624686945
vn 0.12737927760182094 -0.9808973078634045 0.1470203763563524
vn 0.2771548762856324 -0.9001809524956835 0.3359455719533442
vn 0.3134220446433827 -0.88971433747542 0.3319262261741847
vn 0.47278512010127843 -0.7422669210407794 0.4748831942061763
vn 0.2771548762856324 -0.9001809524956835 0.3359455719533442
vn 0.47278512010127843 -0.7422669210407794 0.4748831942061763
vn 0.4138875149801104 -0.7530083498856942 0.5115423246868368
vn 0.2771548762856324 -0.9001809524956835 0.3359455719533442
vn 0.20240876233348595 -0.9088365699051165 0.3647557842361499
vn 0.06338331638692585 -0.9927841432727899 0.10179489216020476
vn 0.2771548762856324 -0.9001809524956835 0.3359455719533442
vn 0.06338331638692585 -0.9927841432727899 0.10179489216020476
vn 0.11371261311786938 -0.9852555669920257 0.12783156624686945
vn 0.20240876233348595 -0.9088365699051165 0.3647557842361499
vn 0.2771548762856324 -0.9001809524956835 0.3359455719533442
vn 0.4138875149801104 -0.7530083498856942 0.5115423246868368
vn 0.20240876233348595 -0.9088365699051165 0.3647557842361499
vn 0.4138875149801104 -0.7530083498856942 0.5115423246868368
vn 0.30052801701536225 -0.7597105432206155 0.5766479008097155
vn -0.051477242135574856 -0.9982754629007682 -0.028216904726998813
vn -0.3457540008537779 -0.9382841837426397 0.008772766497193961
vn -0.3254389156401154 -0.9438870186799029 -0.05627440052590904
vn -0.051477242135574856 -0.9982754629007682 -0.028216904726998813
vn -0.3254389156401154 -0.9438870186799029 -0.05627440052590904
vn 0.0047696621215959755 -0.9997394413177539 0.022322629704206752
vn -0.3254389156401154 -0.9438870186799029 -0.05627440052590904
vn -0.3457540008537779 -0.9382841837426397 0.008772766497193961
vn -0.5966814813350351 -0.802440081369869 -0.007818289003754388
vn -0.3254389156401154 -0.9438870186799029 -0.05627440052590904
vn -0.5966814813350351 -0.802440081369869 -0.007818289003754388
vn -0.5772613574941801 -0.8083182791863894 -0.1157189901318308
vn -0.3864936188552856 -0.9172066974836728 0.09671895716579836
vn -0.41175222002486217 -0.9089838236558737 0.06487308869280878
vn -0.25629988798139475 -0.9664200333174826 0.01851179687010734
vn -0.3864936188552856 -0.9172066974836728 0.09671895716579836
vn -0.25629988798139475 -0.9664200333174826 0.01851179687010734
vn -0.07703473323509452 -0.9968740723725069 -0.017542340404049346
vn -0.6194821134783278 -0.7791698296707702 0.09558392967045967
vn -0.41175222002486217 -0.9089838236558737 0.06487308869280878
vn -0.3864936188552856 -0.9172066974836728 0.09671895716579836
vn -0.6194821134783278 -0.7791698296707702 0.09558392967045967
vn -0.3864936188552856 -0.9172066974836728 0.09671895716579836
vn -0.6233192226232682 -0.7636993771226336 0.1680369247838875
vn -0.25629988798139475 -0.9664200333174826 0.01851179687010734
vn -0.41175222002486217 -0.9089838236558737 0.06487308869280878
vn -0.3457540008537779 -0.9382841837426397 0.008772766497193961
vn -0.25629988798139475 -0.9664200333174826 0.01851179687010734
vn -0.3457540008537779 -0.9382841837426397 0.008772766497193961
vn -0.051477242135574856 -0.9982754629007682 -0.028216904726998813
vn -0.5966814813350351 -0.802440081369869 -0.007818289003754388
vn -0.3457540008537779 -0.9382841837426397 0.008772766497193961
vn -0.41175222002486217 -0.9089838236558737 0.06487308869280878
vn -0.5966814813350351 -0.802440081369869 -0.007818289003754388
vn -0.41175222002486217 -0.9089838236558737 0.06487308869280878
vn -0.6194821134783278 -0.7791698296707702 0.09558392967045967
vn -0.526562437186778 0.5259904559171114 0.6678817560227481
vn -0.5700959357057411 0.35869505463132134 0.7391403668281343
vn -0.4742275274633032 0.37159922379539534 0.7981367483524998
vn -0.526562437186778 0.5259904559171114 0.6678817560227481
vn -0.4742275274633032 0.37159922379539534 0.7981367483524998
vn -0.4372365272098785 0.5259044470049492 0.7295537895822786
vn -0.4892817086804647 0.6964397500248964 0.524952458929363
vn -0.5794036307750817 0.5242860632423763 0.6240316951361236
vn -0.526562437186778 0.5259904559171114 0.6678817560227481
vn -0.4892817086804647 0.6964397500248964 0.524952458929363
vn -0.526562437186778 0.5259904559171114 0.6678817560227481
vn -0.4314941087349862 0.7059947340844852 0.5615908382194077
vn -0.4314941087349862 0.7059947340844852 0.5615908382194077
vn -0.526562437186778 0.5259904559171114 0.6678817560227481
vn -0.4372365272098785 0.5259044470049492 0.7295537895822786
vn -0.4314941087349862 0.7059947340844852 0.5615908382194077
vn -0.4372365272098785 0.5259044470049492 0.7295537895822786
vn -0.34547944355041565 0.7054573937577104 0.6188487857923565
vn -0.34547944355041565 0.7054573937577104 0.6188487857923565
vn -0.20877094443975494 0.8707535195164039 0.4451999562079142
vn -0.29573014127270664 0.8670685000830775 0.40091881934689394
vn -0.34547944355041565 0.7054573937577104 0.6188487857923565
vn -0.29573014127270664 0.8670685000830775 0.40091881934689394
vn -0.4314941087349862 0.7059947340844852 0.5615908382194077
vn -0.3725520404703453 0.8454434628020594 0.3826621595436961
vn -0.4892817086804647 0.6964397500248964 0.524952458929363
vn -0.4314941087349862 0.7059947340844852 0.5615908382194077
vn -0.3725520404703453 0.8454434628020594 0.3826621595436961
vn -0.4314941087349862 0.7059947340844852 0.5615908382194077
vn -0.29573014127270664 0.8670685000830775 0.40091881934689394
vn -0.18286251886065247 0.9705638208611854 0.1567391745265808
vn -0.3725520404703453 0.8454434628020594 0.3826621595436961
vn -0.29573014127270664 0.8670685000830775 0.40091881934689394
vn -0.18286251886065247 0.9705638208611854 0.1567391745265808
vn -0.29573014127270664 0.8670685000830775 0.40091881934689394
vn -0.08953701056931014 0.9848127272289112 0.1487515244502224
vn -0.08953701056931014 0.9848127272289112 0.1487515244502224
vn -0.29573014127270664 0.8670685000830775 0.40091881934689394
vn -0.20877094443975494 0.8707535195164039 0.4451999562079142
vn -0.08953701056931014 0.9848127272289112 0.1487515244502224
vn -0.20877094443975494 0.8707535195164039 0.4451999562079142
vn -0.042152122360648525 0.9841873823536618 0.17204184083047921
vn 0.07952842049876882 0.9871430106619696 -0.13865030412586035
vn 0.1030927722827589 0.9861038986732991 -0.13027271903347631
vn -0.08953701056931014 0.9848127272289112 0.1487515244502224
vn 0.07952842049876882 0.9871430106619696 -0.13865030412586035
vn -0.08953701056931014 0.9848127272289112 0.1487515244502224
vn -0.042152122360648525 0.9841873823536618 0.17204184083047921
vn -0.7637267727604369 0.2090522181647994 0.6107524757619123
vn -0.7092501090735365 0.3597757583197186 0.6062389681508836
vn -0.8310840195126007 0.3556613772277292 0.427556238709312
vn -0.7637267727604369 0.2090522181647994 0.6107524757619123
vn -0.8310840195126007 0.3556613772277292 0.427556238709312
vn -0.8828348761141895 0.1920119554409836 0.42864203070181217
vn -0.7472125589122238 0.5233159008847514 0.4096508997732428
vn -0.8310840195126007 0.3556613772277292 0.427556238709312
vn -0.7092501090735365 0.3597757583197186 0.6062389681508836
vn -0.7472125589122238 0.5233159008847514 0.4096508997732428
vn -0.7092501090735365 0.3597757583197186 0.6062389681508836
vn -0.653396417570306 0.5229461414011537 0.5473577026953536
vn -0.6033598801245417 0.7145704847909383 0.35404219709201645
vn -0.7472125589122238 0.5233159008847514 0.4096508997732428
vn -0.653396417570306 0.5229461414011537 0.5473577026953536
vn -0.6033598801245417 0.7145704847909383 0.35404219709201645
vn -0.653396417570306 0.5229461414011537 0.5473577026953536
vn -0.5413109822361964 0.7089688071273598 0.45204607180119655
vn -0.5794036307750817 0.5242860632423763 0.6240316951361236
vn -0.4892817086804647 0.6964397500248964 0.524952458929363
vn -0.5413109822361964 0.7089688071273598 0.45204607180119655
vn -0.5794036307750817 0.5242860632423763 0.6240316951361236
vn -0.5413109822361964 0.7089688071273598 0.45204607180119655
vn -0.653396417570306 0.5229461414011537 0.5473577026953536
vn -0.41158157854441485 0.876184485453961 0.2508014187612684
vn -0.6033598801245417 0.7145704847909383 0.35404219709201645
vn -0.5413109822361964 0.7089688071273598 0.45204607180119655
vn -0.41158157854441485 0.876184485453961 0.2508014187612684
vn -0.5413109822361964 0.7089688071273598 0.45204607180119655
vn -0.37165895255304643 0.8789001976204874 0.29900512639391386
vn -0.5413109822361964 0.7089688071273598 0.45204607180119655
vn -0.4892817086804647 0.6964397500248964 0.524952458929363
vn -0.3725520404703453 0.8454434628020594 0.3826621595436961
vn -0.5413109822361964 0.7089688071273598 0.45204607180119655
vn -0.3725520404703453 0.8454434628020594 0.3826621595436961
vn -0.37165895255304643 0.8789001976204874 0.29900512639391386
vn -0.37165895255304643 0.8789001976204874 0.29900512639391386
vn -0.3725520404703453 0.8454434628020594 0.3826621595436961
vn -0.18286251886065247 0.9705638208611854 0.1567391745265808
vn -0.37165895255304643 0.8789001976204874 0.29900512639391386
vn -0.18286251886065247 0.9705638208611854 0.1567391745265808
vn -0.1554347524944599 0.9841026992995193 0.08591807113981322
vn -0.1741297839670425 0.9814592556526753 0.08010335716614933
vn -0.41158157854441485 0.876184485453961 0.2508014187612684
vn -0.37165895255304643 0.8789001976204874 0.29900512639391386
vn -0.1741297839670425 0.9814592556526753 0.08010335716614933
vn -0.37165895255304643 0.8789001976204874 0.29900512639391386
vn -0.1554347524944599 0.9841026992995193 0.08591807113981322
vn -0.1554347524944599 0.9841026992995193 0.08591807113981322
vn 0.1030927722827589 0.9861038986732991 -0.13027271903347631
vn 0.10339548238184433 0.9881699197224506 -0.1132677534815239
vn -0.1554347524944599 0.9841026992995193 0.08591807113981322
vn 0.10339548238184433 0.9881699197224506 -0.1132677534815239
vn -0.1741297839670425 0.9814592556526753 0.08010335716614933
vn -0.7092501090735365 0.3597757583197186 0.6062389681508836
vn -0.6290523076423962 0.36297361541796686 0.6874178851035125
vn -0.5794036307750817 0.5242860632423763 0.6240316951361236
vn -0.7092501090735365 0.3597757583197186 0.6062389681508836
vn -0.5794036307750817 0.5242860632423763 0.6240316951361236
vn -0.653396417570306 0.5229461414011537 0.5473577026953536
vn -0.526562437186778 0.5259904559171114 0.6678817560227481
vn -0.5794036307750817 0.5242860632423763 0.6240316951361236
vn -0.6290523076423962 0.36297361541796686 0.6874178851035125
vn -0.526562437186778 0.5259904559171114 0.6678817560227481
vn -0.6290523076423962 0.36297361541796686 0.6874178851035125
vn -0.5700959357057411 0.35869505463132134 0.7391403668281343
vn -0.18286251886065247 0.9705638208611854 0.1567391745265808
vn -0.08953701056931014 0.9848127272289112 0.1487515244502224
vn 0.1030927722827589 0.9861038986732991 -0.13027271903347631
vn -0.18286251886065247 0.9705638208611854 0.1567391745265808
vn 0.1030927722827589 0.9861038986732991 -0.13027271903347631
vn -0.1554347524944599 0.9841026992995193 0.08591807113981322
vn 0.7730058671469555 0.19735086993214165 -0.602921689353941
vn 0.7464638348043856 0.3711338442524819 -0.5523145960225073
vn 0.8299553036786177 0.33163869659263495 -0.44854204799335323
vn 0.7730058671469555 0.19735086993214165 -0.602921689353941
vn 0.8299553036786177 0.33163869659263495 -0.44854204799335323
vn 0.8544441302537094 0.16783710644945987 -0.4916868250966818
vn 0.16936332339833737 0.33128399326008295 -0.9282063243143323
vn 0.15708774553234153 0.4896708888957307 -0.8576397033554541
vn 0.29317454356075495 0.473618796020754 -0.8305022113539461
vn 0.16936332339833737 0.33128399326008295 -0.9282063243143323
vn 0.29317454356075495 0.473618796020754 -0.8305022113539461
vn 0.3247691701626139 0.3041729269946348 -0.8955466579667438
vn -0.48466844684099886 0.43183363190246427 -0.7606682660625859
vn -0.34088772135636 0.4810960649632207 -0.8076770008520565
vn -0.331729413875871 0.3200930835014649 -0.8874097215289538
vn -0.48466844684099886 0.43183363190246427 -0.7606682660625859
vn -0.331729413875871 0.3200930835014649 -0.8874097215289538
vn -0.5043075405282735 0.2996471064432257 -0.8098675917497414
vn -0.6255317565648002 0.29560184711263365 -0.7220315571445299
vn -0.5810668080210192 0.47484622159343826 -0.6609708242083756
vn -0.48466844684099886 0.43183363190246427 -0.7606682660625859
vn -0.6255317565648002 0.29560184711263365 -0.7220315571445299
vn -0.48466844684099886 0.43183363190246427 -0.7606682660625859
vn -0.5043075405282735 0.2996471064432257 -0.8098675917497414
vn -0.043493261760245025 0.9782187200241438 -0.20296914045189338
vn -0.008726825608863908 0.9995414746240775 -0.028994534331788033
vn 0.06370179240997594 0.98108264209802 0.18280845444815952
vn -0.043493261760245025 0.9782187200241438 -0.20296914045189338
vn 0.06370179240997594 0.98108264209802 0.18280845444815952
vn 0.04844305590177267 0.9902199974570925 -0.1308343493543402
vn -0.043493261760245025 0.9782187200241438 -0.20296914045189338
vn 0.04844305590177267 0.9902199974570925 -0.1308343493543402
vn 0.09555708444226692 0.9040722007126969 -0.4165600791139193
vn -0.043493261760245025 0.9782187200241438 -0.20296914045189338
vn 0.09555708444226692 0.9040722007126969 -0.4165600791139193
vn -0.054829638149749615 0.8726982404293396 -0.4851716108058074
vn 0.1280462941119326 0.7514968405145279 -0.6471913513489518
vn -0.018790209420019792 0.7327251665637803 -0.6802652117476187
vn -0.054829638149749615 0.8726982404293396 -0.4851716108058074
vn 0.1280462941119326 0.7514968405145279 -0.6471913513489518
vn -0.054829638149749615 0.8726982404293396 -0.4851716108058074
vn 0.09555708444226692 0.9040722007126969 -0.4165600791139193
vn 0.01850245514620911 0.34277159510557886 -0.9392365478101561
vn -0.0008581963907833125 0.4861445237744166 -0.8738780037871993
vn 0.15708774553234153 0.4896708888957307 -0.8576397033554541
vn 0.01850245514620911 0.34277159510557886 -0.9392365478101561
vn 0.15708774553234153 0.4896708888957307 -0.8576397033554541
vn 0.16936332339833737 0.33128399326008295 -0.9282063243143323
vn -0.17365940982567984 0.8941412426273946 -0.4127394427623014
vn -0.2350726838249463 0.8052551792695165 -0.5443389840705475
vn -0.34912642453173554 0.7705385692589457 -0.5332739005221079
vn -0.17365940982567984 0.8941412426273946 -0.4127394427623014
vn -0.34912642453173554 0.7705385692589457 -0.5332739005221079
vn -0.23449412164207858 0.904028023821931 -0.35741549918816384
vn -0.2350726838249463 0.8052551792695165 -0.5443389840705475
vn -0.25630589858049263 0.6857708844531699 -0.6811942310304477
vn -0.3447171721962807 0.6446163305374122 -0.6823780899160536
vn -0.2350726838249463 0.8052551792695165 -0.5443389840705475
vn -0.3447171721962807 0.6446163305374122 -0.6823780899160536
vn -0.34912642453173554 0.7705385692589457 -0.5332739005221079
vn 0.7705468559146869 0.04882657720020333 -0.6355104312274528
vn 0.7730058671469555 0.19735086993214165 -0.602921689353941
vn 0.8544441302537094 0.16783710644945987 -0.4916868250966818
vn 0.7705468559146869 0.04882657720020333 -0.6355104312274528
vn 0.8544441302537094 0.16783710644945987 -0.4916868250966818
vn 0.8501029779216641 0.03356157218967695 -0.5255459521306161
vn 0.19953722316909459 0.14001927002920211 -0.9698347800478473
vn 0.16936332339833737 0.33128399326008295 -0.9282063243143323
vn 0.3247691701626139 0.3041729269946348 -0.8955466579667438
vn 0.19953722316909459 0.14001927002920211 -0.9698347800478473
vn 0.3247691701626139 0.3041729269946348 -0.8955466579667438
vn 0.34687369607839613 0.13653724844103418 -0.9279203730692973
vn 0.033092063384689896 0.16746279274258316 -0.9853228548997524
vn 0.01850245514620911 0.34277159510557886 -0.9392365478101561
vn 0.16936332339833737 0.33128399326008295 -0.9282063243143323
vn 0.033092063384689896 0.16746279274258316 -0.9853228548997524
vn 0.16936332339833737 0.33128399326008295 -0.9282063243143323
vn 0.19953722316909459 0.14001927002920211 -0.9698347800478473
vn -0.13893044452278477 0.3290833860668519 -0.9340248693688389
vn 0.01850245514620911 0.34277159510557886 -0.9392365478101561
vn 0.033092063384689896 0.16746279274258316 -0.9853228548997524
vn -0.13893044452278477 0.3290833860668519 -0.9340248693688389
vn 0.033092063384689896 0.16746279274258316 -0.9853228548997524
vn -0.14015078611223936 0.17161309269932212 -0.9751444526665243
vn -0.13893044452278477 0.3290833860668519 -0.9340248693688389
vn -0.14015078611223936 0.17161309269932212 -0.9751444526665243
vn -0.3158328976514819 0.15567471088764315 -0.9359567111523467
vn -0.13893044452278477 0.3290833860668519 -0.9340248693688389
vn -0.3158328976514819 0.15567471088764315 -0.9359567111523467
vn -0.331729413875871 0.3200930835014649 -0.8874097215289538
vn -0.3040328555917835 -0.9269755850532798 0.21972775754518434
vn -0.2509201276270293 -0.8659649400904192 0.43260121600133294
vn -0.025190411633460807 -0.9778425922956759 0.20782037401132988
vn -0.3040328555917835 -0.9269755850532798 0.21972775754518434
vn -0.025190411633460807 -0.9778425922956759 0.20782037401132988
vn -0.05968106733383668 -0.9945557916856574 0.08542217174954733
vn 0.2000045910556487 -0.9761257950802221 0.08471479053664163
vn 0.4801931198569779 -0.8292641894785487 0.2858941616936373
vn 0.29891075829602454 -0.797222606392612 0.5244887743617266
vn 0.2000045910556487 -0.9761257950802221 0.08471479053664163
vn 0.29891075829602454 -0.797222606392612 0.5244887743617266
vn -0.002718450428812105 -0.9942533796186689 0.10701788235674123
vn -0.0822645244687826 -0.7894332660518577 0.6082989942985453
vn -0.2509201276270293 -0.8659649400904192 0.43260121600133294
vn -0.27244230884334375 -0.9486861790966963 0.16052950489869197
vn -0.0822645244687826 -0.7894332660518577 0.6082989942985453
vn -0.27244230884334375 -0.9486861790966963 0.16052950489869197
vn -0.002718450428812105 -0.9942533796186689 0.10701788235674123
vn 0.17738743913636418 -0.9303073873690625 0.32103249281527885
vn 0.012583443530973492 -0.9632117683000999 0.2684487779020374
vn 0.052561887234201604 -0.8142809614273073 0.5780862944815409
vn 0.17738743913636418 -0.9303073873690625 0.32103249281527885
vn 0.052561887234201604 -0.8142809614273073 0.5780862944815409
vn 0.29891075829602454 -0.797222606392612 0.5244887743617266
vn -0.002718450428812105 -0.9942533796186689 0.10701788235674123
vn 0.29891075829602454 -0.797222606392612 0.5244887743617266
vn 0.052561887234201604 -0.8142809614273073 0.5780862944815409
vn -0.002718450428812105 -0.9942533796186689 0.10701788235674123
vn 0.052561887234201604 -0.8142809614273073 0.5780862944815409
vn -0.0822645244687826 -0.7894332660518577 0.6082989942985453
vn -0.05968106733383668 -0.9945557916856574 0.08542217174954733
vn -0.025190411633460807 -0.9778425922956759 0.20782037401132988
vn 0.20381252043914935 -0.9740258142865769 -0.09866189545925268
vn -0.05968106733383668 -0.9945557916856574 0.08542217174954733
vn 0.20381252043914935 -0.9740258142865769 -0.09866189545925268
vn 0.3037559587556387 -0.9417964153769841 -0.14405495306828614
vn -0.003763192550660121 -0.9999380048372739 0.010479735868738748
vn 0.012583443530973492 -0.9632117683000999 0.2684487779020374
vn 0.17738743913636418 -0.9303073873690625 0.32103249281527885
vn -0.003763192550660121 -0.9999380048372739 0.010479735868738748
vn 0.17738743913636418 -0.9303073873690625 0.32103249281527885
vn 0.006673795968781008 -0.999175649490116 0.040043500263744584
vn 0.6306912258743336 -0.6932266503621665 -0.34880566055151846
vn 0.5375304899186615 -0.6971308984138048 -0.4744148847628676
vn 0.6546816535302623 -0.5333597124547852 -0.5356485318387707
vn 0.6306912258743336 -0.6932266503621665 -0.34880566055151846
vn 0.6546816535302623 -0.5333597124547852 -0.5356485318387707
vn 0.7441962255614697 -0.5421348875661695 -0.3902073058563601
vn 0.7441962255614697 -0.5421348875661695 -0.3902073058563601
vn 0.6546816535302623 -0.5333597124547852 -0.5356485318387707
vn 0.7252952843578542 -0.38705308680389866 -0.5693300084167645
vn 0.7441962255614697 -0.5421348875661695 -0.3902073058563601
vn 0.7252952843578542 -0.38705308680389866 -0.5693300084167645
vn 0.8167555144566334 -0.3994130217873693 -0.4163888418670251
vn 0.4813462906569973 -0.5428030188640598 -0.6882373363766402
vn 0.6546816535302623 -0.5333597124547852 -0.5356485318387707
vn 0.5375304899186615 -0.6971308984138048 -0.4744148847628676
vn 0.4813462906569973 -0.5428030188640598 -0.6882373363766402
vn 0.5375304899186615 -0.6971308984138048 -0.4744148847628676
vn 0.38647495058352344 -0.7080925091741662 -0.5909670980882918
vn -0.023752664269512547 -0.5853254955809348 -0.8104504149934362
vn 0.12358164834133206 -0.5805289850007881 -0.8048066064385867
vn 0.0781012572992716 -0.7224611137417932 -0.6869862682319354
vn -0.023752664269512547 -0.5853254955809348 -0.8104504149934362
vn 0.0781012572992716 -0.7224611137417932 -0.6869862682319354
vn -0.024383152963685067 -0.7275800397242318 -0.6855893432999339
vn -0.20103519567929373 -0.617689896743801 -0.7602920764803619
vn -0.023752664269512547 -0.5853254955809348 -0.8104504149934362
vn -0.024383152963685067 -0.7275800397242318 -0.6855893432999339
vn -0.20103519567929373 -0.617689896743801 -0.7602920764803619
vn -0.024383152963685067 -0.7275800397242318 -0.6855893432999339
vn -0.18240634602385808 -0.7330578063481168 -0.6552512323394067
vn 0.8314311556916776 -0.09801748683212662 -0.5469138923270421
vn 0.8129800444143644 -0.19303998897927757 -0.5493623667843465
vn 0.7118028146552822 -0.1853892906747363 -0.6774714488094211
vn 0.8314311556916776 -0.09801748683212662 -0.5469138923270421
vn 0.7118028146552822 -0.1853892906747363 -0.6774714488094211
vn 0.7495451349881045 -0.08201144670029596 -0.6568532661301066
vn 0.8501029779216641 0.03356157218967695 -0.5255459521306161
vn 0.8314311556916776 -0.09801748683212662 -0.5469138923270421
vn 0.7495451349881045 -0.08201144670029596 -0.6568532661301066
vn 0.8501029779216641 0.03356157218967695 -0.5255459521306161
vn 0.7495451349881045 -0.08201144670029596 -0.6568532661301066
vn 0.7705468559146869 0.04882657720020333 -0.6355104312274528
vn 0.5507020066114183 -0.404395121456965 -0.7301998943138543
vn 0.7252952843578542 -0.38705308680389866 -0.5693300084167645
vn 0.6546816535302623 -0.5333597124547852 -0.5356485318387707
vn 0.5507020066114183 -0.404395121456965 -0.7301998943138543
vn 0.6546816535302623 -0.5333597124547852 -0.5356485318387707
vn 0.4813462906569973 -0.5428030188640598 -0.6882373363766402
vn -0.07886452305049967 0.8086720540871476 0.5829493082099768
vn 0.10585651290771245 0.9429805084218511 0.31556641046138983
vn 0.10768122359263012 0.964456724970749 0.24130474455404138
vn -0.07886452305049967 0.8086720540871476 0.5829493082099768
vn 0.10768122359263012 0.964456724970749 0.24130474455404138
vn 0.09478181497016369 0.8295786296149931 0.5502869295531845
vn 0.2675971681161033 0.96319689699365 0.02536716850667216
vn 0.10768122359263012 0.964456724970749 0.24130474455404138
vn 0.10585651290771245 0.9429805084218511 0.31556641046138983
vn 0.2675971681161033 0.96319689699365 0.02536716850667216
vn 0.10585651290771245 0.9429805084218511 0.31556641046138983
vn 0.3014931125829165 0.9508185823227865 0.07103468571586335
vn 0.4254751873725117 0.8803195405212586 -0.20978172348125618
vn 0.2675971681161033 0.96319689699365 0.02536716850667216
vn 0.3014931125829165 0.9508185823227865 0.07103468571586335
vn 0.4254751873725117 0.8803195405212586 -0.20978172348125618
vn 0.3014931125829165 0.9508185823227865 0.07103468571586335
vn 0.4737471195725882 0.8662475002166575 -0.15867871648418333
vn 0.4254751873725117 0.8803195405212586 -0.20978172348125618
vn 0.4737471195725882 0.8662475002166575 -0.15867871648418333
vn 0.6032523463431776 0.7216902831997767 -0.3394845236037677
vn 0.4254751873725117 0.8803195405212586 -0.20978172348125618
vn 0.6032523463431776 0.7216902831997767 -0.3394845236037677
vn 0.5298323015681273 0.7335256750342287 -0.42569685960857234
vn 0.7464638348043856 0.3711338442524819 -0.5523145960225073
vn 0.7730058671469555 0.19735086993214165 -0.602921689353941
vn 0.6470632827568379 0.24093167912215988 -0.7233678414909811
vn 0.7464638348043856 0.3711338442524819 -0.5523145960225073
vn 0.6470632827568379 0.24093167912215988 -0.7233678414909811
vn 0.6245409795282583 0.3953199714688031 -0.6735508036130524
vn 0.7730058671469555 0.19735086993214165 -0.602921689353941
vn 0.7705468559146869 0.04882657720020333 -0.6355104312274528
vn 0.6590662196604221 0.08393301523847478 -0.7473867586835469
vn 0.7730058671469555 0.19735086993214165 -0.602921689353941
vn 0.6590662196604221 0.08393301523847478 -0.7473867586835469
vn 0.6470632827568379 0.24093167912215988 -0.7233678414909811
vn 0.26380833762642714 0.9564240574764241 -0.12513266271887202
vn 0.3218759143499164 0.8775310573018686 -0.3554365474062422
vn 0.21173328984171677 0.9037764429270363 -0.3719639165066378
vn 0.26380833762642714 0.9564240574764241 -0.12513266271887202
vn 0.21173328984171677 0.9037764429270363 -0.3719639165066378
vn 0.1576833014053925 0.983683688809148 -0.08661626191843753
vn 0.4254751873725117 0.8803195405212586 -0.20978172348125618
vn 0.3218759143499164 0.8775310573018686 -0.3554365474062422
vn 0.26380833762642714 0.9564240574764241 -0.12513266271887202
vn 0.4254751873725117 0.8803195405212586 -0.20978172348125618
vn 0.26380833762642714 0.9564240574764241 -0.12513266271887202
vn 0.2675971681161033 0.96319689699365 0.02536716850667216
vn 0.3218759143499164 0.8775310573018686 -0.3554365474062422
vn 0.39024998053664206 0.7532241355795289 -0.5294887668984319
vn 0.2527135103347543 0.7629082763512601 -0.5950687721339739
vn 0.3218759143499164 0.8775310573018686 -0.3554365474062422
vn 0.2527135103347543 0.7629082763512601 -0.5950687721339739
vn 0.21173328984171677 0.9037764429270363 -0.3719639165066378
vn 0.5298323015681273 0.7335256750342287 -0.42569685960857234
vn 0.39024998053664206 0.7532241355795289 -0.5294887668984319
vn 0.3218759143499164 0.8775310573018686 -0.3554365474062422
vn 0.5298323015681273 0.7335256750342287 -0.42569685960857234
vn 0.3218759143499164 0.8775310573018686 -0.3554365474062422
vn 0.4254751873725117 0.8803195405212586 -0.20978172348125618
vn 0.462648703624385 0.42908456458141214 -0.7757851593531908
vn 0.4871120244086815 0.27159243218227136 -0.8300357982989616
vn 0.3247691701626139 0.3041729269946348 -0.8955466579667438
vn 0.462648703624385 0.42908456458141214 -0.7757851593531908
vn 0.3247691701626139 0.3041729269946348 -0.8955466579667438
vn 0.29317454356075495 0.473618796020754 -0.8305022113539461
vn 0.4871120244086815 0.27159243218227136 -0.8300357982989616
vn 0.462648703624385 0.42908456458141214 -0.7757851593531908
vn 0.6245409795282583 0.3953199714688031 -0.6735508036130524
vn 0.4871120244086815 0.27159243218227136 -0.8300357982989616
vn 0.6245409795282583 0.3953199714688031 -0.6735508036130524
vn 0.6470632827568379 0.24093167912215988 -0.7233678414909811
vn 0.4871120244086815 0.27159243218227136 -0.8300357982989616
vn 0.4980553707145838 0.11135677844387193 -0.859965415349339
vn 0.34687369607839613 0.13653724844103418 -0.9279203730692973
vn 0.4871120244086815 0.27159243218227136 -0.8300357982989616
vn 0.34687369607839613 0.13653724844103418 -0.9279203730692973
vn 0.3247691701626139 0.3041729269946348 -0.8955466579667438
vn 0.4980553707145838 0.11135677844387193 -0.859965415349339
vn 0.4871120244086815 0.27159243218227136 -0.8300357982989616
vn 0.6470632827568379 0.24093167912215988 -0.7233678414909811
vn 0.4980553707145838 0.11135677844387193 -0.859965415349339
vn 0.6470632827568379 0.24093167912215988 -0.7233678414909811
vn 0.6590662196604221 0.08393301523847478 -0.7473867586835469
vn 0.2675971681161033 0.96319689699365 0.02536716850667216
vn 0.26380833762642714 0.9564240574764241 -0.12513266271887202
vn 0.1576833014053925 0.983683688809148 -0.08661626191843753
vn 0.2675971681161033 0.96319689699365 0.02536716850667216
vn 0.1576833014053925 0.983683688809148 -0.08661626191843753
vn 0.10768122359263012 0.964456724970749 0.24130474455404138
vn -0.331729413875871 0.3200930835014649 -0.8874097215289538
vn -0.3158328976514819 0.15567471088764315 -0.9359567111523467
vn -0.494192923902348 0.13084375826293293 -0.8594493963512218
vn -0.331729413875871 0.3200930835014649 -0.8874097215289538
vn -0.494192923902348 0.13084375826293293 -0.8594493963512218
vn -0.5043075405282735 0.2996471064432257 -0.8098675917497414
vn -0.5043075405282735 0.2996471064432257 -0.8098675917497414
vn -0.494192923902348 0.13084375826293293 -0.8594493963512218
vn -0.6496388739401654 0.11749188875972333 -0.7511091728513417
vn -0.5043075405282735 0.2996471064432257 -0.8098675917497414
vn -0.6496388739401654 0.11749188875972333 -0.7511091728513417
vn -0.6255317565648002 0.29560184711263365 -0.7220315571445299
vn 0.12358164834133206 -0.5805289850007881 -0.8048066064385867
vn -0.023752664269512547 -0.5853254955809348 -0.8104504149934362
vn -0.019109924353938212 -0.4296627942448487 -0.902787180919676
vn 0.12358164834133206 -0.5805289850007881 -0.8048066064385867
vn -0.019109924353938212 -0.4296627942448487 -0.902787180919676
vn 0.17126245697044923 -0.454284361469072 -0.8742396066051243
vn -0.21998886762852776 -0.4630541814412802 -0.8585952033230002
vn -0.019109924353938212 -0.4296627942448487 -0.902787180919676
vn -0.023752664269512547 -0.5853254955809348 -0.8104504149934362
vn -0.21998886762852776 -0.4630541814412802 -0.8585952033230002
vn -0.023752664269512547 -0.5853254955809348 -0.8104504149934362
vn -0.20103519567929373 -0.617689896743801 -0.7602920764803619
vn 0.38647495058352344 -0.7080925091741662 -0.5909670980882918
vn 0.20451242035868736 -0.7174138874674842 -0.6659519381966115
vn 0.29069184073464355 -0.5661244450026895 -0.77136331679741
vn 0.38647495058352344 -0.7080925091741662 -0.5909670980882918
vn 0.29069184073464355 -0.5661244450026895 -0.77136331679741
vn 0.4813462906569973 -0.5428030188640598 -0.6882373363766402
vn 0.12358164834133206 -0.5805289850007881 -0.8048066064385867
vn 0.29069184073464355 -0.5661244450026895 -0.77136331679741
vn 0.20451242035868736 -0.7174138874674842 -0.6659519381966115
vn 0.12358164834133206 -0.5805289850007881 -0.8048066064385867
vn 0.20451242035868736 -0.7174138874674842 -0.6659519381966115
vn 0.0781012572992716 -0.7224611137417932 -0.6869862682319354
vn 0.4813462906569973 -0.5428030188640598 -0.6882373363766402
vn 0.29069184073464355 -0.5661244450026895 -0.77136331679741
vn 0.35173406412323005 -0.43337316860936004 -0.8297414325347617
vn 0.4813462906569973 -0.5428030188640598 -0.6882373363766402
vn 0.35173406412323005 -0.43337316860936004 -0.8297414325347617
vn 0.5507020066114183 -0.404395121456965 -0.7301998943138543
vn 0.17126245697044923 -0.454284361469072 -0.8742396066051243
vn 0.35173406412323005 -0.43337316860936004 -0.8297414325347617
vn 0.29069184073464355 -0.5661244450026895 -0.77136331679741
vn 0.17126245697044923 -0.454284361469072 -0.8742396066051243
vn 0.29069184073464355 -0.5661244450026895 -0.77136331679741
vn 0.12358164834133206 -0.5805289850007881 -0.8048066064385867
vn -0.003338849316251844 -0.9798794198431319 -0.19956245802537828
vn -0.05861498744553527 -0.9957861143298398 0.07052870163727246
vn -0.0603568689642791 -0.9924066035110471 -0.10717360531630969
vn -0.003338849316251844 -0.9798794198431319 -0.19956245802537828
vn -0.0603568689642791 -0.9924066035110471 -0.10717360531630969
vn -0.06845939053332524 -0.9528086303535381 -0.29575162851896625
vn -0.0603568689642791 -0.9924066035110471 -0.10717360531630969
vn -0.05861498744553527 -0.9957861143298398 0.07052870163727246
vn 0.012583443530973492 -0.9632117683000999 0.2684487779020374
vn -0.0603568689642791 -0.9924066035110471 -0.10717360531630969
vn 0.012583443530973492 -0.9632117683000999 0.2684487779020374
vn -0.003763192550660121 -0.9999380048372739 0.010479735868738748
vn -0.0603568689642791 -0.9924066035110471 -0.10717360531630969
vn -0.13819430667856392 -0.9438026909269367 -0.3002312678598021
vn -0.11323089412576369 -0.9062279431588485 -0.4073446693569992
vn -0.0603568689642791 -0.9924066035110471 -0.10717360531630969
vn -0.11323089412576369 -0.9062279431588485 -0.4073446693569992
vn -0.06845939053332524 -0.9528086303535381 -0.29575162851896625
vn -0.13819430667856392 -0.9438026909269367 -0.3002312678598021
vn -0.0603568689642791 -0.9924066035110471 -0.10717360531630969
vn -0.003763192550660121 -0.9999380048372739 0.010479735868738748
vn -0.13819430667856392 -0.9438026909269367 -0.3002312678598021
vn -0.003763192550660121 -0.9999380048372739 0.010479735868738748
vn -0.13073817191404255 -0.9658024753063071 -0.22390424090843875
vn -0.18240634602385808 -0.7330578063481168 -0.6552512323394067
vn -0.29267366076878937 -0.7529979810139967 -0.589352330003912
vn -0.3596411573475421 -0.6199591457051257 -0.6973585129603647
vn -0.18240634602385808 -0.7330578063481168 -0.6552512323394067
vn -0.3596411573475421 -0.6199591457051257 -0.6973585129603647
vn -0.20103519567929373 -0.617689896743801 -0.7602920764803619
vn -0.455541239841327 -0.6460333353120984 -0.6124729450917421
vn -0.3596411573475421 -0.6199591457051257 -0.6973585129603647
vn -0.29267366076878937 -0.7529979810139967 -0.589352330003912
vn -0.455541239841327 -0.6460333353120984 -0.6124729450917421
vn -0.29267366076878937 -0.7529979810139967 -0.589352330003912
vn -0.35699558852063884 -0.7790380232452798 -0.5154162474300646
vn -0.20103519567929373 -0.617689896743801 -0.7602920764803619
vn -0.3596411573475421 -0.6199591457051257 -0.6973585129603647
vn -0.4079800373006974 -0.47683507078995035 -0.7785760106944375
vn -0.20103519567929373 -0.617689896743801 -0.7602920764803619
vn -0.4079800373006974 -0.47683507078995035 -0.7785760106944375
vn -0.21998886762852776 -0.4630541814412802 -0.8585952033230002
vn -0.5302465663045998 -0.49647411142903913 -0.6872787175541869
vn -0.4079800373006974 -0.47683507078995035 -0.7785760106944375
vn -0.3596411573475421 -0.6199591457051257 -0.6973585129603647
vn -0.5302465663045998 -0.49647411142903913 -0.6872787175541869
vn -0.3596411573475421 -0.6199591457051257 -0.6973585129603647
vn -0.455541239841327 -0.6460333353120984 -0.6124729450917421
vn -0.008870256224113872 -0.998036980556625 0.0619959998381626
vn -0.05861498744553527 -0.9957861143298398 0.07052870163727246
vn -0.003338849316251844 -0.9798794198431319 -0.19956245802537828
vn -0.008870256224113872 -0.998036980556625 0.0619959998381626
vn -0.003338849316251844 -0.9798794198431319 -0.19956245802537828
vn 0.01202425063585262 -0.9879042206535257 -0.15459840947304831
vn 0.012583443530973492 -0.9632117683000999 0.2684487779020374
vn -0.05861498744553527 -0.9957861143298398 0.07052870163727246
vn -0.008870256224113872 -0.998036980556625 0.0619959998381626
vn 0.012583443530973492 -0.9632117683000999 0.2684487779020374
vn -0.008870256224113872 -0.998036980556625 0.0619959998381626
vn -0.026898242871731034 -0.9538353798981949 0.29912297234562146
vn -0.2509201276270293 -0.8659649400904192 0.43260121600133294
vn -0.0822645244687826 -0.7894332660518577 0.6082989942985453
vn -0.026898242871731034 -0.9538353798981949 0.29912297234562146
vn -0.2509201276270293 -0.8659649400904192 0.43260121600133294
vn -0.026898242871731034 -0.9538353798981949 0.29912297234562146
vn -0.025190411633460807 -0.9778425922956759 0.20782037401132988
vn 0.052561887234201604 -0.8142809614273073 0.5780862944815409
vn 0.012583443530973492 -0.9632117683000999 0.2684487779020374
vn -0.026898242871731034 -0.9538353798981949 0.29912297234562146
vn 0.052561887234201604 -0.8142809614273073 0.5780862944815409
vn -0.026898242871731034 -0.9538353798981949 0.29912297234562146
vn -0.0822645244687826 -0.7894332660518577 0.6082989942985453
vn -0.026898242871731034 -0.9538353798981949 0.29912297234562146
vn -0.008870256224113872 -0.998036980556625 0.0619959998381626
vn 0.01202425063585262 -0.9879042206535257 -0.15459840947304831
vn -0.026898242871731034 -0.9538353798981949 0.29912297234562146
vn 0.01202425063585262 -0.9879042206535257 -0.15459840947304831
vn 0.09600342141668114 -0.9863739457405483 -0.13360307721199147
vn -0.025190411633460807 -0.9778425922956759 0.20782037401132988
vn -0.026898242871731034 -0.9538353798981949 0.29912297234562146
vn 0.09600342141668114 -0.9863739457405483 -0.13360307721199147
vn -0.025190411633460807 -0.9778425922956759 0.20782037401132988
vn 0.09600342141668114 -0.9863739457405483 -0.13360307721199147
vn 0.20381252043914935 -0.9740258142865769 -0.09866189545925268
vn -0.6496388739401654 0.11749188875972333 -0.7511091728513417
vn -0.494192923902348 0.13084375826293293 -0.8594493963512218
vn -0.4910435365254786 -0.0076279344599896265 -0.8711016357764603
vn -0.6496388739401654 0.11749188875972333 -0.7511091728513417
vn -0.4910435365254786 -0.0076279344599896265 -0.8711016357764603
vn -0.6489282583947505 -0.028230902906818556 -0.7603256746801474
vn -0.4079800373006974 -0.47683507078995035 -0.7785760106944375
vn -0.5302465663045998 -0.49647411142903913 -0.6872787175541869
vn -0.6007124679447449 -0.36042748096690375 -0.7136081290313234
vn -0.4079800373006974 -0.47683507078995035 -0.7785760106944375
vn -0.6007124679447449 -0.36042748096690375 -0.7136081290313234
vn -0.43934293221150733 -0.3420925880556006 -0.8306325596274298
vn -0.43934293221150733 -0.3420925880556006 -0.8306325596274298
vn -0.6007124679447449 -0.36042748096690375 -0.7136081290313234
vn -0.6321307828145982 -0.2472062684174436 -0.7343702977880614
vn -0.43934293221150733 -0.3420925880556006 -0.8306325596274298
vn -0.6321307828145982 -0.2472062684174436 -0.7343702977880614
vn -0.46486947797838 -0.224327714558928 -0.856489022069096
vn -0.46486947797838 -0.224327714558928 -0.856489022069096
vn -0.6321307828145982 -0.2472062684174436 -0.7343702977880614
vn -0.644047931403173 -0.1434184716810221 -0.7514209233418869
vn -0.46486947797838 -0.224327714558928 -0.856489022069096
vn -0.644047931403173 -0.1434184716810221 -0.7514209233418869
vn -0.4832162313196215 -0.11975531456176575 -0.8672720094776925
vn -0.6489282583947505 -0.028230902906818556 -0.7603256746801474
vn -0.4910435365254786 -0.0076279344599896265 -0.8711016357764603
vn -0.4832162313196215 -0.11975531456176575 -0.8672720094776925
vn -0.6489282583947505 -0.028230902906818556 -0.7603256746801474
vn -0.4832162313196215 -0.11975531456176575 -0.8672720094776925
vn -0.644047931403173 -0.1434184716810221 -0.7514209233418869
vn -0.4910435365254786 -0.0076279344599896265 -0.8711016357764603
vn -0.3129588193660382 -0.006102892726892934 -0.9497470884827074
vn -0.2986079945155967 -0.11593473347132931 -0.9473079769464127
vn -0.4910435365254786 -0.0076279344599896265 -0.8711016357764603
vn -0.2986079945155967 -0.11593473347132931 -0.9473079769464127
vn -0.4832162313196215 -0.11975531456176575 -0.8672720094776925
vn -0.3129588193660382 -0.006102892726892934 -0.9497470884827074
vn -0.4910435365254786 -0.0076279344599896265 -0.8711016357764603
vn -0.494192923902348 0.13084375826293293 -0.8594493963512218
vn -0.3129588193660382 -0.006102892726892934 -0.9497470884827074
vn -0.494192923902348 0.13084375826293293 -0.8594493963512218
vn -0.3158328976514819 0.15567471088764315 -0.9359567111523467
vn -0.4832162313196215 -0.11975531456176575 -0.8672720094776925
vn -0.2986079945155967 -0.11593473347132931 -0.9473079769464127
vn -0.27477946969825534 -0.21051815147849007 -0.9381782085139396
vn -0.4832162313196215 -0.11975531456176575 -0.8672720094776925
vn -0.27477946969825534 -0.21051815147849007 -0.9381782085139396
vn -0.46486947797838 -0.224327714558928 -0.856489022069096
vn -0.46486947797838 -0.224327714558928 -0.856489022069096
vn -0.27477946969825534 -0.21051815147849007 -0.9381782085139396
vn -0.23948682632221305 -0.3305109342136489 -0.9129121438470051
vn -0.46486947797838 -0.224327714558928 -0.856489022069096
vn -0.23948682632221305 -0.3305109342136489 -0.9129121438470051
vn -0.43934293221150733 -0.3420925880556006 -0.8306325596274298
vn -0.43934293221150733 -0.3420925880556006 -0.8306325596274298
vn -0.23948682632221305 -0.3305109342136489 -0.9129121438470051
vn -0.21998886762852776 -0.4630541814412802 -0.8585952033230002
vn -0.43934293221150733 -0.3420925880556006 -0.8306325596274298
vn -0.21998886762852776 -0.4630541814412802 -0.8585952033230002
vn -0.4079800373006974 -0.47683507078995035 -0.7785760106944375
vn 0.7705468559146869 0.04882657720020333 -0.6355104312274528
vn 0.7495451349881045 -0.08201144670029596 -0.6568532661301066
vn 0.6289002336374176 -0.05951392053516039 -0.7752048693044545
vn 0.7705468559146869 0.04882657720020333 -0.6355104312274528
vn 0.6289002336374176 -0.05951392053516039 -0.7752048693044545
vn 0.6590662196604221 0.08393301523847478 -0.7473867586835469
vn 0.4980553707145838 0.11135677844387193 -0.859965415349339
vn 0.6590662196604221 0.08393301523847478 -0.7473867586835469
vn 0.6289002336374176 -0.05951392053516039 -0.7752048693044545
vn 0.4980553707145838 0.11135677844387193 -0.859965415349339
vn 0.6289002336374176 -0.05951392053516039 -0.7752048693044545
vn 0.46153638065904795 -0.04310231865266573 -0.8860735632298881
vn 0.4980553707145838 0.11135677844387193 -0.859965415349339
vn 0.46153638065904795 -0.04310231865266573 -0.8860735632298881
vn 0.3300000807633552 -0.01640478246333316 -0.9438383494055059
vn 0.4980553707145838 0.11135677844387193 -0.859965415349339
vn 0.3300000807633552 -0.01640478246333316 -0.9438383494055059
vn 0.34687369607839613 0.13653724844103418 -0.9279203730692973
vn 0.19953722316909459 0.14001927002920211 -0.9698347800478473
vn 0.34687369607839613 0.13653724844103418 -0.9279203730692973
vn 0.3300000807633552 -0.01640478246333316 -0.9438383494055059
vn 0.19953722316909459 0.14001927002920211 -0.9698347800478473
vn 0.3300000807633552 -0.01640478246333316 -0.9438383494055059
vn 0.1975640409263581 0.003434088313008199 -0.9802839674147011
vn 0.033092063384689896 0.16746279274258316 -0.9853228548997524
vn 0.19953722316909459 0.14001927002920211 -0.9698347800478473
vn 0.1975640409263581 0.003434088313008199 -0.9802839674147011
vn 0.033092063384689896 0.16746279274258316 -0.9853228548997524
vn 0.1975640409263581 0.003434088313008199 -0.9802839674147011
vn 0.03959332240669094 0.016027999900800345 -0.9990873195271671
vn 0.033092063384689896 0.16746279274258316 -0.9853228548997524
vn 0.03959332240669094 0.016027999900800345 -0.9990873195271671
vn -0.14100116796381387 0.009533426117621683 -0.9899635268126297
vn 0.033092063384689896 0.16746279274258316 -0.9853228548997524
vn -0.14100116796381387 0.009533426117621683 -0.9899635268126297
vn -0.14015078611223936 0.17161309269932212 -0.9751444526665243
vn -0.3158328976514819 0.15567471088764315 -0.9359567111523467
vn -0.14015078611223936 0.17161309269932212 -0.9751444526665243
vn -0.14100116796381387 0.009533426117621683 -0.9899635268126297
vn -0.3158328976514819 0.15567471088764315 -0.9359567111523467
vn -0.14100116796381387 0.009533426117621683 -0.9899635268126297
vn -0.3129588193660382 -0.006102892726892934 -0.9497470884827074
vn 0.5862008812427385 -0.17397190994550826 -0.791266264528034
vn 0.6289002336374176 -0.05951392053516039 -0.7752048693044545
vn 0.7495451349881045 -0.08201144670029596 -0.6568532661301066
vn 0.5862008812427385 -0.17397190994550826 -0.791266264528034
vn 0.7495451349881045 -0.08201144670029596 -0.6568532661301066
vn 0.7118028146552822 -0.1853892906747363 -0.6774714488094211
vn 0.19561933931872236 -0.35518616266142217 -0.9140983885437937
vn 0.38904714208491703 -0.33488584645617936 -0.8581921644240796
vn 0.35173406412323005 -0.43337316860936004 -0.8297414325347617
vn 0.19561933931872236 -0.35518616266142217 -0.9140983885437937
vn 0.35173406412323005 -0.43337316860936004 -0.8297414325347617
vn 0.17126245697044923 -0.454284361469072 -0.8742396066051243
vn 0.19561933931872236 -0.35518616266142217 -0.9140983885437937
vn 0.17126245697044923 -0.454284361469072 -0.8742396066051243
vn -0.019109924353938212 -0.4296627942448487 -0.902787180919676
vn 0.19561933931872236 -0.35518616266142217 -0.9140983885437937
vn -0.019109924353938212 -0.4296627942448487 -0.902787180919676
vn -0.025176112804395967 -0.32538193800934057 -0.9452474584791783
vn -0.23948682632221305 -0.3305109342136489 -0.9129121438470051
vn -0.025176112804395967 -0.32538193800934057 -0.9452474584791783
vn -0.019109924353938212 -0.4296627942448487 -0.902787180919676
vn -0.23948682632221305 -0.3305109342136489 -0.9129121438470051
vn -0.019109924353938212 -0.4296627942448487 -0.902787180919676
vn -0.21998886762852776 -0.4630541814412802 -0.8585952033230002
vn -0.3129588193660382 -0.006102892726892934 -0.9497470884827074
vn -0.14100116796381387 0.009533426117621683 -0.9899635268126297
vn -0.11879756407902109 -0.11174227794032154 -0.9866107652410847
vn -0.3129588193660382 -0.006102892726892934 -0.9497470884827074
vn -0.11879756407902109 -0.11174227794032154 -0.9866107652410847
vn -0.2986079945155967 -0.11593473347132931 -0.9473079769464127
vn -0.2986079945155967 -0.11593473347132931 -0.9473079769464127
vn -0.11879756407902109 -0.11174227794032154 -0.9866107652410847
vn -0.10410298707143395 -0.21583264394915372 -0.9708649946767689
vn -0.2986079945155967 -0.11593473347132931 -0.9473079769464127
vn -0.10410298707143395 -0.21583264394915372 -0.9708649946767689
vn -0.27477946969825534 -0.21051815147849007 -0.9381782085139396
vn -0.23948682632221305 -0.3305109342136489 -0.9129121438470051
vn -0.27477946969825534 -0.21051815147849007 -0.9381782085139396
vn -0.10410298707143395 -0.21583264394915372 -0.9708649946767689
vn -0.23948682632221305 -0.3305109342136489 -0.9129121438470051
vn -0.10410298707143395 -0.21583264394915372 -0.9708649946767689
vn -0.025176112804395967 -0.32538193800934057 -0.9452474584791783
vn 0.19561933931872236 -0.35518616266142217 -0.9140983885437937
vn -0.025176112804395967 -0.32538193800934057 -0.9452474584791783
vn 0.07563308707147265 -0.2727752778275378 -0.9591002470785568
vn 0.19561933931872236 -0.35518616266142217 -0.9140983885437937
vn 0.07563308707147265 -0.2727752778275378 -0.9591002470785568
vn 0.2263964840369804 -0.27312549480272236 -0.9349583392346748
vn 0.07563308707147265 -0.2727752778275378 -0.9591002470785568
vn -0.025176112804395967 -0.32538193800934057 -0.9452474584791783
vn -0.10410298707143395 -0.21583264394915372 -0.9708649946767689
vn 0.07563308707147265 -0.2727752778275378 -0.9591002470785568
vn -0.10410298707143395 -0.21583264394915372 -0.9708649946767689
vn 0.047017862763483395 -0.18120493554153097 -0.9823207683422681
vn 0.047017862763483395 -0.18120493554153097 -0.9823207683422681
vn -0.10410298707143395 -0.21583264394915372 -0.9708649946767689
vn -0.11879756407902109 -0.11174227794032154 -0.9866107652410847
vn 0.047017862763483395 -0.18120493554153097 -0.9823207683422681
vn -0.11879756407902109 -0.11174227794032154 -0.9866107652410847
vn 0.0476817474440871 -0.08964183007325652 -0.994832042739776
vn -0.14100116796381387 0.009533426117621683 -0.9899635268126297
vn 0.03959332240669094 0.016027999900800345 -0.9990873195271671
vn 0.0476817474440871 -0.08964183007325652 -0.994832042739776
vn -0.14100116796381387 0.009533426117621683 -0.9899635268126297
vn 0.0476817474440871 -0.08964183007325652 -0.994832042739776
vn -0.11879756407902109 -0.11174227794032154 -0.9866107652410847
vn 0.2263964840369804 -0.27312549480272236 -0.9349583392346748
vn 0.3829249769995395 -0.25363076915988353 -0.8882791762307998
vn 0.38904714208491703 -0.33488584645617936 -0.8581921644240796
vn 0.2263964840369804 -0.27312549480272236 -0.9349583392346748
vn 0.38904714208491703 -0.33488584645617936 -0.8581921644240796
vn 0.19561933931872236 -0.35518616266142217 -0.9140983885437937
vn 0.0476817474440871 -0.08964183007325652 -0.994832042739776
vn 0.03959332240669094 0.016027999900800345 -0.9990873195271671
vn 0.1975640409263581 0.003434088313008199 -0.9802839674147011
vn 0.0476817474440871 -0.08964183007325652 -0.994832042739776
vn 0.1975640409263581 0.003434088313008199 -0.9802839674147011
vn 0.1892011548309003 -0.10299271005806403 -0.9765221066036084
vn 0.047017862763483395 -0.18120493554153097 -0.9823207683422681
vn 0.0476817474440871 -0.08964183007325652 -0.994832042739776
vn 0.1892011548309003 -0.10299271005806403 -0.9765221066036084
vn 0.047017862763483395 -0.18120493554153097 -0.9823207683422681
vn 0.1892011548309003 -0.10299271005806403 -0.9765221066036084
vn 0.18756170084296137 -0.18536870366654093 -0.9646030541512305
vn 0.07563308707147265 -0.2727752778275378 -0.9591002470785568
vn 0.047017862763483395 -0.18120493554153097 -0.9823207683422681
vn 0.18756170084296137 -0.18536870366654093 -0.9646030541512305
vn 0.07563308707147265 -0.2727752778275378 -0.9591002470785568
vn 0.18756170084296137 -0.18536870366654093 -0.9646030541512305
vn 0.2263964840369804 -0.27312549480272236 -0.9349583392346748
vn 0.621340920541658 -0.30103668584891147 -0.7234033274968733
vn 0.773322718278849 -0.28308126364933794 -0.5673067702438478
vn 0.7252952843578542 -0.38705308680389866 -0.5693300084167645
vn 0.621340920541658 -0.30103668584891147 -0.7234033274968733
vn 0.7252952843578542 -0.38705308680389866 -0.5693300084167645
vn 0.5507020066114183 -0.404395121456965 -0.7301998943138543
vn 0.7118028146552822 -0.1853892906747363 -0.6774714488094211
vn 0.8129800444143644 -0.19303998897927757 -0.5493623667843465
vn 0.773322718278849 -0.28308126364933794 -0.5673067702438478
vn 0.7118028146552822 -0.1853892906747363 -0.6774714488094211
vn 0.773322718278849 -0.28308126364933794 -0.5673067702438478
vn 0.621340920541658 -0.30103668584891147 -0.7234033274968733
vn 0.5190470035567474 -0.25399377865336575 -0.8161356311938273
vn 0.5862008812427385 -0.17397190994550826 -0.791266264528034
vn 0.7118028146552822 -0.1853892906747363 -0.6774714488094211
vn 0.5190470035567474 -0.25399377865336575 -0.8161356311938273
vn 0.7118028146552822 -0.1853892906747363 -0.6774714488094211
vn 0.621340920541658 -0.30103668584891147 -0.7234033274968733
vn 0.5507020066114183 -0.404395121456965 -0.7301998943138543
vn 0.35173406412323005 -0.43337316860936004 -0.8297414325347617
vn 0.38904714208491703 -0.33488584645617936 -0.8581921644240796
vn 0.5507020066114183 -0.404395121456965 -0.7301998943138543
vn 0.38904714208491703 -0.33488584645617936 -0.8581921644240796
vn 0.621340920541658 -0.30103668584891147 -0.7234033274968733
vn 0.5190470035567474 -0.25399377865336575 -0.8161356311938273
vn 0.621340920541658 -0.30103668584891147 -0.7234033274968733
vn 0.38904714208491703 -0.33488584645617936 -0.8581921644240796
vn 0.5190470035567474 -0.25399377865336575 -0.8161356311938273
vn 0.38904714208491703 -0.33488584645617936 -0.8581921644240796
vn 0.3829249769995395 -0.25363076915988353 -0.8882791762307998
vn 0.46153638065904795 -0.04310231865266573 -0.8860735632298881
vn 0.6289002336374176 -0.05951392053516039 -0.7752048693044545
vn 0.5862008812427385 -0.17397190994550826 -0.791266264528034
vn 0.46153638065904795 -0.04310231865266573 -0.8860735632298881
vn 0.5862008812427385 -0.17397190994550826 -0.791266264528034
vn 0.4288431388086538 -0.15864733562200398 -0.8893394094476985
vn 0.4288431388086538 -0.15864733562200398 -0.8893394094476985
vn 0.5862008812427385 -0.17397190994550826 -0.791266264528034
vn 0.5190470035567474 -0.25399377865336575 -0.8161356311938273
vn 0.4288431388086538 -0.15864733562200398 -0.8893394094476985
vn 0.5190470035567474 -0.25399377865336575 -0.8161356311938273
vn 0.3829249769995395 -0.25363076915988353 -0.8882791762307998
vn 0.3300000807633552 -0.01640478246333316 -0.9438383494055059
vn 0.46153638065904795 -0.04310231865266573 -0.8860735632298881
vn 0.4288431388086538 -0.15864733562200398 -0.8893394094476985
vn 0.3300000807633552 -0.01640478246333316 -0.9438383494055059
vn 0.4288431388086538 -0.15864733562200398 -0.8893394094476985
vn 0.316051643687331 -0.11406104423420234 -0.9418606248860495
vn 0.30960211755933026 -0.19381147217655492 -0.9309047438140678
vn 0.316051643687331 -0.11406104423420234 -0.9418606248860495
vn 0.4288431388086538 -0.15864733562200398 -0.8893394094476985
vn 0.30960211755933026 -0.19381147217655492 -0.9309047438140678
vn 0.4288431388086538 -0.15864733562200398 -0.8893394094476985
vn 0.3829249769995395 -0.25363076915988353 -0.8882791762307998
vn 0.30960211755933026 -0.19381147217655492 -0.9309047438140678
vn 0.3829249769995395 -0.25363076915988353 -0.8882791762307998
vn 0.2263964840369804 -0.27312549480272236 -0.9349583392346748
vn 0.30960211755933026 -0.19381147217655492 -0.9309047438140678
vn 0.2263964840369804 -0.27312549480272236 -0.9349583392346748
vn 0.18756170084296137 -0.18536870366654093 -0.9646030541512305
vn 0.1892011548309003 -0.10299271005806403 -0.9765221066036084
vn 0.316051643687331 -0.11406104423420234 -0.9418606248860495
vn 0.30960211755933026 -0.19381147217655492 -0.9309047438140678
vn 0.1892011548309003 -0.10299271005806403 -0.9765221066036084
vn 0.30960211755933026 -0.19381147217655492 -0.9309047438140678
vn 0.18756170084296137 -0.18536870366654093 -0.9646030541512305
vn 0.3300000807633552 -0.01640478246333316 -0.9438383494055059
vn 0.316051643687331 -0.11406104423420234 -0.9418606248860495
vn 0.1892011548309003 -0.10299271005806403 -0.9765221066036084
vn 0.3300000807633552 -0.01640478246333316 -0.9438383494055059
vn 0.1892011548309003 -0.10299271005806403 -0.9765221066036084
vn 0.1975640409263581 0.003434088313008199 -0.9802839674147011
vn 0.49456718608134376 -0.82548679283585 -0.27198318570302077
vn 0.5232440823375796 -0.8298683200088827 -0.1937374557083348
vn 0.30497611920535495 -0.9405023796808706 -0.14981602227085308
vn 0.49456718608134376 -0.82548679283585 -0.27198318570302077
vn 0.30497611920535495 -0.9405023796808706 -0.14981602227085308
vn 0.3037559587556387 -0.9417964153769841 -0.14405495306828614
vn 0.5232440823375796 -0.8298683200088827 -0.1937374557083348
vn 0.49456718608134376 -0.82548679283585 -0.27198318570302077
vn 0.6306912258743336 -0.6932266503621665 -0.34880566055151846
vn 0.5232440823375796 -0.8298683200088827 -0.1937374557083348
vn 0.6306912258743336 -0.6932266503621665 -0.34880566055151846
vn 0.6892665352495371 -0.6892666621625251 -0.2232109133004702
vn 0.30497611920535495 -0.9405023796808706 -0.14981602227085308
vn 0.5232440823375796 -0.8298683200088827 -0.1937374557083348
vn 0.5308201952713354 -0.8427534691835503 -0.08942320991326752
vn 0.30497611920535495 -0.9405023796808706 -0.14981602227085308
vn 0.5308201952713354 -0.8427534691835503 -0.08942320991326752
vn 0.2566199156872674 -0.9624203235038175 -0.08884446960541338
vn 0.7243419514677063 -0.6842915546440331 -0.08410591885716105
vn 0.5308201952713354 -0.8427534691835503 -0.08942320991326752
vn 0.5232440823375796 -0.8298683200088827 -0.1937374557083348
vn 0.7243419514677063 -0.6842915546440331 -0.08410591885716105
vn 0.5232440823375796 -0.8298683200088827 -0.1937374557083348
vn 0.6892665352495371 -0.6892666621625251 -0.2232109133004702
vn 0.24517481522149287 -0.9692516787563377 0.020987930082029045
vn 0.5159655603698409 -0.8537753198067101 0.06962215021949607
vn 0.49557162010777855 -0.8538024728400864 0.1594681997010849
vn 0.24517481522149287 -0.9692516787563377 0.020987930082029045
vn 0.49557162010777855 -0.8538024728400864 0.1594681997010849
vn 0.24579534807133602 -0.9618247604614143 0.1203236345438175
vn 0.2566199156872674 -0.9624203235038175 -0.08884446960541338
vn 0.5308201952713354 -0.8427534691835503 -0.08942320991326752
vn 0.5159655603698409 -0.8537753198067101 0.06962215021949607
vn 0.2566199156872674 -0.9624203235038175 -0.08884446960541338
vn 0.5159655603698409 -0.8537753198067101 0.06962215021949607
vn 0.24517481522149287 -0.9692516787563377 0.020987930082029045
vn 0.7156370799240953 -0.6908284011779675 0.1030518799615368
vn 0.5159655603698409 -0.8537753198067101 0.06962215021949607
vn 0.5308201952713354 -0.8427534691835503 -0.08942320991326752
vn 0.7156370799240953 -0.6908284011779675 0.1030518799615368
vn 0.5308201952713354 -0.8427534691835503 -0.08942320991326752
vn 0.7243419514677063 -0.6842915546440331 -0.08410591885716105
vn 0.3966746908453977 -0.8529080946631908 -0.3394067938340563
vn 0.49456718608134376 -0.82548679283585 -0.27198318570302077
vn 0.3037559587556387 -0.9417964153769841 -0.14405495306828614
vn 0.3966746908453977 -0.8529080946631908 -0.3394067938340563
vn 0.3037559587556387 -0.9417964153769841 -0.14405495306828614
vn 0.20381252043914935 -0.9740258142865769 -0.09866189545925268
vn 0.49456718608134376 -0.82548679283585 -0.27198318570302077
vn 0.3966746908453977 -0.8529080946631908 -0.3394067938340563
vn 0.5375304899186615 -0.6971308984138048 -0.4744148847628676
vn 0.49456718608134376 -0.82548679283585 -0.27198318570302077
vn 0.5375304899186615 -0.6971308984138048 -0.4744148847628676
vn 0.6306912258743336 -0.6932266503621665 -0.34880566055151846
vn -0.11323089412576369 -0.9062279431588485 -0.4073446693569992
vn -0.1517951373536025 -0.8189873770402145 -0.5533695984824165
vn -0.045287134601253415 -0.848155169685668 -0.5278085671671915
vn -0.11323089412576369 -0.9062279431588485 -0.4073446693569992
vn -0.045287134601253415 -0.848155169685668 -0.5278085671671915
vn -0.06845939053332524 -0.9528086303535381 -0.29575162851896625
vn -0.024383152963685067 -0.7275800397242318 -0.6855893432999339
vn -0.045287134601253415 -0.848155169685668 -0.5278085671671915
vn -0.1517951373536025 -0.8189873770402145 -0.5533695984824165
vn -0.024383152963685067 -0.7275800397242318 -0.6855893432999339
vn -0.1517951373536025 -0.8189873770402145 -0.5533695984824165
vn -0.18240634602385808 -0.7330578063481168 -0.6552512323394067
vn -0.06845939053332524 -0.9528086303535381 -0.29575162851896625
vn -0.045287134601253415 -0.848155169685668 -0.5278085671671915
vn 0.02135168680720201 -0.8708469391733823 -0.4910903318156839
vn -0.06845939053332524 -0.9528086303535381 -0.29575162851896625
vn 0.02135168680720201 -0.8708469391733823 -0.4910903318156839
vn -0.003338849316251844 -0.9798794198431319 -0.19956245802537828
vn 0.02135168680720201 -0.8708469391733823 -0.4910903318156839
vn -0.045287134601253415 -0.848155169685668 -0.5278085671671915
vn -0.024383152963685067 -0.7275800397242318 -0.6855893432999339
vn 0.02135168680720201 -0.8708469391733823 -0.4910903318156839
vn -0.024383152963685067 -0.7275800397242318 -0.6855893432999339
vn 0.0781012572992716 -0.7224611137417932 -0.6869862682319354
vn 0.2694075736667063 -0.8639361794349795 -0.42548071297569906
vn 0.3966746908453977 -0.8529080946631908 -0.3394067938340563
vn 0.20381252043914935 -0.9740258142865769 -0.09866189545925268
vn 0.2694075736667063 -0.8639361794349795 -0.42548071297569906
vn 0.20381252043914935 -0.9740258142865769 -0.09866189545925268
vn 0.09600342141668114 -0.9863739457405483 -0.13360307721199147
vn 0.3966746908453977 -0.8529080946631908 -0.3394067938340563
vn 0.2694075736667063 -0.8639361794349795 -0.42548071297569906
vn 0.38647495058352344 -0.7080925091741662 -0.5909670980882918
vn 0.3966746908453977 -0.8529080946631908 -0.3394067938340563
vn 0.38647495058352344 -0.7080925091741662 -0.5909670980882918
vn 0.5375304899186615 -0.6971308984138048 -0.4744148847628676
vn 0.10331496739617861 -0.876126838369198 -0.470879794216231
vn 0.2694075736667063 -0.8639361794349795 -0.42548071297569906
vn 0.09600342141668114 -0.9863739457405483 -0.13360307721199147
vn 0.10331496739617861 -0.876126838369198 -0.470879794216231
vn 0.09600342141668114 -0.9863739457405483 -0.13360307721199147
vn 0.01202425063585262 -0.9879042206535257 -0.15459840947304831
vn 0.2694075736667063 -0.8639361794349795 -0.42548071297569906
vn 0.10331496739617861 -0.876126838369198 -0.470879794216231
vn 0.20451242035868736 -0.7174138874674842 -0.6659519381966115
vn 0.2694075736667063 -0.8639361794349795 -0.42548071297569906
vn 0.20451242035868736 -0.7174138874674842 -0.6659519381966115
vn 0.38647495058352344 -0.7080925091741662 -0.5909670980882918
vn 0.02135168680720201 -0.8708469391733823 -0.4910903318156839
vn 0.10331496739617861 -0.876126838369198 -0.470879794216231
vn 0.01202425063585262 -0.9879042206535257 -0.15459840947304831
vn 0.02135168680720201 -0.8708469391733823 -0.4910903318156839
vn 0.01202425063585262 -0.9879042206535257 -0.15459840947304831
vn -0.003338849316251844 -0.9798794198431319 -0.19956245802537828
vn 0.10331496739617861 -0.876126838369198 -0.470879794216231
vn 0.02135168680720201 -0.8708469391733823 -0.4910903318156839
vn 0.0781012572992716 -0.7224611137417932 -0.6869862682319354
vn 0.10331496739617861 -0.876126838369198 -0.470879794216231
vn 0.0781012572992716 -0.7224611137417932 -0.6869862682319354
vn 0.20451242035868736 -0.7174138874674842 -0.6659519381966115
vn -0.22812632318738776 -0.8579758699346985 -0.4602562191636312
vn -0.1517951373536025 -0.8189873770402145 -0.5533695984824165
vn -0.11323089412576369 -0.9062279431588485 -0.4073446693569992
vn -0.22812632318738776 -0.8579758699346985 -0.4602562191636312
vn -0.11323089412576369 -0.9062279431588485 -0.4073446693569992
vn -0.13819430667856392 -0.9438026909269367 -0.3002312678598021
vn -0.1517951373536025 -0.8189873770402145 -0.5533695984824165
vn -0.22812632318738776 -0.8579758699346985 -0.4602562191636312
vn -0.29267366076878937 -0.7529979810139967 -0.589352330003912
vn -0.1517951373536025 -0.8189873770402145 -0.5533695984824165
vn -0.29267366076878937 -0.7529979810139967 -0.589352330003912
vn -0.18240634602385808 -0.7330578063481168 -0.6552512323394067
vn -0.26290429735813636 -0.8835258654070037 -0.3876382019195603
vn -0.22812632318738776 -0.8579758699346985 -0.4602562191636312
vn -0.13819430667856392 -0.9438026909269367 -0.3002312678598021
vn -0.26290429735813636 -0.8835258654070037 -0.3876382019195603
vn -0.13819430667856392 -0.9438026909269367 -0.3002312678598021
vn -0.13073817191404255 -0.9658024753063071 -0.22390424090843875
vn -0.22812632318738776 -0.8579758699346985 -0.4602562191636312
vn -0.26290429735813636 -0.8835258654070037 -0.3876382019195603
vn -0.35699558852063884 -0.7790380232452798 -0.5154162474300646
vn -0.22812632318738776 -0.8579758699346985 -0.4602562191636312
vn -0.35699558852063884 -0.7790380232452798 -0.5154162474300646
vn -0.29267366076878937 -0.7529979810139967 -0.589352330003912
vn -0.4735819520959266 0.7980132809113519 -0.37268611208107955
vn -0.3426308236760905 0.9065601746730247 -0.24648076672198746
vn -0.23449412164207858 0.904028023821931 -0.35741549918816384
vn -0.4735819520959266 0.7980132809113519 -0.37268611208107955
vn -0.23449412164207858 0.904028023821931 -0.35741549918816384
vn -0.34912642453173554 0.7705385692589457 -0.5332739005221079
vn -0.3426308236760905 0.9065601746730247 -0.24648076672198746
vn -0.4735819520959266 0.7980132809113519 -0.37268611208107955
vn -0.5237907581559365 0.8240263251223532 -0.21592558249493995
vn -0.3426308236760905 0.9065601746730247 -0.24648076672198746
vn -0.5237907581559365 0.8240263251223532 -0.21592558249493995
vn -0.3330040952375654 0.9398880490991305 -0.07562226997149066
vn -0.4863889253245404 0.6481370946617148 -0.585955731984175
vn -0.574145982952392 0.6641782253973038 -0.47877309361295584
vn -0.4735819520959266 0.7980132809113519 -0.37268611208107955
vn -0.4863889253245404 0.6481370946617148 -0.585955731984175
vn -0.4735819520959266 0.7980132809113519 -0.37268611208107955
vn -0.34912642453173554 0.7705385692589457 -0.5332739005221079
vn -0.4735819520959266 0.7980132809113519 -0.37268611208107955
vn -0.574145982952392 0.6641782253973038 -0.47877309361295584
vn -0.6608183688269031 0.6718797286563065 -0.33450966150722616
vn -0.4735819520959266 0.7980132809113519 -0.37268611208107955
vn -0.6608183688269031 0.6718797286563065 -0.33450966150722616
vn -0.5237907581559365 0.8240263251223532 -0.21592558249493995
vn -0.5810668080210192 0.47484622159343826 -0.6609708242083756
vn -0.6872646514166117 0.4780723240829129 -0.5469132946447411
vn -0.574145982952392 0.6641782253973038 -0.47877309361295584
vn -0.5810668080210192 0.47484622159343826 -0.6609708242083756
vn -0.574145982952392 0.6641782253973038 -0.47877309361295584
vn -0.4863889253245404 0.6481370946617148 -0.585955731984175
vn -0.6608183688269031 0.6718797286563065 -0.33450966150722616
vn -0.574145982952392 0.6641782253973038 -0.47877309361295584
vn -0.6872646514166117 0.4780723240829129 -0.5469132946447411
vn -0.6608183688269031 0.6718797286563065 -0.33450966150722616
vn -0.6872646514166117 0.4780723240829129 -0.5469132946447411
vn -0.7993946281798814 0.45777791992293826 -0.3891113008744118
vn -0.6255317565648002 0.29560184711263365 -0.7220315571445299
vn -0.7449706166297209 0.2766215918714256 -0.6070414114941846
vn -0.6872646514166117 0.4780723240829129 -0.5469132946447411
vn -0.6255317565648002 0.29560184711263365 -0.7220315571445299
vn -0.6872646514166117 0.4780723240829129 -0.5469132946447411
vn -0.5810668080210192 0.47484622159343826 -0.6609708242083756
vn -0.7993946281798814 0.45777791992293826 -0.3891113008744118
vn -0.6872646514166117 0.4780723240829129 -0.5469132946447411
vn -0.7449706166297209 0.2766215918714256 -0.6070414114941846
vn -0.7993946281798814 0.45777791992293826 -0.3891113008744118
vn -0.7449706166297209 0.2766215918714256 -0.6070414114941846
vn -0.8579080221244256 0.24566152529399 -0.4512695874583022
vn -0.6496388739401654 0.11749188875972333 -0.7511091728513417
vn -0.7777030733397032 0.0930649939426906 -0.6217047825298009
vn -0.7449706166297209 0.2766215918714256 -0.6070414114941846
vn -0.6496388739401654 0.11749188875972333 -0.7511091728513417
vn -0.7449706166297209 0.2766215918714256 -0.6070414114941846
vn -0.6255317565648002 0.29560184711263365 -0.7220315571445299
vn -0.8579080221244256 0.24566152529399 -0.4512695874583022
vn -0.7449706166297209 0.2766215918714256 -0.6070414114941846
vn -0.7777030733397032 0.0930649939426906 -0.6217047825298009
vn -0.8579080221244256 0.24566152529399 -0.4512695874583022
vn -0.7777030733397032 0.0930649939426906 -0.6217047825298009
vn -0.8813556282794291 0.0808863377440982 -0.46547788010443714
vn -0.35699558852063884 -0.7790380232452798 -0.5154162474300646
vn -0.4342661770895043 -0.7868688371121634 -0.43846359098312726
vn -0.5504526770049983 -0.6578719952761269 -0.5140100078884053
vn -0.35699558852063884 -0.7790380232452798 -0.5154162474300646
vn -0.5504526770049983 -0.6578719952761269 -0.5140100078884053
vn -0.455541239841327 -0.6460333353120984 -0.6124729450917421
vn -0.6576819837751251 -0.6546299598879041 -0.37271171679298915
vn -0.5504526770049983 -0.6578719952761269 -0.5140100078884053
vn -0.4342661770895043 -0.7868688371121634 -0.43846359098312726
vn -0.6576819837751251 -0.6546299598879041 -0.37271171679298915
vn -0.4342661770895043 -0.7868688371121634 -0.43846359098312726
vn -0.5031025721338356 -0.8115294577105971 -0.2971661844494808
vn -0.455541239841327 -0.6460333353120984 -0.6124729450917421
vn -0.5504526770049983 -0.6578719952761269 -0.5140100078884053
vn -0.6498597875550922 -0.4993638859344521 -0.5729903715973715
vn -0.455541239841327 -0.6460333353120984 -0.6124729450917421
vn -0.6498597875550922 -0.4993638859344521 -0.5729903715973715
vn -0.5302465663045998 -0.49647411142903913 -0.6872787175541869
vn -0.6498597875550922 -0.4993638859344521 -0.5729903715973715
vn -0.5504526770049983 -0.6578719952761269 -0.5140100078884053
vn -0.6576819837751251 -0.6546299598879041 -0.37271171679298915
vn -0.6498597875550922 -0.4993638859344521 -0.5729903715973715
vn -0.6576819837751251 -0.6546299598879041 -0.37271171679298915
vn -0.7651699186941279 -0.48493187061274823 -0.4235045175551765
vn -0.6498597875550922 -0.4993638859344521 -0.5729903715973715
vn -0.7178778844401768 -0.3581760518524958 -0.5969600144993419
vn -0.6007124679447449 -0.36042748096690375 -0.7136081290313234
vn -0.6498597875550922 -0.4993638859344521 -0.5729903715973715
vn -0.6007124679447449 -0.36042748096690375 -0.7136081290313234
vn -0.5302465663045998 -0.49647411142903913 -0.6872787175541869
vn -0.7178778844401768 -0.3581760518524958 -0.5969600144993419
vn -0.6498597875550922 -0.4993638859344521 -0.5729903715973715
vn -0.7651699186941279 -0.48493187061274823 -0.4235045175551765
vn -0.7178778844401768 -0.3581760518524958 -0.5969600144993419
vn -0.7651699186941279 -0.48493187061274823 -0.4235045175551765
vn -0.8115826550818743 -0.3566767061005705 -0.4627259678205913
vn -0.6007124679447449 -0.36042748096690375 -0.7136081290313234
vn -0.7178778844401768 -0.3581760518524958 -0.5969600144993419
vn -0.7482170799806344 -0.26014990764785756 -0.6103222319202081
vn -0.6007124679447449 -0.36042748096690375 -0.7136081290313234
vn -0.7482170799806344 -0.26014990764785756 -0.6103222319202081
vn -0.6321307828145982 -0.2472062684174436 -0.7343702977880614
vn -0.7482170799806344 -0.26014990764785756 -0.6103222319202081
vn -0.7178778844401768 -0.3581760518524958 -0.5969600144993419
vn -0.8115826550818743 -0.3566767061005705 -0.4627259678205913
vn -0.7482170799806344 -0.26014990764785756 -0.6103222319202081
vn -0.8115826550818743 -0.3566767061005705 -0.4627259678205913
vn -0.8425941190505366 -0.25823275621340974 -0.47260024773573267
vn -0.7482170799806344 -0.26014990764785756 -0.6103222319202081
vn -0.7660354705678954 -0.16137102264554887 -0.6222130269306106
vn -0.644047931403173 -0.1434184716810221 -0.7514209233418869
vn -0.7482170799806344 -0.26014990764785756 -0.6103222319202081
vn -0.644047931403173 -0.1434184716810221 -0.7514209233418869
vn -0.6321307828145982 -0.2472062684174436 -0.7343702977880614
vn -0.8624308439727938 -0.16668829480409242 -0.4779414731320964
vn -0.7660354705678954 -0.16137102264554887 -0.6222130269306106
vn -0.7482170799806344 -0.26014990764785756 -0.6103222319202081
vn -0.8624308439727938 -0.16668829480409242 -0.4779414731320964
vn -0.7482170799806344 -0.26014990764785756 -0.6103222319202081
vn -0.8425941190505366 -0.25823275621340974 -0.47260024773573267
vn -0.6489282583947505 -0.028230902906818556 -0.7603256746801474
vn -0.7753832062543776 -0.042335251538819 -0.6300703214212093
vn -0.7777030733397032 0.0930649939426906 -0.6217047825298009
vn -0.6489282583947505 -0.028230902906818556 -0.7603256746801474
vn -0.7777030733397032 0.0930649939426906 -0.6217047825298009
vn -0.6496388739401654 0.11749188875972333 -0.7511091728513417
vn -0.8813556282794291 0.0808863377440982 -0.46547788010443714
vn -0.7777030733397032 0.0930649939426906 -0.6217047825298009
vn -0.7753832062543776 -0.042335251538819 -0.6300703214212093
vn -0.8813556282794291 0.0808863377440982 -0.46547788010443714
vn -0.7753832062543776 -0.042335251538819 -0.6300703214212093
vn -0.8779751284274613 -0.04729316906491505 -0.47636438786141455
vn -0.644047931403173 -0.1434184716810221 -0.7514209233418869
vn -0.7660354705678954 -0.16137102264554887 -0.6222130269306106
vn -0.7753832062543776 -0.042335251538819 -0.6300703214212093
vn -0.644047931403173 -0.1434184716810221 -0.7514209233418869
vn -0.7753832062543776 -0.042335251538819 -0.6300703214212093
vn -0.6489282583947505 -0.028230902906818556 -0.7603256746801474
vn -0.8779751284274613 -0.04729316906491505 -0.47636438786141455
vn -0.7753832062543776 -0.042335251538819 -0.6300703214212093
vn -0.7660354705678954 -0.16137102264554887 -0.6222130269306106
vn -0.8779751284274613 -0.04729316906491505 -0.47636438786141455
vn -0.7660354705678954 -0.16137102264554887 -0.6222130269306106
vn -0.8624308439727938 -0.16668829480409242 -0.4779414731320964
vn -0.30933461424663705 -0.8912803375209983 -0.3315591295339936
vn -0.4342661770895043 -0.7868688371121634 -0.43846359098312726
vn -0.35699558852063884 -0.7790380232452798 -0.5154162474300646
vn -0.30933461424663705 -0.8912803375209983 -0.3315591295339936
vn -0.35699558852063884 -0.7790380232452798 -0.5154162474300646
vn -0.26290429735813636 -0.8835258654070037 -0.3876382019195603
vn -0.016881269100723312 -0.9979925860923176 0.061039502441589656
vn -0.314823247130872 -0.9446603002517271 -0.09221301531937157
vn -0.2534188689917304 -0.9530147450498635 -0.165957140721621
vn -0.016881269100723312 -0.9979925860923176 0.061039502441589656
vn -0.2534188689917304 -0.9530147450498635 -0.165957140721621
vn 0.006673795968781008 -0.999175649490116 0.040043500263744584
vn -0.5031025721338356 -0.8115294577105971 -0.2971661844494808
vn -0.2534188689917304 -0.9530147450498635 -0.165957140721621
vn -0.314823247130872 -0.9446603002517271 -0.09221301531937157
vn -0.5031025721338356 -0.8115294577105971 -0.2971661844494808
vn -0.314823247130872 -0.9446603002517271 -0.09221301531937157
vn -0.5507616726642267 -0.8099209493132925 -0.20171672163595683
vn -0.13073817191404255 -0.9658024753063071 -0.22390424090843875
vn -0.2534188689917304 -0.9530147450498635 -0.165957140721621
vn -0.30933461424663705 -0.8912803375209983 -0.3315591295339936
vn -0.13073817191404255 -0.9658024753063071 -0.22390424090843875
vn -0.30933461424663705 -0.8912803375209983 -0.3315591295339936
vn -0.26290429735813636 -0.8835258654070037 -0.3876382019195603
vn -0.5031025721338356 -0.8115294577105971 -0.2971661844494808
vn -0.4342661770895043 -0.7868688371121634 -0.43846359098312726
vn -0.30933461424663705 -0.8912803375209983 -0.3315591295339936
vn -0.5031025721338356 -0.8115294577105971 -0.2971661844494808
vn -0.30933461424663705 -0.8912803375209983 -0.3315591295339936
vn -0.2534188689917304 -0.9530147450498635 -0.165957140721621
vn -0.13073817191404255 -0.9658024753063071 -0.22390424090843875
vn -0.003763192550660121 -0.9999380048372739 0.010479735868738748
vn 0.006673795968781008 -0.999175649490116 0.040043500263744584
vn -0.13073817191404255 -0.9658024753063071 -0.22390424090843875
vn 0.006673795968781008 -0.999175649490116 0.040043500263744584
vn -0.2534188689917304 -0.9530147450498635 -0.165957140721621
vn 0.24045324335105797 0.8368895786560722 0.4917296725832384
vn 0.20398889355681896 0.8577355861775882 0.47188790566198463
vn -0.030806309962621608 0.9865676683392194 0.16042196562255157
vn 0.24045324335105797 0.8368895786560722 0.4917296725832384
vn -0.030806309962621608 0.9865676683392194 0.16042196562255157
vn -0.04758111091109541 0.9722202021188043 0.22918096883584688
vn -0.3330040952375654 0.9398880490991305 -0.07562226997149066
vn -0.3498610651062165 0.9366511718015245 -0.016787420456237757
vn -0.04758111091109541 0.9722202021188043 0.22918096883584688
vn -0.3330040952375654 0.9398880490991305 -0.07562226997149066
vn -0.04758111091109541 0.9722202021188043 0.22918096883584688
vn -0.030806309962621608 0.9865676683392194 0.16042196562255157
vn -0.030806309962621608 0.9865676683392194 0.16042196562255157
vn 0.20398889355681896 0.8577355861775882 0.47188790566198463
vn 0.06370179240997594 0.98108264209802 0.18280845444815952
vn -0.030806309962621608 0.9865676683392194 0.16042196562255157
vn 0.06370179240997594 0.98108264209802 0.18280845444815952
vn -0.008726825608863908 0.9995414746240775 -0.028994534331788033
vn -0.17365940982567984 0.8941412426273946 -0.4127394427623014
vn -0.10707508100065465 0.952330128446992 -0.28566108149490543
vn -0.16490325582912566 0.8446406583495155 -0.5093025372800051
vn -0.17365940982567984 0.8941412426273946 -0.4127394427623014
vn -0.16490325582912566 0.8446406583495155 -0.5093025372800051
vn -0.2350726838249463 0.8052551792695165 -0.5443389840705475
vn -0.054829638149749615 0.8726982404293396 -0.4851716108058074
vn -0.16490325582912566 0.8446406583495155 -0.5093025372800051
vn -0.10707508100065465 0.952330128446992 -0.28566108149490543
vn -0.054829638149749615 0.8726982404293396 -0.4851716108058074
vn -0.10707508100065465 0.952330128446992 -0.28566108149490543
vn -0.043493261760245025 0.9782187200241438 -0.20296914045189338
vn -0.16490325582912566 0.8446406583495155 -0.5093025372800051
vn -0.13781002924079422 0.7333976049098444 -0.6656848721077828
vn -0.25630589858049263 0.6857708844531699 -0.6811942310304477
vn -0.16490325582912566 0.8446406583495155 -0.5093025372800051
vn -0.25630589858049263 0.6857708844531699 -0.6811942310304477
vn -0.2350726838249463 0.8052551792695165 -0.5443389840705475
vn -0.13781002924079422 0.7333976049098444 -0.6656848721077828
vn -0.16490325582912566 0.8446406583495155 -0.5093025372800051
vn -0.054829638149749615 0.8726982404293396 -0.4851716108058074
vn -0.13781002924079422 0.7333976049098444 -0.6656848721077828
vn -0.054829638149749615 0.8726982404293396 -0.4851716108058074
vn -0.018790209420019792 0.7327251665637803 -0.6802652117476187
vn -0.0819003095124524 0.9782282140339483 -0.19068796650474895
vn -0.10707508100065465 0.952330128446992 -0.28566108149490543
vn -0.17365940982567984 0.8941412426273946 -0.4127394427623014
vn -0.0819003095124524 0.9782282140339483 -0.19068796650474895
vn -0.17365940982567984 0.8941412426273946 -0.4127394427623014
vn -0.23449412164207858 0.904028023821931 -0.35741549918816384
vn -0.10707508100065465 0.952330128446992 -0.28566108149490543
vn -0.0819003095124524 0.9782282140339483 -0.19068796650474895
vn -0.008726825608863908 0.9995414746240775 -0.028994534331788033
vn -0.10707508100065465 0.952330128446992 -0.28566108149490543
vn -0.008726825608863908 0.9995414746240775 -0.028994534331788033
vn -0.043493261760245025 0.9782187200241438 -0.20296914045189338
vn -0.15688483848280943 0.9853708520391543 -0.06656899733249545
vn -0.0819003095124524 0.9782282140339483 -0.19068796650474895
vn -0.23449412164207858 0.904028023821931 -0.35741549918816384
vn -0.15688483848280943 0.9853708520391543 -0.06656899733249545
vn -0.23449412164207858 0.904028023821931 -0.35741549918816384
vn -0.3426308236760905 0.9065601746730247 -0.24648076672198746
vn -0.008726825608863908 0.9995414746240775 -0.028994534331788033
vn -0.0819003095124524 0.9782282140339483 -0.19068796650474895
vn -0.15688483848280943 0.9853708520391543 -0.06656899733249545
vn -0.008726825608863908 0.9995414746240775 -0.028994534331788033
vn -0.15688483848280943 0.9853708520391543 -0.06656899733249545
vn -0.030806309962621608 0.9865676683392194 0.16042196562255157
vn -0.15688483848280943 0.9853708520391543 -0.06656899733249545
vn -0.3426308236760905 0.9065601746730247 -0.24648076672198746
vn -0.3330040952375654 0.9398880490991305 -0.07562226997149066
vn -0.15688483848280943 0.9853708520391543 -0.06656899733249545
vn -0.3330040952375654 0.9398880490991305 -0.07562226997149066
vn -0.030806309962621608 0.9865676683392194 0.16042196562255157
vn 0.2527135103347543 0.7629082763512601 -0.5950687721339739
vn 0.2717479936118578 0.6293109227655738 -0.7280939434275441
vn 0.14594309704892303 0.6144868447666827 -0.7753106022959155
vn 0.2527135103347543 0.7629082763512601 -0.5950687721339739
vn 0.14594309704892303 0.6144868447666827 -0.7753106022959155
vn 0.1280462941119326 0.7514968405145279 -0.6471913513489518
vn 0.15708774553234153 0.4896708888957307 -0.8576397033554541
vn 0.14594309704892303 0.6144868447666827 -0.7753106022959155
vn 0.2717479936118578 0.6293109227655738 -0.7280939434275441
vn 0.15708774553234153 0.4896708888957307 -0.8576397033554541
vn 0.2717479936118578 0.6293109227655738 -0.7280939434275441
vn 0.29317454356075495 0.473618796020754 -0.8305022113539461
vn 0.7637745483902467 0.5239979979679098 -0.3769277614568835
vn 0.6894167040870585 0.5524488529098147 -0.4685134715719143
vn 0.6032523463431776 0.7216902831997767 -0.3394845236037677
vn 0.7637745483902467 0.5239979979679098 -0.3769277614568835
vn 0.6032523463431776 0.7216902831997767 -0.3394845236037677
vn 0.6675627471112449 0.6990333459329734 -0.2563442215908917
vn 0.7464638348043856 0.3711338442524819 -0.5523145960225073
vn 0.6894167040870585 0.5524488529098147 -0.4685134715719143
vn 0.7637745483902467 0.5239979979679098 -0.3769277614568835
vn 0.7464638348043856 0.3711338442524819 -0.5523145960225073
vn 0.7637745483902467 0.5239979979679098 -0.3769277614568835
vn 0.8299553036786177 0.33163869659263495 -0.44854204799335323
vn 0.7033790955976356 0.6768686839017171 -0.21704062437573643
vn 0.8118142358860103 0.49880021052406553 -0.3035720612868729
vn 0.7637745483902467 0.5239979979679098 -0.3769277614568835
vn 0.7033790955976356 0.6768686839017171 -0.21704062437573643
vn 0.7637745483902467 0.5239979979679098 -0.3769277614568835
vn 0.6675627471112449 0.6990333459329734 -0.2563442215908917
vn 0.7637745483902467 0.5239979979679098 -0.3769277614568835
vn 0.8118142358860103 0.49880021052406553 -0.3035720612868729
vn 0.8773074202888005 0.33528385118022663 -0.3433896175541211
vn 0.7637745483902467 0.5239979979679098 -0.3769277614568835
vn 0.8773074202888005 0.33528385118022663 -0.3433896175541211
vn 0.8299553036786177 0.33163869659263495 -0.44854204799335323
vn 0.7656182409143226 0.6212302382231457 -0.16703802051171496
vn 0.854651247660022 0.46719645939715493 -0.2264921923597591
vn 0.8118142358860103 0.49880021052406553 -0.3035720612868729
vn 0.7656182409143226 0.6212302382231457 -0.16703802051171496
vn 0.8118142358860103 0.49880021052406553 -0.3035720612868729
vn 0.7033790955976356 0.6768686839017171 -0.21704062437573643
vn 0.8118142358860103 0.49880021052406553 -0.3035720612868729
vn 0.854651247660022 0.46719645939715493 -0.2264921923597591
vn 0.916149951821059 0.31771546482053176 -0.244389339358625
vn 0.8118142358860103 0.49880021052406553 -0.3035720612868729
vn 0.916149951821059 0.31771546482053176 -0.244389339358625
vn 0.8773074202888005 0.33528385118022663 -0.3433896175541211
vn 0.8792868114022993 0.4695886254117031 -0.07963181636710571
vn 0.854651247660022 0.46719645939715493 -0.2264921923597591
vn 0.7656182409143226 0.6212302382231457 -0.16703802051171496
vn 0.8792868114022993 0.4695886254117031 -0.07963181636710571
vn 0.7656182409143226 0.6212302382231457 -0.16703802051171496
vn 0.8125561491103632 0.5808058804148876 0.04916333815379671
vn 0.916149951821059 0.31771546482053176 -0.244389339358625
vn 0.854651247660022 0.46719645939715493 -0.2264921923597591
vn 0.8792868114022993 0.4695886254117031 -0.07963181636710571
vn 0.916149951821059 0.31771546482053176 -0.244389339358625
vn 0.8792868114022993 0.4695886254117031 -0.07963181636710571
vn 0.9485136121198531 0.308734021698963 -0.07074766051915103
vn 0.14594309704892303 0.6144868447666827 -0.7753106022959155
vn 0.014824616556187957 0.6048039118654007 -0.7962364340673384
vn -0.018790209420019792 0.7327251665637803 -0.6802652117476187
vn 0.14594309704892303 0.6144868447666827 -0.7753106022959155
vn -0.018790209420019792 0.7327251665637803 -0.6802652117476187
vn 0.1280462941119326 0.7514968405145279 -0.6471913513489518
vn 0.014824616556187957 0.6048039118654007 -0.7962364340673384
vn 0.14594309704892303 0.6144868447666827 -0.7753106022959155
vn 0.15708774553234153 0.4896708888957307 -0.8576397033554541
vn 0.014824616556187957 0.6048039118654007 -0.7962364340673384
vn 0.15708774553234153 0.4896708888957307 -0.8576397033554541
vn -0.0008581963907833125 0.4861445237744166 -0.8738780037871993
vn 0.6894167040870585 0.5524488529098147 -0.4685134715719143
vn 0.5853744804792979 0.5670634370662023 -0.5794616259479632
vn 0.5298323015681273 0.7335256750342287 -0.42569685960857234
vn 0.6894167040870585 0.5524488529098147 -0.4685134715719143
vn 0.5298323015681273 0.7335256750342287 -0.42569685960857234
vn 0.6032523463431776 0.7216902831997767 -0.3394845236037677
vn 0.6245409795282583 0.3953199714688031 -0.6735508036130524
vn 0.5853744804792979 0.5670634370662023 -0.5794616259479632
vn 0.6894167040870585 0.5524488529098147 -0.4685134715719143
vn 0.6245409795282583 0.3953199714688031 -0.6735508036130524
vn 0.6894167040870585 0.5524488529098147 -0.4685134715719143
vn 0.7464638348043856 0.3711338442524819 -0.5523145960225073
vn 0.39024998053664206 0.7532241355795289 -0.5294887668984319
vn 0.4296713138616089 0.5957801694955784 -0.678548857253668
vn 0.2717479936118578 0.6293109227655738 -0.7280939434275441
vn 0.39024998053664206 0.7532241355795289 -0.5294887668984319
vn 0.2717479936118578 0.6293109227655738 -0.7280939434275441
vn 0.2527135103347543 0.7629082763512601 -0.5950687721339739
vn 0.29317454356075495 0.473618796020754 -0.8305022113539461
vn 0.2717479936118578 0.6293109227655738 -0.7280939434275441
vn 0.4296713138616089 0.5957801694955784 -0.678548857253668
vn 0.29317454356075495 0.473618796020754 -0.8305022113539461
vn 0.4296713138616089 0.5957801694955784 -0.678548857253668
vn 0.462648703624385 0.42908456458141214 -0.7757851593531908
vn 0.5853744804792979 0.5670634370662023 -0.5794616259479632
vn 0.4296713138616089 0.5957801694955784 -0.678548857253668
vn 0.39024998053664206 0.7532241355795289 -0.5294887668984319
vn 0.5853744804792979 0.5670634370662023 -0.5794616259479632
vn 0.39024998053664206 0.7532241355795289 -0.5294887668984319
vn 0.5298323015681273 0.7335256750342287 -0.42569685960857234
vn 0.462648703624385 0.42908456458141214 -0.7757851593531908
vn 0.4296713138616089 0.5957801694955784 -0.678548857253668
vn 0.5853744804792979 0.5670634370662023 -0.5794616259479632
vn 0.462648703624385 0.42908456458141214 -0.7757851593531908
vn 0.5853744804792979 0.5670634370662023 -0.5794616259479632
vn 0.6245409795282583 0.3953199714688031 -0.6735508036130524
vn -0.018790209420019792 0.7327251665637803 -0.6802652117476187
vn 0.014824616556187957 0.6048039118654007 -0.7962364340673384
vn -0.12830510890074523 0.615826531784141 -0.7773644459201131
vn -0.018790209420019792 0.7327251665637803 -0.6802652117476187
vn -0.12830510890074523 0.615826531784141 -0.7773644459201131
vn -0.13781002924079422 0.7333976049098444 -0.6656848721077828
vn 0.8792868114022993 0.4695886254117031 -0.07963181636710571
vn 0.8125561491103632 0.5808058804148876 0.04916333815379671
vn 0.9376202743727892 0.32214000050937286 0.13074418211498764
vn 0.8792868114022993 0.4695886254117031 -0.07963181636710571
vn 0.9376202743727892 0.32214000050937286 0.13074418211498764
vn 0.9485136121198531 0.308734021698963 -0.07074766051915103
vn -0.12830510890074523 0.615826531784141 -0.7773644459201131
vn 0.014824616556187957 0.6048039118654007 -0.7962364340673384
vn -0.0008581963907833125 0.4861445237744166 -0.8738780037871993
vn -0.12830510890074523 0.615826531784141 -0.7773644459201131
vn -0.0008581963907833125 0.4861445237744166 -0.8738780037871993
vn -0.1799388684925305 0.4874655604176739 -0.8543999830362304
vn -0.1799388684925305 0.4874655604176739 -0.8543999830362304
vn -0.13893044452278477 0.3290833860668519 -0.9340248693688389
vn -0.331729413875871 0.3200930835014649 -0.8874097215289538
vn -0.1799388684925305 0.4874655604176739 -0.8543999830362304
vn -0.331729413875871 0.3200930835014649 -0.8874097215289538
vn -0.34088772135636 0.4810960649632207 -0.8076770008520565
vn -0.13893044452278477 0.3290833860668519 -0.9340248693688389
vn -0.1799388684925305 0.4874655604176739 -0.8543999830362304
vn -0.0008581963907833125 0.4861445237744166 -0.8738780037871993
vn -0.13893044452278477 0.3290833860668519 -0.9340248693688389
vn -0.0008581963907833125 0.4861445237744166 -0.8738780037871993
vn 0.01850245514620911 0.34277159510557886 -0.9392365478101561
vn -0.12830510890074523 0.615826531784141 -0.7773644459201131
vn -0.1799388684925305 0.4874655604176739 -0.8543999830362304
vn -0.25630589858049263 0.6857708844531699 -0.6811942310304477
vn -0.12830510890074523 0.615826531784141 -0.7773644459201131
vn -0.25630589858049263 0.6857708844531699 -0.6811942310304477
vn -0.13781002924079422 0.7333976049098444 -0.6656848721077828
vn -0.25630589858049263 0.6857708844531699 -0.6811942310304477
vn -0.1799388684925305 0.4874655604176739 -0.8543999830362304
vn -0.34088772135636 0.4810960649632207 -0.8076770008520565
vn -0.25630589858049263 0.6857708844531699 -0.6811942310304477
vn -0.34088772135636 0.4810960649632207 -0.8076770008520565
vn -0.3447171721962807 0.6446163305374122 -0.6823780899160536
vn 0.3717344271782795 -0.8877355228570911 0.2715495481640202
vn 0.5676207657950646 -0.717396367849776 0.4039172163131614
vn 0.47278512010127843 -0.7422669210407794 0.4748831942061763
vn 0.3717344271782795 -0.8877355228570911 0.2715495481640202
vn 0.47278512010127843 -0.7422669210407794 0.4748831942061763
vn 0.3134220446433827 -0.88971433747542 0.3319262261741847
vn 0.5282354775346462 -0.8141961460959607 0.24093965210448234
vn 0.6807787423595418 -0.6578826230339552 0.3220725978119272
vn 0.5676207657950646 -0.717396367849776 0.4039172163131614
vn 0.5282354775346462 -0.8141961460959607 0.24093965210448234
vn 0.5676207657950646 -0.717396367849776 0.4039172163131614
vn 0.3717344271782795 -0.8877355228570911 0.2715495481640202
vn 0.5159655603698409 -0.8537753198067101 0.06962215021949607
vn 0.7156370799240953 -0.6908284011779675 0.1030518799615368
vn 0.7028092667703556 -0.6707594381071327 0.23694073253013945
vn 0.5159655603698409 -0.8537753198067101 0.06962215021949607
vn 0.7028092667703556 -0.6707594381071327 0.23694073253013945
vn 0.49557162010777855 -0.8538024728400864 0.1594681997010849
vn 0.5282354775346462 -0.8141961460959607 0.24093965210448234
vn 0.49557162010777855 -0.8538024728400864 0.1594681997010849
vn 0.7028092667703556 -0.6707594381071327 0.23694073253013945
vn 0.5282354775346462 -0.8141961460959607 0.24093965210448234
vn 0.7028092667703556 -0.6707594381071327 0.23694073253013945
vn 0.6807787423595418 -0.6578826230339552 0.3220725978119272
vn 0.5282354775346462 -0.8141961460959607 0.24093965210448234
vn 0.3717344271782795 -0.8877355228570911 0.2715495481640202
vn 0.24579534807133602 -0.9618247604614143 0.1203236345438175
vn 0.5282354775346462 -0.8141961460959607 0.24093965210448234
vn 0.24579534807133602 -0.9618247604614143 0.1203236345438175
vn 0.49557162010777855 -0.8538024728400864 0.1594681997010849
vn 0.6953774891667885 0.5068214085454917 -0.5094921072990797
vn 0.35551937786020094 0.5191648973686135 -0.7772218353251102
vn 0.7808514754712597 0.6124361608654325 0.12325957211822039
vn 0.6953774891667885 0.5068214085454917 -0.5094921072990797
vn 0.7808514754712597 0.6124361608654325 0.12325957211822039
vn 0.6473639291816725 0.7497346842425452 -0.1371781558346581
vn -0.9776663892854827 0.1483928754918487 -0.14882199355185313
vn 0.09070446027812507 0.10243606383749998 0.9905955550632829
vn -0.3110558792124068 -0.014114903874600569 0.9502868038103062
vn -0.9776663892854827 0.1483928754918487 -0.14882199355185313
vn -0.3110558792124068 -0.014114903874600569 0.9502868038103062
vn -0.9280435779058197 0.0732402709099612 -0.36519991816099856
vn 0.09070446027812507 0.10243606383749998 0.9905955550632829
vn 0.41468891358909565 0.21115950348673904 0.8851241545871005
vn 0.6216291943354747 0.32883974410180355 0.7109441380649318
vn 0.09070446027812507 0.10243606383749998 0.9905955550632829
vn 0.6216291943354747 0.32883974410180355 0.7109441380649318
vn -0.3110558792124068 -0.014114903874600569 0.9502868038103062
vn 0.6216291943354747 0.32883974410180355 0.7109441380649318
vn 0.41468891358909565 0.21115950348673904 0.8851241545871005
vn 0.8331927532348993 0.501422288943577 0.23316415699552082
vn 0.6216291943354747 0.32883974410180355 0.7109441380649318
vn 0.8331927532348993 0.501422288943577 0.23316415699552082
vn 0.910775320787041 0.41256680008355084 0.016641830250364108
vn 0.910775320787041 0.41256680008355084 0.016641830250364108
vn 0.8331927532348993 0.501422288943577 0.23316415699552082
vn 0.46594430228524 0.32118284307855843 -0.8244619387697015
vn 0.910775320787041 0.41256680008355084 0.016641830250364108
vn 0.46594430228524 0.32118284307855843 -0.8244619387697015
vn 0.7648505863944143 0.19245226296927662 -0.6147891565163827
vn 0.5227099147713716 0.46062564849290627 0.7173551121656516
vn 0.4597802257623424 0.5843685795369518 0.6686669628805471
vn 0.7215604956582352 0.6073086071412127 0.3324555711634895
vn 0.5227099147713716 0.46062564849290627 0.7173551121656516
vn 0.7215604956582352 0.6073086071412127 0.3324555711634895
vn 0.7808514754712597 0.6124361608654325 0.12325957211822039
vn 0.40181952348881783 0.5771476347582395 0.7109442159805432
vn 0.4597802257623424 0.5843685795369518 0.6686669628805471
vn 0.5227099147713716 0.46062564849290627 0.7173551121656516
vn 0.40181952348881783 0.5771476347582395 0.7109442159805432
vn 0.5227099147713716 0.46062564849290627 0.7173551121656516
vn -0.14743936623445808 0.5674416062688177 0.8101059540328325
vn 0.7648505863944143 0.19245226296927662 -0.6147891565163827
vn 0.46594430228524 0.32118284307855843 -0.8244619387697015
vn -0.22583315933089335 0.1007092747184498 -0.9689463484281837
vn 0.7648505863944143 0.19245226296927662 -0.6147891565163827
vn -0.22583315933089335 0.1007092747184498 -0.9689463484281837
vn -0.18983643770448086 -0.15354779225102091 -0.9697346041131615
vn -0.9280435779058197 0.0732402709099612 -0.36519991816099856
vn -0.18983643770448086 -0.15354779225102091 -0.9697346041131615
vn -0.22583315933089335 0.1007092747184498 -0.9689463484281837
vn -0.9280435779058197 0.0732402709099612 -0.36519991816099856
vn -0.22583315933089335 0.1007092747184498 -0.9689463484281837
vn -0.9776663892854827 0.1483928754918487 -0.14882199355185313
vn -0.9249015377620455 -0.36772893959580716 0.09660524017436424
vn -0.9280435779058197 0.0732402709099612 -0.36519991816099856
vn -0.3110558792124068 -0.014114903874600569 0.9502868038103062
vn -0.9249015377620455 -0.36772893959580716 0.09660524017436424
vn -0.3110558792124068 -0.014114903874600569 0.9502868038103062
vn -0.37474578354866706 0.07534031436888987 0.9240613803981272
vn -0.18983643770448086 -0.15354779225102091 -0.9697346041131615
vn -0.9280435779058197 0.0732402709099612 -0.36519991816099856
vn -0.9249015377620455 -0.36772893959580716 0.09660524017436424
vn -0.18983643770448086 -0.15354779225102091 -0.9697346041131615
vn -0.9249015377620455 -0.36772893959580716 0.09660524017436424
vn -0.3808283921201444 -0.3347628039203154 -0.8619185581402654
vn 0.6969881925186504 0.137709490201391 -0.7037354302563269
vn 0.7648505863944143 0.19245226296927662 -0.6147891565163827
vn -0.18983643770448086 -0.15354779225102091 -0.9697346041131615
vn 0.6969881925186504 0.137709490201391 -0.7037354302563269
vn -0.18983643770448086 -0.15354779225102091 -0.9697346041131615
vn -0.3808283921201444 -0.3347628039203154 -0.8619185581402654
vn 0.9284845593158978 0.3501843154943978 0.12364209757879048
vn 0.910775320787041 0.41256680008355084 0.016641830250364108
vn 0.7648505863944143 0.19245226296927662 -0.6147891565163827
vn 0.9284845593158978 0.3501843154943978 0.12364209757879048
vn 0.7648505863944143 0.19245226296927662 -0.6147891565163827
vn 0.6969881925186504 0.137709490201391 -0.7037354302563269
vn 0.5465204743400643 0.35458743849163443 0.7586719446447538
vn 0.6216291943354747 0.32883974410180355 0.7109441380649318
vn 0.910775320787041 0.41256680008355084 0.016641830250364108
vn 0.5465204743400643 0.35458743849163443 0.7586719446447538
vn 0.910775320787041 0.41256680008355084 0.016641830250364108
vn 0.9284845593158978 0.3501843154943978 0.12364209757879048
vn -0.3110558792124068 -0.014114903874600569 0.9502868038103062
vn 0.6216291943354747 0.32883974410180355 0.7109441380649318
vn 0.5465204743400643 0.35458743849163443 0.7586719446447538
vn -0.3110558792124068 -0.014114903874600569 0.9502868038103062
vn 0.5465204743400643 0.35458743849163443 0.7586719446447538
vn -0.37474578354866706 0.07534031436888987 0.9240613803981272
vn 0.4895812589036012 0.46197167136398526 0.7395217142096173
vn 0.5465204743400643 0.35458743849163443 0.7586719446447538
vn 0.9284845593158978 0.3501843154943978 0.12364209757879048
vn 0.4895812589036012 0.46197167136398526 0.7395217142096173
vn 0.9284845593158978 0.3501843154943978 0.12364209757879048
vn 0.9008945647317319 0.41887868862737526 0.11370851969238596
vn -0.3238768210969401 0.18921441142960724 0.926985281039288
vn -0.37474578354866706 0.07534031436888987 0.9240613803981272
vn 0.5465204743400643 0.35458743849163443 0.7586719446447538
vn -0.3238768210969401 0.18921441142960724 0.926985281039288
vn 0.5465204743400643 0.35458743849163443 0.7586719446447538
vn 0.4895812589036012 0.46197167136398526 0.7395217142096173
vn -0.9328050873112186 -0.306722553048604 0.18919816208847298
vn -0.9249015377620455 -0.36772893959580716 0.09660524017436424
vn -0.37474578354866706 0.07534031436888987 0.9240613803981272
vn -0.9328050873112186 -0.306722553048604 0.18919816208847298
vn -0.37474578354866706 0.07534031436888987 0.9240613803981272
vn -0.3238768210969401 0.18921441142960724 0.926985281039288
vn 0.7763894880449629 0.05760201320821786 -0.6276156235528565
vn 0.6969881925186504 0.137709490201391 -0.7037354302563269
vn -0.3808283921201444 -0.3347628039203154 -0.8619185581402654
vn 0.7763894880449629 0.05760201320821786 -0.6276156235528565
vn -0.3808283921201444 -0.3347628039203154 -0.8619185581402654
vn -0.25990035828896013 -0.482515405181793 -0.8364392909969739
vn 0.9008945647317319 0.41887868862737526 0.11370851969238596
vn 0.9284845593158978 0.3501843154943978 0.12364209757879048
vn 0.6969881925186504 0.137709490201391 -0.7037354302563269
vn 0.9008945647317319 0.41887868862737526 0.11370851969238596
vn 0.6969881925186504 0.137709490201391 -0.7037354302563269
vn 0.7763894880449629 0.05760201320821786 -0.6276156235528565
vn 0.48072210203838694 0.5760463291662197 0.6611179072343434
vn 0.4895812589036012 0.46197167136398526 0.7395217142096173
vn 0.9008945647317319 0.41887868862737526 0.11370851969238596
vn 0.48072210203838694 0.5760463291662197 0.6611179072343434
vn 0.9008945647317319 0.41887868862737526 0.11370851969238596
vn 0.9120475347069507 0.40548148881811763 0.06127035711350532
vn -0.3256625372642983 0.324613720131709 0.888014551978081
vn -0.3238768210969401 0.18921441142960724 0.926985281039288
vn 0.4895812589036012 0.46197167136398526 0.7395217142096173
vn -0.3256625372642983 0.324613720131709 0.888014551978081
vn 0.4895812589036012 0.46197167136398526 0.7395217142096173
vn 0.48072210203838694 0.5760463291662197 0.6611179072343434
vn -0.8577581017804101 -0.2319397758795993 0.4587537239031295
vn -0.9328050873112186 -0.306722553048604 0.18919816208847298
vn -0.3238768210969401 0.18921441142960724 0.926985281039288
vn -0.8577581017804101 -0.2319397758795993 0.4587537239031295
vn -0.3238768210969401 0.18921441142960724 0.926985281039288
vn -0.3256625372642983 0.324613720131709 0.888014551978081
vn 0.7763894880449629 0.05760201320821786 -0.6276156235528565
vn -0.25990035828896013 -0.482515405181793 -0.8364392909969739
vn 0.15571485193312334 -0.5210204455433098 -0.8392202215231093
vn 0.7763894880449629 0.05760201320821786 -0.6276156235528565
vn 0.15571485193312334 -0.5210204455433098 -0.8392202215231093
vn 0.8593303204716916 -1.4383898001781162e-7 -0.5114209619462223
vn 0.9120475347069507 0.40548148881811763 0.06127035711350532
vn 0.9008945647317319 0.41887868862737526 0.11370851969238596
vn 0.7763894880449629 0.05760201320821786 -0.6276156235528565
vn 0.9120475347069507 0.40548148881811763 0.06127035711350532
vn 0.7763894880449629 0.05760201320821786 -0.6276156235528565
vn 0.8593303204716916 -1.4383898001781162e-7 -0.5114209619462223
vn 0.8593303204716916 -1.4383898001781162e-7 -0.5114209619462223
vn 0.15571485193312334 -0.5210204455433098 -0.8392202215231093
vn 0.37947119279787206 -0.6012030641183175 -0.7032471041755568
vn 0.8593303204716916 -1.4383898001781162e-7 -0.5114209619462223
vn 0.37947119279787206 -0.6012030641183175 -0.7032471041755568
vn 0.8810573429572981 -0.08239809954310472 -0.4657773197706289
vn -0.3808283921201444 -0.3347628039203154 -0.8619185581402654
vn -0.9249015377620455 -0.36772893959580716 0.09660524017436424
vn -0.9328050873112186 -0.306722553048604 0.18919816208847298
vn -0.3808283921201444 -0.3347628039203154 -0.8619185581402654
vn -0.9328050873112186 -0.306722553048604 0.18919816208847298
vn -0.25990035828896013 -0.482515405181793 -0.8364392909969739
vn -0.25990035828896013 -0.482515405181793 -0.8364392909969739
vn -0.9328050873112186 -0.306722553048604 0.18919816208847298
vn -0.8577581017804101 -0.2319397758795993 0.4587537239031295
vn -0.25990035828896013 -0.482515405181793 -0.8364392909969739
vn -0.8577581017804101 -0.2319397758795993 0.4587537239031295
vn -0.7308598047636674 -0.6564767858366571 -0.1867677044844368
vn -0.8577581017804101 -0.2319397758795993 0.4587537239031295
vn -0.8567465979242459 -0.22238777111500158 0.4653267091020379
vn -0.7446852599457037 -0.6351543935658561 -0.2049945363993619
vn -0.8577581017804101 -0.2319397758795993 0.4587537239031295
vn -0.7446852599457037 -0.6351543935658561 -0.2049945363993619
vn -0.7308598047636674 -0.6564767858366571 -0.1867677044844368
vn -0.7446852599457037 -0.6351543935658561 -0.2049945363993619
vn -0.39200650313213575 -0.7369072801488536 -0.5507254869403935
vn -0.3496598304968379 -0.7216321430571281 -0.5974822616979513
vn -0.7446852599457037 -0.6351543935658561 -0.2049945363993619
vn -0.3496598304968379 -0.7216321430571281 -0.5974822616979513
vn -0.7308598047636674 -0.6564767858366571 -0.1867677044844368
vn -0.3496598304968379 -0.7216321430571281 -0.5974822616979513
vn -0.39200650313213575 -0.7369072801488536 -0.5507254869403935
vn 0.37947119279787206 -0.6012030641183175 -0.7032471041755568
vn -0.3496598304968379 -0.7216321430571281 -0.5974822616979513
vn 0.37947119279787206 -0.6012030641183175 -0.7032471041755568
vn 0.15571485193312334 -0.5210204455433098 -0.8392202215231093
vn -0.7308598047636674 -0.6564767858366571 -0.1867677044844368
vn -0.3496598304968379 -0.7216321430571281 -0.5974822616979513
vn 0.15571485193312334 -0.5210204455433098 -0.8392202215231093
vn -0.7308598047636674 -0.6564767858366571 -0.1867677044844368
vn 0.15571485193312334 -0.5210204455433098 -0.8392202215231093
vn -0.25990035828896013 -0.482515405181793 -0.8364392909969739
vn 0.8593303204716916 -1.4383898001781162e-7 -0.5114209619462223
vn 0.8810573429572981 -0.08239809954310472 -0.4657773197706289
vn 0.9421638113620047 0.334940642011722 -0.011921362698786983
vn 0.8593303204716916 -1.4383898001781162e-7 -0.5114209619462223
vn 0.9421638113620047 0.334940642011722 -0.011921362698786983
vn 0.9120475347069507 0.40548148881811763 0.06127035711350532
vn 0.9120475347069507 0.40548148881811763 0.06127035711350532
vn 0.9421638113620047 0.334940642011722 -0.011921362698786983
vn 0.5506961649337855 0.6350884863808145 0.541660731818125
vn 0.9120475347069507 0.40548148881811763 0.06127035711350532
vn 0.5506961649337855 0.6350884863808145 0.541660731818125
vn 0.48072210203838694 0.5760463291662197 0.6611179072343434
vn 0.48072210203838694 0.5760463291662197 0.6611179072343434
vn 0.5506961649337855 0.6350884863808145 0.541660731818125
vn -0.29826224859388734 0.4284600342348941 0.8529136123472012
vn 0.48072210203838694 0.5760463291662197 0.6611179072343434
vn -0.29826224859388734 0.4284600342348941 0.8529136123472012
vn -0.3256625372642983 0.324613720131709 0.888014551978081
vn -0.8577581017804101 -0.2319397758795993 0.4587537239031295
vn -0.3256625372642983 0.324613720131709 0.888014551978081
vn -0.29826224859388734 0.4284600342348941 0.8529136123472012
vn -0.8577581017804101 -0.2319397758795993 0.4587537239031295
vn -0.29826224859388734 0.4284600342348941 0.8529136123472012
vn -0.8567465979242459 -0.22238777111500158 0.4653267091020379
vn -0.39200650313213575 -0.7369072801488536 -0.5507254869403935
vn -0.7446852599457037 -0.6351543935658561 -0.2049945363993619
vn -0.5766164807209749 -0.7724457062710458 -0.26615984863307723
vn -0.39200650313213575 -0.7369072801488536 -0.5507254869403935
vn -0.5766164807209749 -0.7724457062710458 -0.26615984863307723
vn -0.41987831381038077 -0.7835819678279085 -0.45793176488063614
vn -0.02918108284934288 -0.9551532162601214 -0.2946706600116229
vn 0.37947119279787206 -0.6012030641183175 -0.7032471041755568
vn -0.39200650313213575 -0.7369072801488536 -0.5507254869403935
vn -0.02918108284934288 -0.9551532162601214 -0.2946706600116229
vn -0.39200650313213575 -0.7369072801488536 -0.5507254869403935
vn -0.41987831381038077 -0.7835819678279085 -0.45793176488063614
vn 0.9775766445177412 -0.20981118483759578 -0.017976952202146946
vn 0.8810573429572981 -0.08239809954310472 -0.4657773197706289
vn 0.37947119279787206 -0.6012030641183175 -0.7032471041755568
vn 0.9775766445177412 -0.20981118483759578 -0.017976952202146946
vn 0.37947119279787206 -0.6012030641183175 -0.7032471041755568
vn -0.02918108284934288 -0.9551532162601214 -0.2946706600116229
vn 0.9669769663751024 0.25290154703172646 -0.03156507577947032
vn 0.9421638113620047 0.334940642011722 -0.011921362698786983
vn 0.8810573429572981 -0.08239809954310472 -0.4657773197706289
vn 0.9669769663751024 0.25290154703172646 -0.03156507577947032
vn 0.8810573429572981 -0.08239809954310472 -0.4657773197706289
vn 0.9775766445177412 -0.20981118483759578 -0.017976952202146946
vn 0.6052197590743358 0.6411686261544454 0.47181758769806836
vn 0.5506961649337855 0.6350884863808145 0.541660731818125
vn 0.9421638113620047 0.334940642011722 -0.011921362698786983
vn 0.6052197590743358 0.6411686261544454 0.47181758769806836
vn 0.9421638113620047 0.334940642011722 -0.011921362698786983
vn 0.9669769663751024 0.25290154703172646 -0.03156507577947032
vn -0.2320738110185337 0.4863681980139827 0.8423702999275111
vn -0.29826224859388734 0.4284600342348941 0.8529136123472012
vn 0.5506961649337855 0.6350884863808145 0.541660731818125
vn -0.2320738110185337 0.4863681980139827 0.8423702999275111
vn 0.5506961649337855 0.6350884863808145 0.541660731818125
vn 0.6052197590743358 0.6411686261544454 0.47181758769806836
vn -0.8567465979242459 -0.22238777111500158 0.4653267091020379
vn -0.29826224859388734 0.4284600342348941 0.8529136123472012
vn -0.2320738110185337 0.4863681980139827 0.8423702999275111
vn -0.8567465979242459 -0.22238777111500158 0.4653267091020379
vn -0.2320738110185337 0.4863681980139827 0.8423702999275111
vn -0.7998006366566217 -0.2784899377455699 0.5317539808766185
vn -0.7446852599457037 -0.6351543935658561 -0.2049945363993619
vn -0.8567465979242459 -0.22238777111500158 0.4653267091020379
vn -0.7998006366566217 -0.2784899377455699 0.5317539808766185
vn -0.7446852599457037 -0.6351543935658561 -0.2049945363993619
vn -0.7998006366566217 -0.2784899377455699 0.5317539808766185
vn -0.5766164807209749 -0.7724457062710458 -0.26615984863307723
vn 0.6708485994273369 -0.3734247416185343 0.6407153182135663
vn 0.03909808635128147 -0.9635314519606288 0.2647234041906947
vn 0.3187924119676452 -0.9443583623082211 -0.08098568768854082
vn 0.6708485994273369 -0.3734247416185343 0.6407153182135663
vn 0.3187924119676452 -0.9443583623082211 -0.08098568768854082
vn 0.9181798496029402 -0.15182205533272658 0.36591778762130206
vn -0.02918108284934288 -0.9551532162601214 -0.2946706600116229
vn 0.03909808635128147 -0.9635314519606288 0.2647234041906947
vn 0.6708485994273369 -0.3734247416185343 0.6407153182135663
vn -0.02918108284934288 -0.9551532162601214 -0.2946706600116229
vn 0.6708485994273369 -0.3734247416185343 0.6407153182135663
vn 0.9775766445177412 -0.20981118483759578 -0.017976952202146946
vn 0.6708485994273369 -0.3734247416185343 0.6407153182135663
vn 0.9181798496029402 -0.15182205533272658 0.36591778762130206
vn 0.9118775451555685 0.4101111210212673 -0.01697677989883483
vn 0.6708485994273369 -0.3734247416185343 0.6407153182135663
vn 0.9118775451555685 0.4101111210212673 -0.01697677989883483
vn 0.8759500577012166 0.2540588664656999 0.41007997852053074
vn 0.9775766445177412 -0.20981118483759578 -0.017976952202146946
vn 0.6708485994273369 -0.3734247416185343 0.6407153182135663
vn 0.8759500577012166 0.2540588664656999 0.41007997852053074
vn 0.9775766445177412 -0.20981118483759578 -0.017976952202146946
vn 0.8759500577012166 0.2540588664656999 0.41007997852053074
vn 0.9460800581729515 0.19684562808121342 0.25726313811499957
vn 0.9461921570960216 0.30481091747409556 0.10867707411675054
vn 0.9669769663751024 0.25290154703172646 -0.03156507577947032
vn 0.9775766445177412 -0.20981118483759578 -0.017976952202146946
vn 0.9461921570960216 0.30481091747409556 0.10867707411675054
vn 0.9775766445177412 -0.20981118483759578 -0.017976952202146946
vn 0.9460800581729515 0.19684562808121342 0.25726313811499957
vn 0.616909087150715 0.6638865889969274 0.4227029395933938
vn 0.6052197590743358 0.6411686261544454 0.47181758769806836
vn 0.9669769663751024 0.25290154703172646 -0.03156507577947032
vn 0.616909087150715 0.6638865889969274 0.4227029395933938
vn 0.9669769663751024 0.25290154703172646 -0.03156507577947032
vn 0.9461921570960216 0.30481091747409556 0.10867707411675054
vn -0.05173231943752159 0.6884936733537069 0.7233949328530946
vn -0.2320738110185337 0.4863681980139827 0.8423702999275111
vn 0.6052197590743358 0.6411686261544454 0.47181758769806836
vn -0.05173231943752159 0.6884936733537069 0.7233949328530946
vn 0.6052197590743358 0.6411686261544454 0.47181758769806836
vn 0.616909087150715 0.6638865889969274 0.4227029395933938
vn -0.4691783446506217 0.3906006615445777 0.7920244971664958
vn -0.7998006366566217 -0.2784899377455699 0.5317539808766185
vn -0.2320738110185337 0.4863681980139827 0.8423702999275111
vn -0.4691783446506217 0.3906006615445777 0.7920244971664958
vn -0.2320738110185337 0.4863681980139827 0.8423702999275111
vn -0.05173231943752159 0.6884936733537069 0.7233949328530946
vn -0.7216867798154061 -0.27658123926436734 0.6345636374128732
vn -0.7998006366566217 -0.2784899377455699 0.5317539808766185
vn -0.4691783446506217 0.3906006615445777 0.7920244971664958
vn -0.7216867798154061 -0.27658123926436734 0.6345636374128732
vn -0.4691783446506217 0.3906006615445777 0.7920244971664958
vn -0.633120360227649 0.676320339466538 0.3764962255973876
vn -0.5702010174491824 -0.8120119003273518 0.12452900636671027
vn -0.5766164807209749 -0.7724457062710458 -0.26615984863307723
vn -0.7998006366566217 -0.2784899377455699 0.5317539808766185
vn -0.5702010174491824 -0.8120119003273518 0.12452900636671027
vn -0.7998006366566217 -0.2784899377455699 0.5317539808766185
vn -0.7216867798154061 -0.27658123926436734 0.6345636374128732
vn -0.23185037556038013 0.8968826674511176 0.3766256552311312
vn -0.06639146211706794 0.9565724705949412 0.2838331944256137
vn -0.2543797314868637 0.8424661522847843 -0.4749123439784879
vn -0.23185037556038013 0.8968826674511176 0.3766256552311312
vn -0.2543797314868637 0.8424661522847843 -0.4749123439784879
vn -0.21829479774648025 0.8510542896220917 -0.4775499737123437
vn -0.06639146211706794 0.9565724705949412 0.2838331944256137
vn -0.23185037556038013 0.8968826674511176 0.3766256552311312
vn -0.4691783446506217 0.3906006615445777 0.7920244971664958
vn -0.06639146211706794 0.9565724705949412 0.2838331944256137
vn -0.4691783446506217 0.3906006615445777 0.7920244971664958
vn -0.05173231943752159 0.6884936733537069 0.7233949328530946
vn -0.23185037556038013 0.8968826674511176 0.3766256552311312
vn -0.21829479774648025 0.8510542896220917 -0.4775499737123437
vn -0.633120360227649 0.676320339466538 0.3764962255973876
vn -0.23185037556038013 0.8968826674511176 0.3766256552311312
vn -0.633120360227649 0.676320339466538 0.3764962255973876
vn -0.4691783446506217 0.3906006615445777 0.7920244971664958
vn -0.2624464072963655 0.9410689570012903 -0.21333331072697814
vn -0.2543797314868637 0.8424661522847843 -0.4749123439784879
vn -0.06639146211706794 0.9565724705949412 0.2838331944256137
vn -0.2624464072963655 0.9410689570012903 -0.21333331072697814
vn -0.06639146211706794 0.9565724705949412 0.2838331944256137
vn 0.3583390375631096 0.9114418420179934 0.20215563998363092
vn 0.616909087150715 0.6638865889969274 0.4227029395933938
vn 0.3583390375631096 0.9114418420179934 0.20215563998363092
vn -0.06639146211706794 0.9565724705949412 0.2838331944256137
vn 0.616909087150715 0.6638865889969274 0.4227029395933938
vn -0.06639146211706794 0.9565724705949412 0.2838331944256137
vn -0.05173231943752159 0.6884936733537069 0.7233949328530946
vn -0.2624464072963655 0.9410689570012903 -0.21333331072697814
vn 0.3583390375631096 0.9114418420179934 0.20215563998363092
vn 0.6189317293660237 0.7853214071319005 0.013921274523360484
vn -0.2624464072963655 0.9410689570012903 -0.21333331072697814
vn 0.6189317293660237 0.7853214071319005 0.013921274523360484
vn -0.1854632553524308 0.9466734558832495 -0.26346299330293893
vn 0.9461921570960216 0.30481091747409556 0.10867707411675054
vn 0.6189317293660237 0.7853214071319005 0.013921274523360484
vn 0.3583390375631096 0.9114418420179934 0.20215563998363092
vn 0.9461921570960216 0.30481091747409556 0.10867707411675054
vn 0.3583390375631096 0.9114418420179934 0.20215563998363092
vn 0.616909087150715 0.6638865889969274 0.4227029395933938
vn 0.8762142078302217 0.4768252051930758 -0.06990268728051996
vn 0.6189317293660237 0.7853214071319005 0.013921274523360484
vn 0.9461921570960216 0.30481091747409556 0.10867707411675054
vn 0.8762142078302217 0.4768252051930758 -0.06990268728051996
vn 0.9461921570960216 0.30481091747409556 0.10867707411675054
vn 0.9460800581729515 0.19684562808121342 0.25726313811499957
vn 0.8879595510967059 0.4283872305696888 0.16736850450717747
vn 0.8762142078302217 0.4768252051930758 -0.06990268728051996
vn 0.9460800581729515 0.19684562808121342 0.25726313811499957
vn 0.8879595510967059 0.4283872305696888 0.16736850450717747
vn 0.9460800581729515 0.19684562808121342 0.25726313811499957
vn 0.8759500577012166 0.2540588664656999 0.41007997852053074
vn 0.8518031629556732 0.4299067760119868 -0.299351859051669
vn 0.8879595510967059 0.4283872305696888 0.16736850450717747
vn 0.8759500577012166 0.2540588664656999 0.41007997852053074
vn 0.8518031629556732 0.4299067760119868 -0.299351859051669
vn 0.8759500577012166 0.2540588664656999 0.41007997852053074
vn 0.9118775451555685 0.4101111210212673 -0.01697677989883483
vn -0.09894626498677657 -0.5149973048890557 -0.8514619266897231
vn -0.32206348007608576 -0.6470837568421938 -0.6910555161723791
vn -0.21901612169397294 -0.38071518376063546 -0.8983807028716927
vn -0.09894626498677657 -0.5149973048890557 -0.8514619266897231
vn -0.21901612169397294 -0.38071518376063546 -0.8983807028716927
vn 0.4012484108083244 0.0526413414543812 -0.9144553581196173
vn -0.2624464072963655 0.9410689570012903 -0.21333331072697814
vn -0.1854632553524308 0.9466734558832495 -0.26346299330293893
vn -0.5660395533585469 0.6733343708326142 -0.47562595502043886
vn -0.2624464072963655 0.9410689570012903 -0.21333331072697814
vn -0.5660395533585469 0.6733343708326142 -0.47562595502043886
vn -0.2543797314868637 0.8424661522847843 -0.4749123439784879
vn -0.38328544724015984 0.7019111740616715 -0.6003440427465543
vn -0.5660395533585469 0.6733343708326142 -0.47562595502043886
vn -0.1854632553524308 0.9466734558832495 -0.26346299330293893
vn -0.38328544724015984 0.7019111740616715 -0.6003440427465543
vn -0.1854632553524308 0.9466734558832495 -0.26346299330293893
vn 0.36051208714611266 0.8377611576416274 -0.41010642249118007
vn 0.6189317293660237 0.7853214071319005 0.013921274523360484
vn 0.8762142078302217 0.4768252051930758 -0.06990268728051996
vn 0.36051208714611266 0.8377611576416274 -0.41010642249118007
vn 0.6189317293660237 0.7853214071319005 0.013921274523360484
vn 0.36051208714611266 0.8377611576416274 -0.41010642249118007
vn -0.1854632553524308 0.9466734558832495 -0.26346299330293893
vn 0.04683112375198231 0.21822707895477544 -0.974773711103758
vn 0.3556867022461541 0.5652841426477672 -0.7442719986108806
vn 0.7897186996709789 0.3959319811456075 -0.46859603252278265
vn 0.04683112375198231 0.21822707895477544 -0.974773711103758
vn 0.7897186996709789 0.3959319811456075 -0.46859603252278265
vn 0.2998309214558301 0.016402808971420185 -0.9538513334879787
vn 0.8518031629556732 0.4299067760119868 -0.299351859051669
vn 0.4012484108083244 0.0526413414543812 -0.9144553581196173
vn 0.2998309214558301 0.016402808971420185 -0.9538513334879787
vn 0.8518031629556732 0.4299067760119868 -0.299351859051669
vn 0.2998309214558301 0.016402808971420185 -0.9538513334879787
vn 0.7897186996709789 0.3959319811456075 -0.46859603252278265
vn 0.8879595510967059 0.4283872305696888 0.16736850450717747
vn 0.8518031629556732 0.4299067760119868 -0.299351859051669
vn 0.7897186996709789 0.3959319811456075 -0.46859603252278265
vn 0.8879595510967059 0.4283872305696888 0.16736850450717747
vn 0.7897186996709789 0.3959319811456075 -0.46859603252278265
vn 0.8762142078302217 0.4768252051930758 -0.06990268728051996
vn 0.7897186996709789 0.3959319811456075 -0.46859603252278265
vn 0.3556867022461541 0.5652841426477672 -0.7442719986108806
vn 0.36051208714611266 0.8377611576416274 -0.41010642249118007
vn 0.7897186996709789 0.3959319811456075 -0.46859603252278265
vn 0.36051208714611266 0.8377611576416274 -0.41010642249118007
vn 0.8762142078302217 0.4768252051930758 -0.06990268728051996
vn -0.19326170074017462 -0.30364932455237564 -0.9329774931507734
vn -0.4854757982208959 0.12628087063610355 -0.8650817250717828
vn 0.04683112375198231 0.21822707895477544 -0.974773711103758
vn -0.19326170074017462 -0.30364932455237564 -0.9329774931507734
vn 0.04683112375198231 0.21822707895477544 -0.974773711103758
vn 0.2998309214558301 0.016402808971420185 -0.9538513334879787
vn -0.5999586791017719 0.07630023209788882 -0.7963842401455878
vn -0.4854757982208959 0.12628087063610355 -0.8650817250717828
vn -0.19326170074017462 -0.30364932455237564 -0.9329774931507734
vn -0.5999586791017719 0.07630023209788882 -0.7963842401455878
vn -0.19326170074017462 -0.30364932455237564 -0.9329774931507734
vn -0.21901612169397294 -0.38071518376063546 -0.8983807028716927
vn 0.04683112375198231 0.21822707895477544 -0.974773711103758
vn -0.4854757982208959 0.12628087063610355 -0.8650817250717828
vn -0.38834463739727215 0.5919811720754741 -0.7062200326477076
vn 0.04683112375198231 0.21822707895477544 -0.974773711103758
vn -0.38834463739727215 0.5919811720754741 -0.7062200326477076
vn 0.3556867022461541 0.5652841426477672 -0.7442719986108806
vn -0.21901612169397294 -0.38071518376063546 -0.8983807028716927
vn -0.19326170074017462 -0.30364932455237564 -0.9329774931507734
vn 0.2998309214558301 0.016402808971420185 -0.9538513334879787
vn -0.21901612169397294 -0.38071518376063546 -0.8983807028716927
vn 0.2998309214558301 0.016402808971420185 -0.9538513334879787
vn 0.4012484108083244 0.0526413414543812 -0.9144553581196173
vn 0.3556867022461541 0.5652841426477672 -0.7442719986108806
vn -0.38834463739727215 0.5919811720754741 -0.7062200326477076
vn -0.38328544724015984 0.7019111740616715 -0.6003440427465543
vn 0.3556867022461541 0.5652841426477672 -0.7442719986108806
vn -0.38328544724015984 0.7019111740616715 -0.6003440427465543
vn 0.36051208714611266 0.8377611576416274 -0.41010642249118007
vn -0.8117089836421604 -0.23346987992753968 0.5353693501137616
vn -0.7892528814291336 -0.558016963140818 0.25631417831034875
vn -0.5702010174491824 -0.8120119003273518 0.12452900636671027
vn -0.8117089836421604 -0.23346987992753968 0.5353693501137616
vn -0.5702010174491824 -0.8120119003273518 0.12452900636671027
vn -0.7216867798154061 -0.27658123926436734 0.6345636374128732
vn -0.8117089836421604 -0.23346987992753968 0.5353693501137616
vn -0.7216867798154061 -0.27658123926436734 0.6345636374128732
vn -0.633120360227649 0.676320339466538 0.3764962255973876
vn -0.8117089836421604 -0.23346987992753968 0.5353693501137616
vn -0.633120360227649 0.676320339466538 0.3764962255973876
vn -0.8107466035953739 0.36088298007527847 0.46092669639602324
vn -0.4920698189937785 -0.048062706254910825 -0.8692279732629893
vn -0.37381078988229144 0.6473030065152379 -0.6642772848170496
vn -0.4095262310489369 0.6340312185959267 -0.6559669808219138
vn -0.4920698189937785 -0.048062706254910825 -0.8692279732629893
vn -0.4095262310489369 0.6340312185959267 -0.6559669808219138
vn -0.5861530463095497 -0.12283849824380484 -0.8008341336701637
vn -0.633120360227649 0.676320339466538 0.3764962255973876
vn -0.21829479774648025 0.8510542896220917 -0.4775499737123437
vn -0.37381078988229144 0.6473030065152379 -0.6642772848170496
vn -0.633120360227649 0.676320339466538 0.3764962255973876
vn -0.37381078988229144 0.6473030065152379 -0.6642772848170496
vn -0.6529522647702694 0.6229128671682336 -0.4308513663058603
vn -0.6244106487451557 -0.3593126774654298 -0.6935457746582252
vn -0.6529522647702694 0.6229128671682336 -0.4308513663058603
vn -0.37381078988229144 0.6473030065152379 -0.6642772848170496
vn -0.6244106487451557 -0.3593126774654298 -0.6935457746582252
vn -0.37381078988229144 0.6473030065152379 -0.6642772848170496
vn -0.4920698189937785 -0.048062706254910825 -0.8692279732629893
vn -0.9040556395216485 -0.37493366004277645 -0.2052027076235373
vn -0.9887282400864507 0.10871440622981524 -0.10294486453266376
vn -0.6529522647702694 0.6229128671682336 -0.4308513663058603
vn -0.9040556395216485 -0.37493366004277645 -0.2052027076235373
vn -0.6529522647702694 0.6229128671682336 -0.4308513663058603
vn -0.6244106487451557 -0.3593126774654298 -0.6935457746582252
vn -0.8107466035953739 0.36088298007527847 0.46092669639602324
vn -0.633120360227649 0.676320339466538 0.3764962255973876
vn -0.6529522647702694 0.6229128671682336 -0.4308513663058603
vn -0.8107466035953739 0.36088298007527847 0.46092669639602324
vn -0.6529522647702694 0.6229128671682336 -0.4308513663058603
vn -0.9887282400864507 0.10871440622981524 -0.10294486453266376
vn -0.8117089836421604 -0.23346987992753968 0.5353693501137616
vn -0.8107466035953739 0.36088298007527847 0.46092669639602324
vn -0.9887282400864507 0.10871440622981524 -0.10294486453266376
vn -0.8117089836421604 -0.23346987992753968 0.5353693501137616
vn -0.9887282400864507 0.10871440622981524 -0.10294486453266376
vn -0.7892528814291336 -0.558016963140818 0.25631417831034875
vn -0.6080289732841112 0.38453025189423007 -0.6945770317432254
vn -0.5660395533585469 0.6733343708326142 -0.47562595502043886
vn -0.38328544724015984 0.7019111740616715 -0.6003440427465543
vn -0.6080289732841112 0.38453025189423007 -0.6945770317432254
vn -0.38328544724015984 0.7019111740616715 -0.6003440427465543
vn -0.5999586791017719 0.07630023209788882 -0.7963842401455878
vn -0.4854757982208959 0.12628087063610355 -0.8650817250717828
vn -0.5999586791017719 0.07630023209788882 -0.7963842401455878
vn -0.38328544724015984 0.7019111740616715 -0.6003440427465543
vn -0.4854757982208959 0.12628087063610355 -0.8650817250717828
vn -0.38328544724015984 0.7019111740616715 -0.6003440427465543
vn -0.38834463739727215 0.5919811720754741 -0.7062200326477076
vn -0.37381078988229144 0.6473030065152379 -0.6642772848170496
vn -0.21829479774648025 0.8510542896220917 -0.4775499737123437
vn -0.2543797314868637 0.8424661522847843 -0.4749123439784879
vn -0.37381078988229144 0.6473030065152379 -0.6642772848170496
vn -0.2543797314868637 0.8424661522847843 -0.4749123439784879
vn -0.4095262310489369 0.6340312185959267 -0.6559669808219138
vn -0.4095262310489369 0.6340312185959267 -0.6559669808219138
vn -0.2543797314868637 0.8424661522847843 -0.4749123439784879
vn -0.5660395533585469 0.6733343708326142 -0.47562595502043886
vn -0.4095262310489369 0.6340312185959267 -0.6559669808219138
vn -0.5660395533585469 0.6733343708326142 -0.47562595502043886
vn -0.6080289732841112 0.38453025189423007 -0.6945770317432254
vn -0.5861530463095497 -0.12283849824380484 -0.8008341336701637
vn -0.4095262310489369 0.6340312185959267 -0.6559669808219138
vn -0.6080289732841112 0.38453025189423007 -0.6945770317432254
vn -0.5861530463095497 -0.12283849824380484 -0.8008341336701637
vn -0.6080289732841112 0.38453025189423007 -0.6945770317432254
vn -0.649604896218878 -0.5106830441081788 -0.563219590629503
vn -0.5861530463095497 -0.12283849824380484 -0.8008341336701637
vn -0.3707641173062746 -0.8273531183976963 -0.4219250961909079
vn -0.45469887408987186 -0.7674949719610132 -0.45188538581809257
vn -0.5861530463095497 -0.12283849824380484 -0.8008341336701637
vn -0.45469887408987186 -0.7674949719610132 -0.45188538581809257
vn -0.4920698189937785 -0.048062706254910825 -0.8692279732629893
vn -0.5766164807209749 -0.7724457062710458 -0.26615984863307723
vn -0.45469887408987186 -0.7674949719610132 -0.45188538581809257
vn -0.3707641173062746 -0.8273531183976963 -0.4219250961909079
vn -0.5766164807209749 -0.7724457062710458 -0.26615984863307723
vn -0.3707641173062746 -0.8273531183976963 -0.4219250961909079
vn -0.41987831381038077 -0.7835819678279085 -0.45793176488063614
vn -0.649604896218878 -0.5106830441081788 -0.563219590629503
vn -0.43859897129074304 -0.8551700899532494 -0.2762518047580022
vn -0.3707641173062746 -0.8273531183976963 -0.4219250961909079
vn -0.649604896218878 -0.5106830441081788 -0.563219590629503
vn -0.3707641173062746 -0.8273531183976963 -0.4219250961909079
vn -0.5861530463095497 -0.12283849824380484 -0.8008341336701637
vn -0.4920698189937785 -0.048062706254910825 -0.8692279732629893
vn -0.45469887408987186 -0.7674949719610132 -0.45188538581809257
vn -0.3936781443150758 -0.8934050453643306 -0.2164369275474878
vn -0.4920698189937785 -0.048062706254910825 -0.8692279732629893
vn -0.3936781443150758 -0.8934050453643306 -0.2164369275474878
vn -0.6244106487451557 -0.3593126774654298 -0.6935457746582252
vn -0.5702010174491824 -0.8120119003273518 0.12452900636671027
vn -0.3936781443150758 -0.8934050453643306 -0.2164369275474878
vn -0.45469887408987186 -0.7674949719610132 -0.45188538581809257
vn -0.5702010174491824 -0.8120119003273518 0.12452900636671027
vn -0.45469887408987186 -0.7674949719610132 -0.45188538581809257
vn -0.5766164807209749 -0.7724457062710458 -0.26615984863307723
vn -0.09894626498677657 -0.5149973048890557 -0.8514619266897231
vn -0.15256725952508035 -0.6413641480475535 -0.75191439733539
vn -0.39615785971413503 -0.7868802956307561 -0.4731578494908117
vn -0.09894626498677657 -0.5149973048890557 -0.8514619266897231
vn -0.39615785971413503 -0.7868802956307561 -0.4731578494908117
vn -0.32206348007608576 -0.6470837568421938 -0.6910555161723791
vn -0.3936781443150758 -0.8934050453643306 -0.2164369275474878
vn -0.6585430596493801 -0.7503860318157755 0.05693717452953803
vn -0.9040556395216485 -0.37493366004277645 -0.2052027076235373
vn -0.3936781443150758 -0.8934050453643306 -0.2164369275474878
vn -0.9040556395216485 -0.37493366004277645 -0.2052027076235373
vn -0.6244106487451557 -0.3593126774654298 -0.6935457746582252
vn -0.6585430596493801 -0.7503860318157755 0.05693717452953803
vn -0.3936781443150758 -0.8934050453643306 -0.2164369275474878
vn -0.5702010174491824 -0.8120119003273518 0.12452900636671027
vn -0.6585430596493801 -0.7503860318157755 0.05693717452953803
vn -0.5702010174491824 -0.8120119003273518 0.12452900636671027
vn -0.7892528814291336 -0.558016963140818 0.25631417831034875
vn -0.7892528814291336 -0.558016963140818 0.25631417831034875
vn -0.9887282400864507 0.10871440622981524 -0.10294486453266376
vn -0.9040556395216485 -0.37493366004277645 -0.2052027076235373
vn -0.7892528814291336 -0.558016963140818 0.25631417831034875
vn -0.9040556395216485 -0.37493366004277645 -0.2052027076235373
vn -0.6585430596493801 -0.7503860318157755 0.05693717452953803
vn 0.6367904558881878 -0.23306879944896114 -0.7349672441769999
vn 0.9118775451555685 0.4101111210212673 -0.01697677989883483
vn 0.9181798496029402 -0.15182205533272658 0.36591778762130206
vn 0.6367904558881878 -0.23306879944896114 -0.7349672441769999
vn 0.9181798496029402 -0.15182205533272658 0.36591778762130206
vn 0.3187924119676452 -0.9443583623082211 -0.08098568768854082
vn 0.6367904558881878 -0.23306879944896114 -0.7349672441769999
vn -0.15256725952508035 -0.6413641480475535 -0.75191439733539
vn -0.09894626498677657 -0.5149973048890557 -0.8514619266897231
vn 0.6367904558881878 -0.23306879944896114 -0.7349672441769999
vn -0.09894626498677657 -0.5149973048890557 -0.8514619266897231
vn 0.4012484108083244 0.0526413414543812 -0.9144553581196173
vn 0.4012484108083244 0.0526413414543812 -0.9144553581196173
vn 0.8518031629556732 0.4299067760119868 -0.299351859051669
vn 0.9118775451555685 0.4101111210212673 -0.01697677989883483
vn 0.4012484108083244 0.0526413414543812 -0.9144553581196173
vn 0.9118775451555685 0.4101111210212673 -0.01697677989883483
vn 0.6367904558881878 -0.23306879944896114 -0.7349672441769999
vn -0.10051278354746288 0.6900483864435203 0.7167498899269081
vn 0.0936678483176966 0.8678099611521214 0.4879879153387781
vn -0.06680377005316682 0.8718354973142407 0.48522172450284456
vn -0.10051278354746288 0.6900483864435203 0.7167498899269081
vn -0.06680377005316682 0.8718354973142407 0.48522172450284456
vn -0.22171600229097116 0.7072028150592217 0.671346551864551
vn 0.040910245814613236 0.6190885461643094 0.7842548844575657
vn -0.10051278354746288 0.6900483864435203 0.7167498899269081
vn -0.14538816489033665 0.5157707549299829 0.8443001894283666
vn 0.040910245814613236 0.6190885461643094 0.7842548844575657
vn -0.14538816489033665 0.5157707549299829 0.8443001894283666
vn 0.04594957323436352 0.4739857005151794 0.8793328109576685
vn 0.2309675045643381 0.4632700915712685 0.8555903424483419
vn 0.23249069392358307 0.5895231148883718 0.7735700189712903
vn 0.040910245814613236 0.6190885461643094 0.7842548844575657
vn 0.2309675045643381 0.4632700915712685 0.8555903424483419
vn 0.040910245814613236 0.6190885461643094 0.7842548844575657
vn 0.04594957323436352 0.4739857005151794 0.8793328109576685
vn 0.3828008843064414 0.7816231887838231 0.49247200299064176
vn 0.273931586494772 0.8097766588982463 0.5188672745741927
vn 0.3736600920837084 0.6155186860041694 0.6939127342567619
vn 0.3828008843064414 0.7816231887838231 0.49247200299064176
vn 0.3736600920837084 0.6155186860041694 0.6939127342567619
vn 0.46563826741699743 0.6037464114280984 0.6470481238706978
vn 0.40880063229963226 0.45801694957061123 0.7893684291491857
vn 0.3736600920837084 0.6155186860041694 0.6939127342567619
vn 0.23249069392358307 0.5895231148883718 0.7735700189712903
vn 0.40880063229963226 0.45801694957061123 0.7893684291491857
vn 0.23249069392358307 0.5895231148883718 0.7735700189712903
vn 0.2309675045643381 0.4632700915712685 0.8555903424483419
vn 0.23249069392358307 0.5895231148883718 0.7735700189712903
vn 0.23432353758524027 0.7124120401086161 0.6614843647750247
vn 0.08915268655863856 0.7305748134649548 0.6769876220508199
vn 0.23249069392358307 0.5895231148883718 0.7735700189712903
vn 0.08915268655863856 0.7305748134649548 0.6769876220508199
vn 0.040910245814613236 0.6190885461643094 0.7842548844575657
vn 0.0936678483176966 0.8678099611521214 0.4879879153387781
vn 0.08915268655863856 0.7305748134649548 0.6769876220508199
vn 0.23432353758524027 0.7124120401086161 0.6614843647750247
vn 0.0936678483176966 0.8678099611521214 0.4879879153387781
vn 0.23432353758524027 0.7124120401086161 0.6614843647750247
vn 0.273931586494772 0.8097766588982463 0.5188672745741927
vn 0.3736600920837084 0.6155186860041694 0.6939127342567619
vn 0.273931586494772 0.8097766588982463 0.5188672745741927
vn 0.23432353758524027 0.7124120401086161 0.6614843647750247
vn 0.3736600920837084 0.6155186860041694 0.6939127342567619
vn 0.23432353758524027 0.7124120401086161 0.6614843647750247
vn 0.23249069392358307 0.5895231148883718 0.7735700189712903
vn 0.08915268655863856 0.7305748134649548 0.6769876220508199
vn 0.0936678483176966 0.8678099611521214 0.4879879153387781
vn -0.10051278354746288 0.6900483864435203 0.7167498899269081
vn 0.08915268655863856 0.7305748134649548 0.6769876220508199
vn -0.10051278354746288 0.6900483864435203 0.7167498899269081
vn 0.040910245814613236 0.6190885461643094 0.7842548844575657
vn -0.519544001713142 -0.5931651211728993 -0.6150033896718246
vn -0.5999586791017719 0.07630023209788882 -0.7963842401455878
vn -0.21901612169397294 -0.38071518376063546 -0.8983807028716927
vn -0.519544001713142 -0.5931651211728993 -0.6150033896718246
vn -0.21901612169397294 -0.38071518376063546 -0.8983807028716927
vn -0.32206348007608576 -0.6470837568421938 -0.6910555161723791
vn -0.43859897129074304 -0.8551700899532494 -0.2762518047580022
vn -0.02918108284934288 -0.9551532162601214 -0.2946706600116229
vn -0.41987831381038077 -0.7835819678279085 -0.45793176488063614
vn -0.43859897129074304 -0.8551700899532494 -0.2762518047580022
vn -0.41987831381038077 -0.7835819678279085 -0.45793176488063614
vn -0.3707641173062746 -0.8273531183976963 -0.4219250961909079
vn -0.577025392196542 -0.7714017628742256 -0.26829278222673814
vn -0.519544001713142 -0.5931651211728993 -0.6150033896718246
vn -0.32206348007608576 -0.6470837568421938 -0.6910555161723791
vn -0.577025392196542 -0.7714017628742256 -0.26829278222673814
vn -0.32206348007608576 -0.6470837568421938 -0.6910555161723791
vn -0.39615785971413503 -0.7868802956307561 -0.4731578494908117
vn -0.43859897129074304 -0.8551700899532494 -0.2762518047580022
vn -0.649604896218878 -0.5106830441081788 -0.563219590629503
vn -0.519544001713142 -0.5931651211728993 -0.6150033896718246
vn -0.43859897129074304 -0.8551700899532494 -0.2762518047580022
vn -0.519544001713142 -0.5931651211728993 -0.6150033896718246
vn -0.577025392196542 -0.7714017628742256 -0.26829278222673814
vn -0.5999586791017719 0.07630023209788882 -0.7963842401455878
vn -0.519544001713142 -0.5931651211728993 -0.6150033896718246
vn -0.649604896218878 -0.5106830441081788 -0.563219590629503
vn -0.5999586791017719 0.07630023209788882 -0.7963842401455878
vn -0.649604896218878 -0.5106830441081788 -0.563219590629503
vn -0.6080289732841112 0.38453025189423007 -0.6945770317432254
vn -0.2764315379865206 -0.8082211362713477 -0.5199655754861644
vn -0.3201490965081848 -0.9398029891895232 -0.11947760256813801
vn -0.39615785971413503 -0.7868802956307561 -0.4731578494908117
vn -0.2764315379865206 -0.8082211362713477 -0.5199655754861644
vn -0.39615785971413503 -0.7868802956307561 -0.4731578494908117
vn -0.15256725952508035 -0.6413641480475535 -0.75191439733539
vn 0.03909808635128147 -0.9635314519606288 0.2647234041906947
vn -0.3201490965081848 -0.9398029891895232 -0.11947760256813801
vn -0.2764315379865206 -0.8082211362713477 -0.5199655754861644
vn 0.03909808635128147 -0.9635314519606288 0.2647234041906947
vn -0.2764315379865206 -0.8082211362713477 -0.5199655754861644
vn 0.3187924119676452 -0.9443583623082211 -0.08098568768854082
vn -0.39615785971413503 -0.7868802956307561 -0.4731578494908117
vn -0.3201490965081848 -0.9398029891895232 -0.11947760256813801
vn -0.48663745517742857 -0.8485643303247403 -0.20765973254090653
vn -0.39615785971413503 -0.7868802956307561 -0.4731578494908117
vn -0.48663745517742857 -0.8485643303247403 -0.20765973254090653
vn -0.577025392196542 -0.7714017628742256 -0.26829278222673814
vn -0.48663745517742857 -0.8485643303247403 -0.20765973254090653
vn -0.3201490965081848 -0.9398029891895232 -0.11947760256813801
vn 0.03909808635128147 -0.9635314519606288 0.2647234041906947
vn -0.48663745517742857 -0.8485643303247403 -0.20765973254090653
vn 0.03909808635128147 -0.9635314519606288 0.2647234041906947
vn -0.02918108284934288 -0.9551532162601214 -0.2946706600116229
vn -0.48663745517742857 -0.8485643303247403 -0.20765973254090653
vn -0.02918108284934288 -0.9551532162601214 -0.2946706600116229
vn -0.43859897129074304 -0.8551700899532494 -0.2762518047580022
vn -0.48663745517742857 -0.8485643303247403 -0.20765973254090653
vn -0.43859897129074304 -0.8551700899532494 -0.2762518047580022
vn -0.577025392196542 -0.7714017628742256 -0.26829278222673814
vn -0.15256725952508035 -0.6413641480475535 -0.75191439733539
vn 0.6367904558881878 -0.23306879944896114 -0.7349672441769999
vn 0.3187924119676452 -0.9443583623082211 -0.08098568768854082
vn -0.15256725952508035 -0.6413641480475535 -0.75191439733539
vn 0.3187924119676452 -0.9443583623082211 -0.08098568768854082
vn -0.2764315379865206 -0.8082211362713477 -0.5199655754861644
f 1/1/1 2/2/2 3/3/3
f 4/4/4 5/5/5 6/6/6
f 7/7/7 8/8/8 9/9/9
f 10/10/10 11/11/11 12/12/12
f 13/13/13 14/14/14 15/15/15
f 16/16/16 17/17/17 18/18/18
f 19/19/19 20/20/20 21/21/21
f 22/22/22 23/23/23 24/24/24
f 25/25/25 26/26/26 27/27/27
f 28/28/28 29/29/29 30/30/30
f 31/31/31 32/32/32 33/33/33
f 34/34/34 35/35/35 36/36/36
f 37/37/37 38/38/38 39/39/39
f 40/40/40 41/41/41 42/42/42
f 43/43/43 44/44/44 45/45/45
f 46/46/46 47/47/47 48/48/48
f 49/49/49 50/50/50 51/51/51
f 52/52/52 53/53/53 54/54/54
f 55/55/55 56/56/56 57/57/57
f 58/58/58 59/59/59 60/60/60
f 61/61/61 62/62/62 63/63/63
f 64/64/64 65/65/65 66/66/66
f 67/67/67 68/68/68 69/69/69
f 70/70/70 71/71/71 72/72/72
f 73/73/73 74/74/74 75/75/75
f 76/76/76 77/77/77 78/78/78
f 79/79/79 80/80/80 81/81/81
f 82/82/82 83/83/83 84/84/84
f 85/85/85 86/86/86 87/87/87
f 88/88/88 89/89/89 90/90/90
f 91/91/91 92/92/92 93/93/93
f 94/94/94 95/95/95 96/96/96
f 97/97/97 98/98/98 99/99/99
f 100/100/100 101/101/101 102/102/102
f 103/103/103 104/104/104 105/105/105
f 106/106/106 107/107/107 108/108/108
f 109/109/109 110/110/110 111/111/111
f 112/112/112 113/113/113 114/114/114
f 115/115/115 116/116/116 117/117/117
f 118/118/118 119/119/119 120/120/120
f 121/121/121 122/122/122 123/123/123
f 124/124/124 125/125/125 126/126/126
f 127/127/127 128/128/128 129/129/129
f 130/130/130 131/131/131 132/132/132
f 133/133/133 134/134/134 135/135/135
f 136/136/136 137/137/137 138/138/138
f 139/139/139 140/140/140 141/141/141
f 142/142/142 143/143/143 144/144/144
f 145/145/145 146/146/146 147/147/147
f 148/148/148 149/149/149 150/150/150
f 151/151/151 152/152/152 153/153/153
f 154/154/154 155/155/155 156/156/156
f 157/157/157 158/158/158 159/159/159
f 160/160/160 161/161/161 162/162/162
f 163/163/163 164/164/164 165/165/165
f 166/166/166 167/167/167 168/168/168
f 169/169/169 170/170/170 171/171/171
f 172/172/172 173/173/173 174/174/174
f 175/175/175 176/176/176 177/177/177
f 178/178/178 179/179/179 180/180/180
f 181/181/181 182/182/182 183/183/183
f 184/184/184 185/185/185 186/186/186
f 187/187/187 188/188/188 189/189/189
f 190/190/190 191/191/191 192/192/192
f 193/193/193 194/194/194 195/195/195
f 196/196/196 197/197/197 198/198/198
f 199/199/199 200/200/200 201/201/201
f 202/202/202 203/203/203 204/204/204
f 205/205/205 206/206/206 207/207/207
f 208/208/208 209/209/209 210/210/210
f 211/211/211 212/212/212 213/213/213
f 214/214/214 215/215/215 216/216/216
f 217/217/217 218/218/218 219/219/219
f 220/220/220 221/221/221 222/222/222
f 223/223/223 224/224/224 225/225/225
f 226/226/226 227/227/227 228/228/228
f 229/229/229 230/230/230 231/231/231
f 232/232/232 233/233/233 234/234/234
f 235/235/235 236/236/236 237/237/237
f 238/238/238 239/239/239 240/240/240
f 241/241/241 242/242/242 243/243/243
f 244/244/244 245/245/245 246/246/246
f 247/247/247 248/248/248 249/249/249
f 250/250/250 251/251/251 252/252/252
f 253/253/253 254/254/254 255/255/255
f 256/256/256 257/257/257 258/258/258
f 259/259/259 260/260/260 261/261/261
f 262/262/262 263/263/263 264/264/264
f 265/265/265 266/266/266 267/267/267
f 268/268/268 269/269/269 270/270/270
f 271/271/271 272/272/272 273/273/273
f 274/274/274 275/275/275 276/276/276
f 277/277/277 278/278/278 279/279/279
f 280/280/280 281/281/281 282/282/282
f 283/283/283 284/284/284 285/285/285
f 286/286/286 287/287/287 288/288/288
f 289/289/289 290/290/290 291/291/291
f 292/292/292 293/293/293 294/294/294
f 295/295/295 296/296/296 297/297/297
f 298/298/298 299/299/299 300/300/300
f 301/301/301 302/302/302 303/303/303
f 304/304/304 305/305/305 306/306/306
f 307/307/307 308/308/308 309/309/309
f 310/310/310 311/311/311 312/312/312
f 313/313/313 314/314/314 315/315/315
f 316/316/316 317/317/317 318/318/318
f 319/319/319 320/320/320 321/321/321
f 322/322/322 323/323/323 324/324/324
f 325/325/325 326/326/326 327/327/327
f 328/328/328 329/329/329 330/330/330
f 331/331/331 332/332/332 333/333/333
f 334/334/334 335/335/335 336/336/336
f 337/337/337 338/338/338 339/339/339
f 340/340/340 341/341/341 342/342/342
f 343/343/343 344/344/344 345/345/345
f 346/346/346 347/347/347 348/348/348
f 349/349/349 350/350/350 351/351/351
f 352/352/352 353/353/353 354/354/354
f 355/355/355 356/356/356 357/357/357
f 358/358/358 359/359/359 360/360/360
f 361/361/361 362/362/362 363/363/363
f 364/364/364 365/365/365 366/366/366
f 367/367/367 368/368/368 369/369/369
f 370/370/370 371/371/371 372/372/372
f 373/373/373 374/374/374 375/375/375
f 376/376/376 377/377/377 378/378/378
f 379/379/379 380/380/380 381/381/381
f 382/382/382 383/383/383 384/384/384
f 385/385/385 386/386/386 387/387/387
f 388/388/388 389/389/389 390/390/390
f 391/391/391 392/392/392 393/393/393
f 394/394/394 395/395/395 396/396/396
f 397/397/397 398/398/398 399/399/399
f 400/400/400 401/401/401 402/402/402
f 403/403/403 404/404/404 405/405/405
f 406/406/406 407/407/407 408/408/408
f 409/409/409 410/410/410 411/411/411
f 412/412/412 413/413/413 414/414/414
f 415/415/415 416/416/416 417/417/417
f 418/418/418 419/419/419 420/420/420
f 421/421/421 422/422/422 423/423/423
f 424/424/424 425/425/425 426/426/426
f 427/427/427 428/428/428 429/429/429
f 430/430/430 431/431/431 432/432/432
f 433/433/433 434/434/434 435/435/435
f 436/436/436 437/437/437 438/438/438
f 439/439/439 440/440/440 441/441/441
f 442/442/442 443/443/443 444/444/444
f 445/445/445 446/446/446 447/447/447
f 448/448/448 449/449/449 450/450/450
f 451/451/451 452/452/452 453/453/453
f 454/454/454 455/455/455 456/456/456
f 457/457/457 458/458/458 459/459/459
f 460/460/460 461/461/461 462/462/462
f 463/463/463 464/464/464 465/465/465
f 466/466/466 467/467/467 468/468/468
f 469/469/469 470/470/470 471/471/471
f 472/472/472 473/473/473 474/474/474
f 475/475/475 476/476/476 477/477/477
f 478/478/478 479/479/479 480/480/480
f 481/481/481 482/482/482 483/483/483
f 484/484/484 485/485/485 486/486/486
f 487/487/487 488/488/488 489/489/489
f 490/490/490 491/491/491 492/492/492
f 493/493/493 494/494/494 495/495/495
f 496/496/496 497/497/497 498/498/498
f 499/499/499 500/500/500 501/501/501
f 502/502/502 503/503/503 504/504/504
f 505/505/505 506/506/506 507/507/507
f 508/508/508 509/509/509 510/510/510
f 511/511/511 512/512/512 513/513/513
f 514/514/514 515/515/515 516/516/516
f 517/517/517 518/518/518 519/519/519
f 520/520/520 521/521/521 522/522/522
f 523/523/523 524/524/524 525/525/525
f 526/526/526 527/527/527 528/528/528
f 529/529/529 530/530/530 531/531/531
f 532/532/532 533/533/533 534/534/534
f 535/535/535 536/536/536 537/537/537
f 538/538/538 539/539/539 540/540/540
f 541/541/541 542/542/542 543/543/543
f 544/544/544 545/545/545 546/546/546
f 547/547/547 548/548/548 549/549/549
f 550/550/550 551/551/551 552/552/552
f 553/553/553 554/554/554 555/555/555
f 556/556/556 557/557/557 558/558/558
f 559/559/559 560/560/560 561/561/561
f 562/562/562 563/563/563 564/564/564
f 565/565/565 566/566/566 567/567/567
f 568/568/568 569/569/569 570/570/570
f 571/571/571 572/572/572 573/573/573
f 574/574/574 575/575/575 576/576/576
f 577/577/577 578/578/578 579/579/579
f 580/580/580 581/581/581 582/582/582
f 583/583/583 584/584/584 585/585/585
f 586/586/586 587/587/587 588/588/588
f 589/589/589 590/590/590 591/591/591
f 592/592/592 593/593/593 594/594/594
f 595/595/595 596/596/596 597/597/597
f 598/598/598 599/599/599 600/600/600
f 601/601/601 602/602/602 603/603/603
f 604/604/604 605/605/605 606/606/606
f 607/607/607 608/608/608 609/609/609
f 610/610/610 611/611/611 612/612/612
f 613/613/613 614/614/614 615/615/615
f 616/616/616 617/617/617 618/618/618
f 619/619/619 620/620/620 621/621/621
f 622/622/622 623/623/623 624/624/624
f 625/625/625 626/626/626 627/627/627
f 628/628/628 629/629/629 630/630/630
f 631/631/631 632/632/632 633/633/633
f 634/634/634 635/635/635 636/636/636
f 637/637/637 638/638/638 639/639/639
f 640/640/640 641/641/641 642/642/642
f 643/643/643 644/644/644 645/645/645
f 646/646/646 647/647/647 648/648/648
f 649/649/649 650/650/650 651/651/651
f 652/652/652 653/653/653 654/654/654
f 655/655/655 656/656/656 657/657/657
f 658/658/658 659/659/659 660/660/660
f 661/661/661 662/662/662 663/663/663
f 664/664/664 665/665/665 666/666/666
f 667/667/667 668/668/668 669/669/669
f 670/670/670 671/671/671 672/672/672
f 673/673/673 674/674/674 675/675/675
f 676/676/676 677/677/677 678/678/678
f 679/679/679 680/680/680 681/681/681
f 682/682/682 683/683/683 684/684/684
f 685/685/685 686/686/686 687/687/687
f 688/688/688 689/689/689 690/690/690
f 691/691/691 692/692/692 693/693/693
f 694/694/694 695/695/695 696/696/696
f 697/697/697 698/698/698 699/699/699
f 700/700/700 701/701/701 702/702/702
f 703/703/703 704/704/704 705/705/705
f 706/706/706 707/707/707 708/708/708
f 709/709/709 710/710/710 711/711/711
f 712/712/712 713/713/713 714/714/714
f 715/715/715 716/716/716 717/717/717
f 718/718/718 719/719/719 720/720/720
f 721/721/721 722/722/722 723/723/723
f 724/724/724 725/725/725 726/726/726
f 727/727/727 728/728/728 729/729/729
f 730/730/730 731/731/731 732/732/732
f 733/733/733 734/734/734 735/735/735
f 736/736/736 737/737/737 738/738/738
f 739/739/739 740/740/740 741/741/741
f 742/742/742 743/743/743 744/744/744
f 745/745/745 746/746/746 747/747/747
f 748/748/748 749/749/749 750/750/750
f 751/751/751 752/752/752 753/753/753
f 754/754/754 755/755/755 756/756/756
f 757/757/757 758/758/758 759/759/759
f 760/760/760 761/761/761 762/762/762
f 763/763/763 764/764/764 765/765/765
f 766/766/766 767/767/767 768/768/768
f 769/769/769 770/770/770 771/771/771
f 772/772/772 773/773/773 774/774/774
f 775/775/775 776/776/776 777/777/777
f 778/778/778 779/779/779 780/780/780
f 781/781/781 782/782/782 783/783/783
f 784/784/784 785/785/785 786/786/786
f 787/787/787 788/788/788 789/789/789
f 790/790/790 791/791/791 792/792/792
f 793/793/793 794/794/794 795/795/795
f 796/796/796 797/797/797 798/798/798
f 799/799/799 800/800/800 801/801/801
f 802/802/802 803/803/803 804/804/804
f 805/805/805 806/806/806 807/807/807
f 808/808/808 809/809/809 810/810/810
f 811/811/811 812/812/812 813/813/813
f 814/814/814 815/815/815 816/816/816
f 817/817/817 818/818/818 819/819/819
f 820/820/820 821/821/821 822/822/822
f 823/823/823 824/824/824 825/825/825
f 826/826/826 827/827/827 828/828/828
f 829/829/829 830/830/830 831/831/831
f 832/832/832 833/833/833 834/834/834
f 835/835/835 836/836/836 837/837/837
f 838/838/838 839/839/839 840/840/840
f 841/841/841 842/842/842 843/843/843
f 844/844/844 845/845/845 846/846/846
f 847/847/847 848/848/848 849/849/849
f 850/850/850 851/851/851 852/852/852
f 853/853/853 854/854/854 855/855/855
f 856/856/856 857/857/857 858/858/858
f 859/859/859 860/860/860 861/861/861
f 862/862/862 863/863/863 864/864/864
f 865/865/865 866/866/866 867/867/867
f 868/868/868 869/869/869 870/870/870
f 871/871/871 872/872/872 873/873/873
f 874/874/874 875/875/875 876/876/876
f 877/877/877 878/878/878 879/879/879
f 880/880/880 881/881/881 882/882/882
f 883/883/883 884/884/884 885/885/885
f 886/886/886 887/887/887 888/888/888
f 889/889/889 890/890/890 891/891/891
f 892/892/892 893/893/893 894/894/894
f 895/895/895 896/896/896 897/897/897
f 898/898/898 899/899/899 900/900/900
f 901/901/901 902/902/902 903/903/903
f 904/904/904 905/905/905 906/906/906
f 907/907/907 908/908/908 909/909/909
f 910/910/910 911/911/911 912/912/912
f 913/913/913 914/914/914 915/915/915
f 916/916/916 917/917/917 918/918/918
f 919/919/919 920/920/920 921/921/921
f 922/922/922 923/923/923 924/924/924
f 925/925/925 926/926/926 927/927/927
f 928/928/928 929/929/929 930/930/930
f 931/931/931 932/932/932 933/933/933
f 934/934/934 935/935/935 936/936/936
f 937/937/937 938/938/938 939/939/939
f 940/940/940 941/941/941 942/942/942
f 943/943/943 944/944/944 945/945/945
f 946/946/946 947/947/947 948/948/948
f 949/949/949 950/950/950 951/951/951
f 952/952/952 953/953/953 954/954/954
f 955/955/955 956/956/956 957/957/957
f 958/958/958 959/959/959 960/960/960
f 961/961/961 962/962/962 963/963/963
f 964/964/964 965/965/965 966/966/966
f 967/967/967 968/968/968 969/969/969
f 970/970/970 971/971/971 972/972/972
f 973/973/973 974/974/974 975/975/975
f 976/976/976 977/977/977 978/978/978
f 979/979/979 980/980/980 981/981/981
f 982/982/982 983/983/983 984/984/984
f 985/985/985 986/986/986 987/987/987
f 988/988/988 989/989/989 990/990/990
f 991/991/991 992/992/992 993/993/993
f 994/994/994 995/995/995 996/996/996
f 997/997/997 998/998/998 999/999/999
f 1000/1000/1000 1001/1001/1001 1002/1002/1002
f 1003/1003/1003 1004/1004/1004 1005/1005/1005
f 1006/1006/1006 1007/1007/1007 1008/1008/1008
f 1009/1009/1009 1010/1010/1010 1011/1011/1011
f 1012/1012/1012 1013/1013/1013 1014/1014/1014
f 1015/1015/1015 1016/1016/1016 1017/1017/1017
f 1018/1018/1018 1019/1019/1019 1020/1020/1020
f 1021/1021/1021 1022/1022/1022 1023/1023/1023
f 1024/1024/1024 1025/1025/1025 1026/1026/1026
f 1027/1027/1027 1028/1028/1028 1029/1029/1029
f 1030/1030/1030 1031/1031/1031 1032/1032/1032
f 1033/1033/1033 1034/1034/1034 1035/1035/1035
f 1036/1036/1036 1037/1037/1037 1038/1038/1038
f 1039/1039/1039 1040/1040/1040 1041/1041/1041
f 1042/1042/1042 1043/1043/1043 1044/1044/1044
f 1045/1045/1045 1046/1046/1046 1047/1047/1047
f 1048/1048/1048 1049/1049/1049 1050/1050/1050
f 1051/1051/1051 1052/1052/1052 1053/1053/1053
f 1054/1054/1054 1055/1055/1055 1056/1056/1056
f 1057/1057/1057 1058/1058/1058 1059/1059/1059
f 1060/1060/1060 1061/1061/1061 1062/1062/1062
f 1063/1063/1063 1064/1064/1064 1065/1065/1065
f 1066/1066/1066 1067/1067/1067 1068/1068/1068
f 1069/1069/1069 1070/1070/1070 1071/1071/1071
f 1072/1072/1072 1073/1073/1073 1074/1074/1074
f 1075/1075/1075 1076/1076/1076 1077/1077/1077
f 1078/1078/1078 1079/1079/1079 1080/1080/1080
f 1081/1081/1081 1082/1082/1082 1083/1083/1083
f 1084/1084/1084 1085/1085/1085 1086/1086/1086
f 1087/1087/1087 1088/1088/1088 1089/1089/1089
f 1090/1090/1090 1091/1091/1091 1092/1092/1092
f 1093/1093/1093 1094/1094/1094 1095/1095/1095
f 1096/1096/1096 1097/1097/1097 1098/1098/1098
f 1099/1099/1099 1100/1100/1100 1101/1101/1101
f 1102/1102/1102 1103/1103/1103 1104/1104/1104
f 1105/1105/1105 1106/1106/1106 1107/1107/1107
f 1108/1108/1108 1109/1109/1109 1110/1110/1110
f 1111/1111/1111 1112/1112/1112 1113/1113/1113
f 1114/1114/1114 1115/1115/1115 1116/1116/1116
f 1117/1117/1117 1118/1118/1118 1119/1119/1119
f 1120/1120/1120 1121/1121/1121 1122/1122/1122
f 1123/1123/1123 1124/1124/1124 1125/1125/1125
f 1126/1126/1126 1127/1127/1127 1128/1128/1128
f 1129/1129/1129 1130/1130/1130 1131/1131/1131
f 1132/1132/1132 1133/1133/1133 1134/1134/1134
f 1135/1135/1135 1136/1136/1136 1137/1137/1137
f 1138/1138/1138 1139/1139/1139 1140/1140/1140
f 1141/1141/1141 1142/1142/1142 1143/1143/1143
f 1144/1144/1144 1145/1145/1145 1146/1146/1146
f 1147/1147/1147 1148/1148/1148 1149/1149/1149
f 1150/1150/1150 1151/1151/1151 1152/1152/1152
f 1153/1153/1153 1154/1154/1154 1155/1155/1155
f 1156/1156/1156 1157/1157/1157 1158/1158/1158
f 1159/1159/1159 1160/1160/1160 1161/1161/1161
f 1162/1162/1162 1163/1163/1163 1164/1164/1164
f 1165/1165/1165 1166/1166/1166 1167/1167/1167
f 1168/1168/1168 1169/1169/1169 1170/1170/1170
f 1171/1171/1171 1172/1172/1172 1173/1173/1173
f 1174/1174/1174 1175/1175/1175 1176/1176/1176
f 1177/1177/1177 1178/1178/1178 1179/1179/1179
f 1180/1180/1180 1181/1181/1181 1182/1182/1182
f 1183/1183/1183 1184/1184/1184 1185/1185/1185
f 1186/1186/1186 1187/1187/1187 1188/1188/1188
f 1189/1189/1189 1190/1190/1190 1191/1191/1191
f 1192/1192/1192 1193/1193/1193 1194/1194/1194
f 1195/1195/1195 1196/1196/1196 1197/1197/1197
f 1198/1198/1198 1199/1199/1199 1200/1200/1200
f 1201/1201/1201 1202/1202/1202 1203/1203/1203
f 1204/1204/1204 1205/1205/1205 1206/1206/1206
f 1207/1207/1207 1208/1208/1208 1209/1209/1209
f 1210/1210/1210 1211/1211/1211 1212/1212/1212
f 1213/1213/1213 1214/1214/1214 1215/1215/1215
f 1216/1216/1216 1217/1217/1217 1218/1218/1218
f 1219/1219/1219 1220/1220/1220 1221/1221/1221
f 1222/1222/1222 1223/1223/1223 1224/1224/1224
f 1225/1225/1225 1226/1226/1226 1227/1227/1227
f 1228/1228/1228 1229/1229/1229 1230/1230/1230
f 1231/1231/1231 1232/1232/1232 1233/1233/1233
f 1234/1234/1234 1235/1235/1235 1236/1236/1236
f 1237/1237/1237 1238/1238/1238 1239/1239/1239
f 1240/1240/1240 1241/1241/1241 1242/1242/1242
f 1243/1243/1243 1244/1244/1244 1245/1245/1245
f 1246/1246/1246 1247/1247/1247 1248/1248/1248
f 1249/1249/1249 1250/1250/1250 1251/1251/1251
f 1252/1252/1252 1253/1253/1253 1254/1254/1254
f 1255/1255/1255 1256/1256/1256 1257/1257/1257
f 1258/1258/1258 1259/1259/1259 1260/1260/1260
f 1261/1261/1261 1262/1262/1262 1263/1263/1263
f 1264/1264/1264 1265/1265/1265 1266/1266/1266
f 1267/1267/1267 1268/1268/1268 1269/1269/1269
f 1270/1270/1270 1271/1271/1271 1272/1272/1272
f 1273/1273/1273 1274/1274/1274 1275/1275/1275
f 1276/1276/1276 1277/1277/1277 1278/1278/1278
f 1279/1279/1279 1280/1280/1280 1281/1281/1281
f 1282/1282/1282 1283/1283/1283 1284/1284/1284
f 1285/1285/1285 1286/1286/1286 1287/1287/1287
f 1288/1288/1288 1289/1289/1289 1290/1290/1290
f 1291/1291/1291 1292/1292/1292 1293/1293/1293
f 1294/1294/1294 1295/1295/1295 1296/1296/1296
f 1297/1297/1297 1298/1298/1298 1299/1299/1299
f 1300/1300/1300 1301/1301/1301 1302/1302/1302
f 1303/1303/1303 1304/1304/1304 1305/1305/1305
f 1306/1306/1306 1307/1307/1307 1308/1308/1308
f 1309/1309/1309 1310/1310/1310 1311/1311/1311
f 1312/1312/1312 1313/1313/1313 1314/1314/1314
f 1315/1315/1315 1316/1316/1316 1317/1317/1317
f 1318/1318/1318 1319/1319/1319 1320/1320/1320
f 1321/1321/1321 1322/1322/1322 1323/1323/1323
f 1324/1324/1324 1325/1325/1325 1326/1326/1326
f 1327/1327/1327 1328/1328/1328 1329/1329/1329
f 1330/1330/1330 1331/1331/1331 1332/1332/1332
f 1333/1333/1333 1334/1334/1334 1335/1335/1335
f 1336/1336/1336 1337/1337/1337 1338/1338/1338
f 1339/1339/1339 1340/1340/1340 1341/1341/1341
f 1342/1342/1342 1343/1343/1343 1344/1344/1344
f 1345/1345/1345 1346/1346/1346 1347/1347/1347
f 1348/1348/1348 1349/1349/1349 1350/1350/1350
f 1351/1351/1351 1352/1352/1352 1353/1353/1353
f 1354/1354/1354 1355/1355/1355 1356/1356/1356
f 1357/1357/1357 1358/1358/1358 1359/1359/1359
f 1360/1360/1360 1361/1361/1361 1362/1362/1362
f 1363/1363/1363 1364/1364/1364 1365/1365/1365
f 1366/1366/1366 1367/1367/1367 1368/1368/1368
f 1369/1369/1369 1370/1370/1370 1371/1371/1371
f 1372/1372/1372 1373/1373/1373 1374/1374/1374
f 1375/1375/1375 1376/1376/1376 1377/1377/1377
f 1378/1378/1378 1379/1379/1379 1380/1380/1380
f 1381/1381/1381 1382/1382/1382 1383/1383/1383
f 1384/1384/1384 1385/1385/1385 1386/1386/1386
f 1387/1387/1387 1388/1388/1388 1389/1389/1389
f 1390/1390/1390 1391/1391/1391 1392/1392/1392
f 1393/1393/1393 1394/1394/1394 1395/1395/1395
f 1396/1396/1396 1397/1397/1397 1398/1398/1398
f 1399/1399/1399 1400/1400/1400 1401/1401/1401
f 1402/1402/1402 1403/1403/1403 1404/1404/1404
f 1405/1405/1405 1406/1406/1406 1407/1407/1407
f 1408/1408/1408 1409/1409/1409 1410/1410/1410
f 1411/1411/1411 1412/1412/1412 1413/1413/1413
f 1414/1414/1414 1415/1415/1415 1416/1416/1416
f 1417/1417/1417 1418/1418/1418 1419/1419/1419
f 1420/1420/1420 1421/1421/1421 1422/1422/1422
f 1423/1423/1423 1424/1424/1424 1425/1425/1425
f 1426/1426/1426 1427/1427/1427 1428/1428/1428
f 1429/1429/1429 1430/1430/1430 1431/1431/1431
f 1432/1432/1432 1433/1433/1433 1434/1434/1434
f 1435/1435/1435 1436/1436/1436 1437/1437/1437
f 1438/1438/1438 1439/1439/1439 1440/1440/1440
f 1441/1441/1441 1442/1442/1442 1443/1443/1443
f 1444/1444/1444 1445/1445/1445 1446/1446/1446
f 1447/1447/1447 1448/1448/1448 1449/1449/1449
f 1450/1450/1450 1451/1451/1451 1452/1452/1452
f 1453/1453/1453 1454/1454/1454 1455/1455/1455
f 1456/1456/1456 1457/1457/1457 1458/1458/1458
f 1459/1459/1459 1460/1460/1460 1461/1461/1461
f 1462/1462/1462 1463/1463/1463 1464/1464/1464
f 1465/1465/1465 1466/1466/1466 1467/1467/1467
f 1468/1468/1468 1469/1469/1469 1470/1470/1470
f 1471/1471/1471 1472/1472/1472 1473/1473/1473
f 1474/1474/1474 1475/1475/1475 1476/1476/1476
f 1477/1477/1477 1478/1478/1478 1479/1479/1479
f 1480/1480/1480 1481/1481/1481 1482/1482/1482
f 1483/1483/1483 1484/1484/1484 1485/1485/1485
f 1486/1486/1486 1487/1487/1487 1488/1488/1488
f 1489/1489/1489 1490/1490/1490 1491/1491/1491
f 1492/1492/1492 1493/1493/1493 1494/1494/1494
f 1495/1495/1495 1496/1496/1496 1497/1497/1497
f 1498/1498/1498 1499/1499/1499 1500/1500/1500
f 1501/1501/1501 1502/1502/1502 1503/1503/1503
f 1504/1504/1504 1505/1505/1505 1506/1506/1506
f 1507/1507/1507 1508/1508/1508 1509/1509/1509
f 1510/1510/1510 1511/1511/1511 1512/1512/1512
f 1513/1513/1513 1514/1514/1514 1515/1515/1515
f 1516/1516/1516 1517/1517/1517 1518/1518/1518
f 1519/1519/1519 1520/1520/1520 1521/1521/1521
f 1522/1522/1522 1523/1523/1523 1524/1524/1524
f 1525/1525/1525 1526/1526/1526 1527/1527/1527
f 1528/1528/1528 1529/1529/1529 1530/1530/1530
f 1531/1531/1531 1532/1532/1532 1533/1533/1533
f 1534/1534/1534 1535/1535/1535 1536/1536/1536
f 1537/1537/1537 1538/1538/1538 1539/1539/1539
f 1540/1540/1540 1541/1541/1541 1542/1542/1542
f 1543/1543/1543 1544/1544/1544 1545/1545/1545
f 1546/1546/1546 1547/1547/1547 1548/1548/1548
f 1549/1549/1549 1550/1550/1550 1551/1551/1551
f 1552/1552/1552 1553/1553/1553 1554/1554/1554
f 1555/1555/1555 1556/1556/1556 1557/1557/1557
f 1558/1558/1558 1559/1559/1559 1560/1560/1560
f 1561/1561/1561 1562/1562/1562 1563/1563/1563
f 1564/1564/1564 1565/1565/1565 1566/1566/1566
f 1567/1567/1567 1568/1568/1568 1569/1569/1569
f 1570/1570/1570 1571/1571/1571 1572/1572/1572
f 1573/1573/1573 1574/1574/1574 1575/1575/1575
f 1576/1576/1576 1577/1577/1577 1578/1578/1578
f 1579/1579/1579 1580/1580/1580 1581/1581/1581
f 1582/1582/1582 1583/1583/1583 1584/1584/1584
f 1585/1585/1585 1586/1586/1586 1587/1587/1587
f 1588/1588/1588 1589/1589/1589 1590/1590/1590
f 1591/1591/1591 1592/1592/1592 1593/1593/1593
f 1594/1594/1594 1595/1595/1595 1596/1596/1596
f 1597/1597/1597 1598/1598/1598 1599/1599/1599
f 1600/1600/1600 1601/1601/1601 1602/1602/1602
f 1603/1603/1603 1604/1604/1604 1605/1605/1605
f 1606/1606/1606 1607/1607/1607 1608/1608/1608
f 1609/1609/1609 1610/1610/1610 1611/1611/1611
f 1612/1612/1612 1613/1613/1613 1614/1614/1614
f 1615/1615/1615 1616/1616/1616 1617/1617/1617
f 1618/1618/1618 1619/1619/1619 1620/1620/1620
f 1621/1621/1621 1622/1622/1622 1623/1623/1623
f 1624/1624/1624 1625/1625/1625 1626/1626/1626
f 1627/1627/1627 1628/1628/1628 1629/1629/1629
f 1630/1630/1630 1631/1631/1631 1632/1632/1632
f 1633/1633/1633 1634/1634/1634 1635/1635/1635
f 1636/1636/1636 1637/1637/1637 1638/1638/1638
f 1639/1639/1639 1640/1640/1640 1641/1641/1641
f 1642/1642/1642 1643/1643/1643 1644/1644/1644
f 1645/1645/1645 1646/1646/1646 1647/1647/1647
f 1648/1648/1648 1649/1649/1649 1650/1650/1650
f 1651/1651/1651 1652/1652/1652 1653/1653/1653
f 1654/1654/1654 1655/1655/1655 1656/1656/1656
f 1657/1657/1657 1658/1658/1658 1659/1659/1659
f 1660/1660/1660 1661/1661/1661 1662/1662/1662
f 1663/1663/1663 1664/1664/1664 1665/1665/1665
f 1666/1666/1666 1667/1667/1667 1668/1668/1668
f 1669/1669/1669 1670/1670/1670 1671/1671/1671
f 1672/1672/1672 1673/1673/1673 1674/1674/1674
f 1675/1675/1675 1676/1676/1676 1677/1677/1677
f 1678/1678/1678 1679/1679/1679 1680/1680/1680
f 1681/1681/1681 1682/1682/1682 1683/1683/1683
f 1684/1684/1684 1685/1685/1685 1686/1686/1686
f 1687/1687/1687 1688/1688/1688 1689/1689/1689
f 1690/1690/1690 1691/1691/1691 1692/1692/1692
f 1693/1693/1693 1694/1694/1694 1695/1695/1695
f 1696/1696/1696 1697/1697/1697 1698/1698/1698
f 1699/1699/1699 1700/1700/1700 1701/1701/1701
f 1702/1702/1702 1703/1703/1703 1704/1704/1704
f 1705/1705/1705 1706/1706/1706 1707/1707/1707
f 1708/1708/1708 1709/1709/1709 1710/1710/1710
f 1711/1711/1711 1712/1712/1712 1713/1713/1713
f 1714/1714/1714 1715/1715/1715 1716/1716/1716
f 1717/1717/1717 1718/1718/1718 1719/1719/1719
f 1720/1720/1720 1721/1721/1721 1722/1722/1722
f 1723/1723/1723 1724/1724/1724 1725/1725/1725
f 1726/1726/1726 1727/1727/1727 1728/1728/1728
f 1729/1729/1729 1730/1730/1730 1731/1731/1731
f 1732/1732/1732 1733/1733/1733 1734/1734/1734
f 1735/1735/1735 1736/1736/1736 1737/1737/1737
f 1738/1738/1738 1739/1739/1739 1740/1740/1740
f 1741/1741/1741 1742/1742/1742 1743/1743/1743
f 1744/1744/1744 1745/1745/1745 1746/1746/1746
f 1747/1747/1747 1748/1748/1748 1749/1749/1749
f 1750/1750/1750 1751/1751/1751 1752/1752/1752
f 1753/1753/1753 1754/1754/1754 1755/1755/1755
f 1756/1756/1756 1757/1757/1757 1758/1758/1758
f 1759/1759/1759 1760/1760/1760 1761/1761/1761
f 1762/1762/1762 1763/1763/1763 1764/1764/1764
f 1765/1765/1765 1766/1766/1766 1767/1767/1767
f 1768/1768/1768 1769/1769/1769 1770/1770/1770
f 1771/1771/1771 1772/1772/1772 1773/1773/1773
f 1774/1774/1774 1775/1775/1775 1776/1776/1776
f 1777/1777/1777 1778/1778/1778 1779/1779/1779
f 1780/1780/1780 1781/1781/1781 1782/1782/1782
f 1783/1783/1783 1784/1784/1784 1785/1785/1785
f 1786/1786/1786 1787/1787/1787 1788/1788/1788
f 1789/1789/1789 1790/1790/1790 1791/1791/1791
f 1792/1792/1792 1793/1793/1793 1794/1794/1794
f 1795/1795/1795 1796/1796/1796 1797/1797/1797
f 1798/1798/1798 1799/1799/1799 1800/1800/1800
f 1801/1801/1801 1802/1802/1802 1803/1803/1803
f 1804/1804/1804 1805/1805/1805 1806/1806/1806
f 1807/1807/1807 1808/1808/1808 1809/1809/1809
f 1810/1810/1810 1811/1811/1811 1812/1812/1812
f 1813/1813/1813 1814/1814/1814 1815/1815/1815
f 1816/1816/1816 1817/1817/1817 1818/1818/1818
f 1819/1819/1819 1820/1820/1820 1821/1821/1821
f 1822/1822/1822 1823/1823/1823 1824/1824/1824
f 1825/1825/1825 1826/1826/1826 1827/1827/1827
f 1828/1828/1828 1829/1829/1829 1830/1830/1830
f 1831/1831/1831 1832/1832/1832 1833/1833/1833
f 1834/1834/1834 1835/1835/1835 1836/1836/1836
f 1837/1837/1837 1838/1838/1838 1839/1839/1839
f 1840/1840/1840 1841/1841/1841 1842/1842/1842
f 1843/1843/1843 1844/1844/1844 1845/1845/1845
f 1846/1846/1846 1847/1847/1847 1848/1848/1848
f 1849/1849/1849 1850/1850/1850 1851/1851/1851
f 1852/1852/1852 1853/1853/1853 1854/1854/1854
f 1855/1855/1855 1856/1856/1856 1857/1857/1857
f 1858/1858/1858 1859/1859/1859 1860/1860/1860
f 1861/1861/1861 1862/1862/1862 1863/1863/1863
f 1864/1864/1864 1865/1865/1865 1866/1866/1866
f 1867/1867/1867 1868/1868/1868 1869/1869/1869
f 1870/1870/1870 1871/1871/1871 1872/1872/1872
f 1873/1873/1873 1874/1874/1874 1875/1875/1875
f 1876/1876/1876 1877/1877/1877 1878/1878/1878
f 1879/1879/1879 1880/1880/1880 1881/1881/1881
f 1882/1882/1882 1883/1883/1883 1884/1884/1884
f 1885/1885/1885 1886/1886/1886 1887/1887/1887
f 1888/1888/1888 1889/1889/1889 1890/1890/1890
f 1891/1891/1891 1892/1892/1892 1893/1893/1893
f 1894/1894/1894 1895/1895/1895 1896/1896/1896
f 1897/1897/1897 1898/1898/1898 1899/1899/1899
f 1900/1900/1900 1901/1901/1901 1902/1902/1902
f 1903/1903/1903 1904/1904/1904 1905/1905/1905
f 1906/1906/1906 1907/1907/1907 1908/1908/1908
f 1909/1909/1909 1910/1910/1910 1911/1911/1911
f 1912/1912/1912 1913/1913/1913 1914/1914/1914
f 1915/1915/1915 1916/1916/1916 1917/1917/1917
f 1918/1918/1918 1919/1919/1919 1920/1920/1920
f 1921/1921/1921 1922/1922/1922 1923/1923/1923
f 1924/1924/1924 1925/1925/1925 1926/1926/1926
f 1927/1927/1927 1928/1928/1928 1929/1929/1929
f 1930/1930/1930 1931/1931/1931 1932/1932/1932
f 1933/1933/1933 1934/1934/1934 1935/1935/1935
f 1936/1936/1936 1937/1937/1937 1938/1938/1938
f 1939/1939/1939 1940/1940/1940 1941/1941/1941
f 1942/1942/1942 1943/1943/1943 1944/1944/1944
f 1945/1945/1945 1946/1946/1946 1947/1947/1947
f 1948/1948/1948 1949/1949/1949 1950/1950/1950
f 1951/1951/1951 1952/1952/1952 1953/1953/1953
f 1954/1954/1954 1955/1955/1955 1956/1956/1956
f 1957/1957/1957 1958/1958/1958 1959/1959/1959
f 1960/1960/1960 1961/1961/1961 1962/1962/1962
f 1963/1963/1963 1964/1964/1964 1965/1965/1965
f 1966/1966/1966 1967/1967/1967 1968/1968/1968
f 1969/1969/1969 1970/1970/1970 1971/1971/1971
f 1972/1972/1972 1973/1973/1973 1974/1974/1974
f 1975/1975/1975 1976/1976/1976 1977/1977/1977
f 1978/1978/1978 1979/1979/1979 1980/1980/1980
f 1981/1981/1981 1982/1982/1982 1983/1983/1983
f 1984/1984/1984 1985/1985/1985 1986/1986/1986
f 1987/1987/1987 1988/1988/1988 1989/1989/1989
f 1990/1990/1990 1991/1991/1991 1992/1992/1992
f 1993/1993/1993 1994/1994/1994 1995/1995/1995
f 1996/1996/1996 1997/1997/1997 1998/1998/1998
f 1999/1999/1999 2000/2000/2000 2001/2001/2001
f 2002/2002/2002 2003/2003/2003 2004/2004/2004
f 2005/2005/2005 2006/2006/2006 2007/2007/2007
f 2008/2008/2008 2009/2009/2009 2010/2010/2010
f 2011/2011/2011 2012/2012/2012 2013/2013/2013
f 2014/2014/2014 2015/2015/2015 2016/2016/2016
f 2017/2017/2017 2018/2018/2018 2019/2019/2019
f 2020/2020/2020 2021/2021/2021 2022/2022/2022
f 2023/2023/2023 2024/2024/2024 2025/2025/2025
f 2026/2026/2026 2027/2027/2027 2028/2028/2028
f 2029/2029/2029 2030/2030/2030 2031/2031/2031
f 2032/2032/2032 2033/2033/2033 2034/2034/2034
f 2035/2035/2035 2036/2036/2036 2037/2037/2037
f 2038/2038/2038 2039/2039/2039 2040/2040/2040
f 2041/2041/2041 2042/2042/2042 2043/2043/2043
f 2044/2044/2044 2045/2045/2045 2046/2046/2046
f 2047/2047/2047 2048/2048/2048 2049/2049/2049
f 2050/2050/2050 2051/2051/2051 2052/2052/2052
f 2053/2053/2053 2054/2054/2054 2055/2055/2055
f 2056/2056/2056 2057/2057/2057 2058/2058/2058
f 2059/2059/2059 2060/2060/2060 2061/2061/2061
f 2062/2062/2062 2063/2063/2063 2064/2064/2064
f 2065/2065/2065 2066/2066/2066 2067/2067/2067
f 2068/2068/2068 2069/2069/2069 2070/2070/2070
f 2071/2071/2071 2072/2072/2072 2073/2073/2073
f 2074/2074/2074 2075/2075/2075 2076/2076/2076
f 2077/2077/2077 2078/2078/2078 2079/2079/2079
f 2080/2080/2080 2081/2081/2081 2082/2082/2082
f 2083/2083/2083 2084/2084/2084 2085/2085/2085
f 2086/2086/2086 2087/2087/2087 2088/2088/2088
f 2089/2089/2089 2090/2090/2090 2091/2091/2091
f 2092/2092/2092 2093/2093/2093 2094/2094/2094
f 2095/2095/2095 2096/2096/2096 2097/2097/2097
f 2098/2098/2098 2099/2099/2099 2100/2100/2100
f 2101/2101/2101 2102/2102/2102 2103/2103/2103
f 2104/2104/2104 2105/2105/2105 2106/2106/2106
f 2107/2107/2107 2108/2108/2108 2109/2109/2109
f 2110/2110/2110 2111/2111/2111 2112/2112/2112
f 2113/2113/2113 2114/2114/2114 2115/2115/2115
f 2116/2116/2116 2117/2117/2117 2118/2118/2118
f 2119/2119/2119 2120/2120/2120 2121/2121/2121
f 2122/2122/2122 2123/2123/2123 2124/2124/2124
f 2125/2125/2125 2126/2126/2126 2127/2127/2127
f 2128/2128/2128 2129/2129/2129 2130/2130/2130
f 2131/2131/2131 2132/2132/2132 2133/2133/2133
f 2134/2134/2134 2135/2135/2135 2136/2136/2136
f 2137/2137/2137 2138/2138/2138 2139/2139/2139
f 2140/2140/2140 2141/2141/2141 2142/2142/2142
f 2143/2143/2143 2144/2144/2144 2145/2145/2145
f 2146/2146/2146 2147/2147/2147 2148/2148/2148
f 2149/2149/2149 2150/2150/2150 2151/2151/2151
f 2152/2152/2152 2153/2153/2153 2154/2154/2154
f 2155/2155/2155 2156/2156/2156 2157/2157/2157
f 2158/2158/2158 2159/2159/2159 2160/2160/2160
f 2161/2161/2161 2162/2162/2162 2163/2163/2163
f 2164/2164/2164 2165/2165/2165 2166/2166/2166
f 2167/2167/2167 2168/2168/2168 2169/2169/2169
f 2170/2170/2170 2171/2171/2171 2172/2172/2172
f 2173/2173/2173 2174/2174/2174 2175/2175/2175
f 2176/2176/2176 2177/2177/2177 2178/2178/2178
f 2179/2179/2179 2180/2180/2180 2181/2181/2181
f 2182/2182/2182 2183/2183/2183 2184/2184/2184
f 2185/2185/2185 2186/2186/2186 2187/2187/2187
f 2188/2188/2188 2189/2189/2189 2190/2190/2190
f 2191/2191/2191 2192/2192/2192 2193/2193/2193
f 2194/2194/2194 2195/2195/2195 2196/2196/2196
f 2197/2197/2197 2198/2198/2198 2199/2199/2199
f 2200/2200/2200 2201/2201/2201 2202/2202/2202
f 2203/2203/2203 2204/2204/2204 2205/2205/2205
f 2206/2206/2206 2207/2207/2207 2208/2208/2208
f 2209/2209/2209 2210/2210/2210 2211/2211/2211
f 2212/2212/2212 2213/2213/2213 2214/2214/2214
f 2215/2215/2215 2216/2216/2216 2217/2217/2217
f 2218/2218/2218 2219/2219/2219 2220/2220/2220
f 2221/2221/2221 2222/2222/2222 2223/2223/2223
f 2224/2224/2224 2225/2225/2225 2226/2226/2226
f 2227/2227/2227 2228/2228/2228 2229/2229/2229
f 2230/2230/2230 2231/2231/2231 2232/2232/2232
f 2233/2233/2233 2234/2234/2234 2235/2235/2235
f 2236/2236/2236 2237/2237/2237 2238/2238/2238
f 2239/2239/2239 2240/2240/2240 2241/2241/2241
f 2242/2242/2242 2243/2243/2243 2244/2244/2244
f 2245/2245/2245 2246/2246/2246 2247/2247/2247
f 2248/2248/2248 2249/2249/2249 2250/2250/2250
f 2251/2251/2251 2252/2252/2252 2253/2253/2253
f 2254/2254/2254 2255/2255/2255 2256/2256/2256
f 2257/2257/2257 2258/2258/2258 2259/2259/2259
f 2260/2260/2260 2261/2261/2261 2262/2262/2262
f 2263/2263/2263 2264/2264/2264 2265/2265/2265
f 2266/2266/2266 2267/2267/2267 2268/2268/2268
f 2269/2269/2269 2270/2270/2270 2271/2271/2271
f 2272/2272/2272 2273/2273/2273 2274/2274/2274
f 2275/2275/2275 2276/2276/2276 2277/2277/2277
f 2278/2278/2278 2279/2279/2279 2280/2280/2280
f 2281/2281/2281 2282/2282/2282 2283/2283/2283
f 2284/2284/2284 2285/2285/2285 2286/2286/2286
f 2287/2287/2287 2288/2288/2288 2289/2289/2289
f 2290/2290/2290 2291/2291/2291 2292/2292/2292
f 2293/2293/2293 2294/2294/2294 2295/2295/2295
f 2296/2296/2296 2297/2297/2297 2298/2298/2298
f 2299/2299/2299 2300/2300/2300 2301/2301/2301
f 2302/2302/2302 2303/2303/2303 2304/2304/2304
f 2305/2305/2305 2306/2306/2306 2307/2307/2307
f 2308/2308/2308 2309/2309/2309 2310/2310/2310
f 2311/2311/2311 2312/2312/2312 2313/2313/2313
f 2314/2314/2314 2315/2315/2315 2316/2316/2316
f 2317/2317/2317 2318/2318/2318 2319/2319/2319
f 2320/2320/2320 2321/2321/2321 2322/2322/2322
f 2323/2323/2323 2324/2324/2324 2325/2325/2325
f 2326/2326/2326 2327/2327/2327 2328/2328/2328
f 2329/2329/2329 2330/2330/2330 2331/2331/2331
f 2332/2332/2332 2333/2333/2333 2334/2334/2334
f 2335/2335/2335 2336/2336/2336 2337/2337/2337
f 2338/2338/2338 2339/2339/2339 2340/2340/2340
f 2341/2341/2341 2342/2342/2342 2343/2343/2343
f 2344/2344/2344 2345/2345/2345 2346/2346/2346
f 2347/2347/2347 2348/2348/2348 2349/2349/2349
f 2350/2350/2350 2351/2351/2351 2352/2352/2352
f 2353/2353/2353 2354/2354/2354 2355/2355/2355
f 2356/2356/2356 2357/2357/2357 2358/2358/2358
f 2359/2359/2359 2360/2360/2360 2361/2361/2361
f 2362/2362/2362 2363/2363/2363 2364/2364/2364
f 2365/2365/2365 2366/2366/2366 2367/2367/2367
f 2368/2368/2368 2369/2369/2369 2370/2370/2370
f 2371/2371/2371 2372/2372/2372 2373/2373/2373
f 2374/2374/2374 2375/2375/2375 2376/2376/2376
f 2377/2377/2377 2378/2378/2378 2379/2379/2379
f 2380/2380/2380 2381/2381/2381 2382/2382/2382
f 2383/2383/2383 2384/2384/2384 2385/2385/2385
f 2386/2386/2386 2387/2387/2387 2388/2388/2388
f 2389/2389/2389 2390/2390/2390 2391/2391/2391
f 2392/2392/2392 2393/2393/2393 2394/2394/2394
f 2395/2395/2395 2396/2396/2396 2397/2397/2397
f 2398/2398/2398 2399/2399/2399 2400/2400/2400
f 2401/2401/2401 2402/2402/2402 2403/2403/2403
f 2404/2404/2404 2405/2405/2405 2406/2406/2406
f 2407/2407/2407 2408/2408/2408 2409/2409/2409
f 2410/2410/2410 2411/2411/2411 2412/2412/2412
f 2413/2413/2413 2414/2414/2414 2415/2415/2415
f 2416/2416/2416 2417/2417/2417 2418/2418/2418
f 2419/2419/2419 2420/2420/2420 2421/2421/2421
f 2422/2422/2422 2423/2423/2423 2424/2424/2424
f 2425/2425/2425 2426/2426/2426 2427/2427/2427
f 2428/2428/2428 2429/2429/2429 2430/2430/2430
f 2431/2431/2431 2432/2432/2432 2433/2433/2433
f 2434/2434/2434 2435/2435/2435 2436/2436/2436
f 2437/2437/2437 2438/2438/2438 2439/2439/2439
f 2440/2440/2440 2441/2441/2441 2442/2442/2442
f 2443/2443/2443 2444/2444/2444 2445/2445/2445
f 2446/2446/2446 2447/2447/2447 2448/2448/2448
f 2449/2449/2449 2450/2450/2450 2451/2451/2451
f 2452/2452/2452 2453/2453/2453 2454/2454/2454
f 2455/2455/2455 2456/2456/2456 2457/2457/2457
f 2458/2458/2458 2459/2459/2459 2460/2460/2460
f 2461/2461/2461 2462/2462/2462 2463/2463/2463
f 2464/2464/2464 2465/2465/2465 2466/2466/2466
f 2467/2467/2467 2468/2468/2468 2469/2469/2469
f 2470/2470/2470 2471/2471/2471 2472/2472/2472
f 2473/2473/2473 2474/2474/2474 2475/2475/2475
f 2476/2476/2476 2477/2477/2477 2478/2478/2478
f 2479/2479/2479 2480/2480/2480 2481/2481/2481
f 2482/2482/2482 2483/2483/2483 2484/2484/2484
f 2485/2485/2485 2486/2486/2486 2487/2487/2487
f 2488/2488/2488 2489/2489/2489 2490/2490/2490
f 2491/2491/2491 2492/2492/2492 2493/2493/2493
f 2494/2494/2494 2495/2495/2495 2496/2496/2496
f 2497/2497/2497 2498/2498/2498 2499/2499/2499
f 2500/2500/2500 2501/2501/2501 2502/2502/2502
f 2503/2503/2503 2504/2504/2504 2505/2505/2505
f 2506/2506/2506 2507/2507/2507 2508/2508/2508
f 2509/2509/2509 2510/2510/2510 2511/2511/2511
f 2512/2512/2512 2513/2513/2513 2514/2514/2514
f 2515/2515/2515 2516/2516/2516 2517/2517/2517
f 2518/2518/2518 2519/2519/2519 2520/2520/2520
f 2521/2521/2521 2522/2522/2522 2523/2523/2523
f 2524/2524/2524 2525/2525/2525 2526/2526/2526
f 2527/2527/2527 2528/2528/2528 2529/2529/2529
f 2530/2530/2530 2531/2531/2531 2532/2532/2532
f 2533/2533/2533 2534/2534/2534 2535/2535/2535
f 2536/2536/2536 2537/2537/2537 2538/2538/2538
f 2539/2539/2539 2540/2540/2540 2541/2541/2541
f 2542/2542/2542 2543/2543/2543 2544/2544/2544
f 2545/2545/2545 2546/2546/2546 2547/2547/2547
f 2548/2548/2548 2549/2549/2549 2550/2550/2550
f 2551/2551/2551 2552/2552/2552 2553/2553/2553
f 2554/2554/2554 2555/2555/2555 2556/2556/2556
f 2557/2557/2557 2558/2558/2558 2559/2559/2559
f 2560/2560/2560 2561/2561/2561 2562/2562/2562
f 2563/2563/2563 2564/2564/2564 2565/2565/2565
f 2566/2566/2566 2567/2567/2567 2568/2568/2568
f 2569/2569/2569 2570/2570/2570 2571/2571/2571
f 2572/2572/2572 2573/2573/2573 2574/2574/2574
f 2575/2575/2575 2576/2576/2576 2577/2577/2577
f 2578/2578/2578 2579/2579/2579 2580/2580/2580
f 2581/2581/2581 2582/2582/2582 2583/2583/2583
f 2584/2584/2584 2585/2585/2585 2586/2586/2586
f 2587/2587/2587 2588/2588/2588 2589/2589/2589
f 2590/2590/2590 2591/2591/2591 2592/2592/2592
f 2593/2593/2593 2594/2594/2594 2595/2595/2595
f 2596/2596/2596 2597/2597/2597 2598/2598/2598
f 2599/2599/2599 2600/2600/2600 2601/2601/2601
f 2602/2602/2602 2603/2603/2603 2604/2604/2604
f 2605/2605/2605 2606/2606/2606 2607/2607/2607
f 2608/2608/2608 2609/2609/2609 2610/2610/2610
f 2611/2611/2611 2612/2612/2612 2613/2613/2613
f 2614/2614/2614 2615/2615/2615 2616/2616/2616
f 2617/2617/2617 2618/2618/2618 2619/2619/2619
f 2620/2620/2620 2621/2621/2621 2622/2622/2622
f 2623/2623/2623 2624/2624/2624 2625/2625/2625
f 2626/2626/2626 2627/2627/2627 2628/2628/2628
f 2629/2629/2629 2630/2630/2630 2631/2631/2631
f 2632/2632/2632 2633/2633/2633 2634/2634/2634
f 2635/2635/2635 2636/2636/2636 2637/2637/2637
f 2638/2638/2638 2639/2639/2639 2640/2640/2640
f 2641/2641/2641 2642/2642/2642 2643/2643/2643
f 2644/2644/2644 2645/2645/2645 2646/2646/2646
f 2647/2647/2647 2648/2648/2648 2649/2649/2649
f 2650/2650/2650 2651/2651/2651 2652/2652/2652
f 2653/2653/2653 2654/2654/2654 2655/2655/2655
f 2656/2656/2656 2657/2657/2657 2658/2658/2658
f 2659/2659/2659 2660/2660/2660 2661/2661/2661
f 2662/2662/2662 2663/2663/2663 2664/2664/2664
f 2665/2665/2665 2666/2666/2666 2667/2667/2667
f 2668/2668/2668 2669/2669/2669 2670/2670/2670
f 2671/2671/2671 2672/2672/2672 2673/2673/2673
f 2674/2674/2674 2675/2675/2675 2676/2676/2676
f 2677/2677/2677 2678/2678/2678 2679/2679/2679
f 2680/2680/2680 2681/2681/2681 2682/2682/2682
f 2683/2683/2683 2684/2684/2684 2685/2685/2685
f 2686/2686/2686 2687/2687/2687 2688/2688/2688
f 2689/2689/2689 2690/2690/2690 2691/2691/2691
f 2692/2692/2692 2693/2693/2693 2694/2694/2694
f 2695/2695/2695 2696/2696/2696 2697/2697/2697
f 2698/2698/2698 2699/2699/2699 2700/2700/2700
f 2701/2701/2701 2702/2702/2702 2703/2703/2703
f 2704/2704/2704 2705/2705/2705 2706/2706/2706
f 2707/2707/2707 2708/2708/2708 2709/2709/2709
f 2710/2710/2710 2711/2711/2711 2712/2712/2712
f 2713/2713/2713 2714/2714/2714 2715/2715/2715
f 2716/2716/2716 2717/2717/2717 2718/2718/2718
f 2719/2719/2719 2720/2720/2720 2721/2721/2721
f 2722/2722/2722 2723/2723/2723 2724/2724/2724
f 2725/2725/2725 2726/2726/2726 2727/2727/2727
f 2728/2728/2728 2729/2729/2729 2730/2730/2730
f 2731/2731/2731 2732/2732/2732 2733/2733/2733
f 2734/2734/2734 2735/2735/2735 2736/2736/2736
f 2737/2737/2737 2738/2738/2738 2739/2739/2739
f 2740/2740/2740 2741/2741/2741 2742/2742/2742
f 2743/2743/2743 2744/2744/2744 2745/2745/2745
f 2746/2746/2746 2747/2747/2747 2748/2748/2748
f 2749/2749/2749 2750/2750/2750 2751/2751/2751
f 2752/2752/2752 2753/2753/2753 2754/2754/2754
f 2755/2755/2755 2756/2756/2756 2757/2757/2757
f 2758/2758/2758 2759/2759/2759 2760/2760/2760
f 2761/2761/2761 2762/2762/2762 2763/2763/2763
f 2764/2764/2764 2765/2765/2765 2766/2766/2766
f 2767/2767/2767 2768/2768/2768 2769/2769/2769
f 2770/2770/2770 2771/2771/2771 2772/2772/2772
f 2773/2773/2773 2774/2774/2774 2775/2775/2775
f 2776/2776/2776 2777/2777/2777 2778/2778/2778
f 2779/2779/2779 2780/2780/2780 2781/2781/2781
f 2782/2782/2782 2783/2783/2783 2784/2784/2784
f 2785/2785/2785 2786/2786/2786 2787/2787/2787
f 2788/2788/2788 2789/2789/2789 2790/2790/2790
f 2791/2791/2791 2792/2792/2792 2793/2793/2793
f 2794/2794/2794 2795/2795/2795 2796/2796/2796
f 2797/2797/2797 2798/2798/2798 2799/2799/2799
f 2800/2800/2800 2801/2801/2801 2802/2802/2802
f 2803/2803/2803 2804/2804/2804 2805/2805/2805
f 2806/2806/2806 2807/2807/2807 2808/2808/2808
f 2809/2809/2809 2810/2810/2810 2811/2811/2811
f 2812/2812/2812 2813/2813/2813 2814/2814/2814
f 2815/2815/2815 2816/2816/2816 2817/2817/2817
f 2818/2818/2818 2819/2819/2819 2820/2820/2820
f 2821/2821/2821 2822/2822/2822 2823/2823/2823
f 2824/2824/2824 2825/2825/2825 2826/2826/2826
f 2827/2827/2827 2828/2828/2828 2829/2829/2829
f 2830/2830/2830 2831/2831/2831 2832/2832/2832
f 2833/2833/2833 2834/2834/2834 2835/2835/2835
f 2836/2836/2836 2837/2837/2837 2838/2838/2838
f 2839/2839/2839 2840/2840/2840 2841/2841/2841
f 2842/2842/2842 2843/2843/2843 2844/2844/2844
f 2845/2845/2845 2846/2846/2846 2847/2847/2847
f 2848/2848/2848 2849/2849/2849 2850/2850/2850
f 2851/2851/2851 2852/2852/2852 2853/2853/2853
f 2854/2854/2854 2855/2855/2855 2856/2856/2856
f 2857/2857/2857 2858/2858/2858 2859/2859/2859
f 2860/2860/2860 2861/2861/2861 2862/2862/2862
f 2863/2863/2863 2864/2864/2864 2865/2865/2865
f 2866/2866/2866 2867/2867/2867 2868/2868/2868
f 2869/2869/2869 2870/2870/2870 2871/2871/2871
f 2872/2872/2872 2873/2873/2873 2874/2874/2874
f 2875/2875/2875 2876/2876/2876 2877/2877/2877
f 2878/2878/2878 2879/2879/2879 2880/2880/2880
f 2881/2881/2881 2882/2882/2882 2883/2883/2883
f 2884/2884/2884 2885/2885/2885 2886/2886/2886
f 2887/2887/2887 2888/2888/2888 2889/2889/2889
f 2890/2890/2890 2891/2891/2891 2892/2892/2892
f 2893/2893/2893 2894/2894/2894 2895/2895/2895
f 2896/2896/2896 2897/2897/2897 2898/2898/2898
f 2899/2899/2899 2900/2900/2900 2901/2901/2901
f 2902/2902/2902 2903/2903/2903 2904/2904/2904
f 2905/2905/2905 2906/2906/2906 2907/2907/2907
f 2908/2908/2908 2909/2909/2909 2910/2910/2910
f 2911/2911/2911 2912/2912/2912 2913/2913/2913
f 2914/2914/2914 2915/2915/2915 2916/2916/2916
f 2917/2917/2917 2918/2918/2918 2919/2919/2919
f 2920/2920/2920 2921/2921/2921 2922/2922/2922
f 2923/2923/2923 2924/2924/2924 2925/2925/2925
f 2926/2926/2926 2927/2927/2927 2928/2928/2928
f 2929/2929/2929 2930/2930/2930 2931/2931/2931
f 2932/2932/2932 2933/2933/2933 2934/2934/2934
f 2935/2935/2935 2936/2936/2936 2937/2937/2937
f 2938/2938/2938 2939/2939/2939 2940/2940/2940
f 2941/2941/2941 2942/2942/2942 2943/2943/2943
f 2944/2944/2944 2945/2945/2945 2946/2946/2946
f 2947/2947/2947 2948/2948/2948 2949/2949/2949
f 2950/2950/2950 2951/2951/2951 2952/2952/2952
f 2953/2953/2953 2954/2954/2954 2955/2955/2955
f 2956/2956/2956 2957/2957/2957 2958/2958/2958
f 2959/2959/2959 2960/2960/2960 2961/2961/2961
f 2962/2962/2962 2963/2963/2963 2964/2964/2964
f 2965/2965/2965 2966/2966/2966 2967/2967/2967
f 2968/2968/2968 2969/2969/2969 2970/2970/2970
f 2971/2971/2971 2972/2972/2972 2973/2973/2973
f 2974/2974/2974 2975/2975/2975 2976/2976/2976
f 2977/2977/2977 2978/2978/2978 2979/2979/2979
f 2980/2980/2980 2981/2981/2981 2982/2982/2982
f 2983/2983/2983 2984/2984/2984 2985/2985/2985
f 2986/2986/2986 2987/2987/2987 2988/2988/2988
f 2989/2989/2989 2990/2990/2990 2991/2991/2991
f 2992/2992/2992 2993/2993/2993 2994/2994/2994
f 2995/2995/2995 2996/2996/2996 2997/2997/2997
f 2998/2998/2998 2999/2999/2999 3000/3000/3000
f 3001/3001/3001 3002/3002/3002 3003/3003/3003
f 3004/3004/3004 3005/3005/3005 3006/3006/3006
f 3007/3007/3007 3008/3008/3008 3009/3009/3009
f 3010/3010/3010 3011/3011/3011 3012/3012/3012
f 3013/3013/3013 3014/3014/3014 3015/3015/3015
f 3016/3016/3016 3017/3017/3017 3018/3018/3018
f 3019/3019/3019 3020/3020/3020 3021/3021/3021
f 3022/3022/3022 3023/3023/3023 3024/3024/3024
f 3025/3025/3025 3026/3026/3026 3027/3027/3027
f 3028/3028/3028 3029/3029/3029 3030/3030/3030
f 3031/3031/3031 3032/3032/3032 3033/3033/3033
f 3034/3034/3034 3035/3035/3035 3036/3036/3036
f 3037/3037/3037 3038/3038/3038 3039/3039/3039
f 3040/3040/3040 3041/3041/3041 3042/3042/3042
f 3043/3043/3043 3044/3044/3044 3045/3045/3045
f 3046/3046/3046 3047/3047/3047 3048/3048/3048
f 3049/3049/3049 3050/3050/3050 3051/3051/3051
f 3052/3052/3052 3053/3053/3053 3054/3054/3054
f 3055/3055/3055 3056/3056/3056 3057/3057/3057
f 3058/3058/3058 3059/3059/3059 3060/3060/3060
f 3061/3061/3061 3062/3062/3062 3063/3063/3063
f 3064/3064/3064 3065/3065/3065 3066/3066/3066
f 3067/3067/3067 3068/3068/3068 3069/3069/3069
f 3070/3070/3070 3071/3071/3071 3072/3072/3072
f 3073/3073/3073 3074/3074/3074 3075/3075/3075
f 3076/3076/3076 3077/3077/3077 3078/3078/3078
f 3079/3079/3079 3080/3080/3080 3081/3081/3081
f 3082/3082/3082 3083/3083/3083 3084/3084/3084
f 3085/3085/3085 3086/3086/3086 3087/3087/3087
f 3088/3088/3088 3089/3089/3089 3090/3090/3090
f 3091/3091/3091 3092/3092/3092 3093/3093/3093
f 3094/3094/3094 3095/3095/3095 3096/3096/3096
f 3097/3097/3097 3098/3098/3098 3099/3099/3099
f 3100/3100/3100 3101/3101/3101 3102/3102/3102
f 3103/3103/3103 3104/3104/3104 3105/3105/3105
f 3106/3106/3106 3107/3107/3107 3108/3108/3108
f 3109/3109/3109 3110/3110/3110 3111/3111/3111
f 3112/3112/3112 3113/3113/3113 3114/3114/3114
f 3115/3115/3115 3116/3116/3116 3117/3117/3117
f 3118/3118/3118 3119/3119/3119 3120/3120/3120
f 3121/3121/3121 3122/3122/3122 3123/3123/3123
f 3124/3124/3124 3125/3125/3125 3126/3126/3126
f 3127/3127/3127 3128/3128/3128 3129/3129/3129
f 3130/3130/3130 3131/3131/3131 3132/3132/3132
f 3133/3133/3133 3134/3134/3134 3135/3135/3135
f 3136/3136/3136 3137/3137/3137 3138/3138/3138
f 3139/3139/3139 3140/3140/3140 3141/3141/3141
f 3142/3142/3142 3143/3143/3143 3144/3144/3144
f 3145/3145/3145 3146/3146/3146 3147/3147/3147
f 3148/3148/3148 3149/3149/3149 3150/3150/3150
f 3151/3151/3151 3152/3152/3152 3153/3153/3153
f 3154/3154/3154 3155/3155/3155 3156/3156/3156
f 3157/3157/3157 3158/3158/3158 3159/3159/3159
f 3160/3160/3160 3161/3161/3161 3162/3162/3162
f 3163/3163/3163 3164/3164/3164 3165/3165/3165
f 3166/3166/3166 3167/3167/3167 3168/3168/3168
f 3169/3169/3169 3170/3170/3170 3171/3171/3171
f 3172/3172/3172 3173/3173/3173 3174/3174/3174
f 3175/3175/3175 3176/3176/3176 3177/3177/3177
f 3178/3178/3178 3179/3179/3179 3180/3180/3180
f 3181/3181/3181 3182/3182/3182 3183/3183/3183
f 3184/3184/3184 3185/3185/3185 3186/3186/3186
f 3187/3187/3187 3188/3188/3188 3189/3189/3189
f 3190/3190/3190 3191/3191/3191 3192/3192/3192
f 3193/3193/3193 3194/3194/3194 3195/3195/3195
f 3196/3196/3196 3197/3197/3197 3198/3198/3198
f 3199/3199/3199 3200/3200/3200 3201/3201/3201
f 3202/3202/3202 3203/3203/3203 3204/3204/3204
f 3205/3205/3205 3206/3206/3206 3207/3207/3207
f 3208/3208/3208 3209/3209/3209 3210/3210/3210
f 3211/3211/3211 3212/3212/3212 3213/3213/3213
f 3214/3214/3214 3215/3215/3215 3216/3216/3216
f 3217/3217/3217 3218/3218/3218 3219/3219/3219
f 3220/3220/3220 3221/3221/3221 3222/3222/3222
f 3223/3223/3223 3224/3224/3224 3225/3225/3225
f 3226/3226/3226 3227/3227/3227 3228/3228/3228
f 3229/3229/3229 3230/3230/3230 3231/3231/3231
f 3232/3232/3232 3233/3233/3233 3234/3234/3234
f 3235/3235/3235 3236/3236/3236 3237/3237/3237
f 3238/3238/3238 3239/3239/3239 3240/3240/3240
f 3241/3241/3241 3242/3242/3242 3243/3243/3243
f 3244/3244/3244 3245/3245/3245 3246/3246/3246
f 3247/3247/3247 3248/3248/3248 3249/3249/3249
f 3250/3250/3250 3251/3251/3251 3252/3252/3252
f 3253/3253/3253 3254/3254/3254 3255/3255/3255
f 3256/3256/3256 3257/3257/3257 3258/3258/3258
f 3259/3259/3259 3260/3260/3260 3261/3261/3261
f 3262/3262/3262 3263/3263/3263 3264/3264/3264
f 3265/3265/3265 3266/3266/3266 3267/3267/3267
f 3268/3268/3268 3269/3269/3269 3270/3270/3270
f 3271/3271/3271 3272/3272/3272 3273/3273/3273
f 3274/3274/3274 3275/3275/3275 3276/3276/3276
f 3277/3277/3277 3278/3278/3278 3279/3279/3279
f 3280/3280/3280 3281/3281/3281 3282/3282/3282
f 3283/3283/3283 3284/3284/3284 3285/3285/3285
f 3286/3286/3286 3287/3287/3287 3288/3288/3288
f 3289/3289/3289 3290/3290/3290 3291/3291/3291
f 3292/3292/3292 3293/3293/3293 3294/3294/3294
f 3295/3295/3295 3296/3296/3296 3297/3297/3297
f 3298/3298/3298 3299/3299/3299 3300/3300/3300
f 3301/3301/3301 3302/3302/3302 3303/3303/3303
f 3304/3304/3304 3305/3305/3305 3306/3306/3306
f 3307/3307/3307 3308/3308/3308 3309/3309/3309
f 3310/3310/3310 3311/3311/3311 3312/3312/3312
f 3313/3313/3313 3314/3314/3314 3315/3315/3315
f 3316/3316/3316 3317/3317/3317 3318/3318/3318
f 3319/3319/3319 3320/3320/3320 3321/3321/3321
f 3322/3322/3322 3323/3323/3323 3324/3324/3324
f 3325/3325/3325 3326/3326/3326 3327/3327/3327
f 3328/3328/3328 3329/3329/3329 3330/3330/3330
f 3331/3331/3331 3332/3332/3332 3333/3333/3333
f 3334/3334/3334 3335/3335/3335 3336/3336/3336
f 3337/3337/3337 3338/3338/3338 3339/3339/3339
f 3340/3340/3340 3341/3341/3341 3342/3342/3342
f 3343/3343/3343 3344/3344/3344 3345/3345/3345
f 3346/3346/3346 3347/3347/3347 3348/3348/3348
f 3349/3349/3349 3350/3350/3350 3351/3351/3351
f 3352/3352/3352 3353/3353/3353 3354/3354/3354
f 3355/3355/3355 3356/3356/3356 3357/3357/3357
f 3358/3358/3358 3359/3359/3359 3360/3360/3360
f 3361/3361/3361 3362/3362/3362 3363/3363/3363
f 3364/3364/3364 3365/3365/3365 3366/3366/3366
f 3367/3367/3367 3368/3368/3368 3369/3369/3369
f 3370/3370/3370 3371/3371/3371 3372/3372/3372
f 3373/3373/3373 3374/3374/3374 3375/3375/3375
f 3376/3376/3376 3377/3377/3377 3378/3378/3378
f 3379/3379/3379 3380/3380/3380 3381/3381/3381
f 3382/3382/3382 3383/3383/3383 3384/3384/3384
f 3385/3385/3385 3386/3386/3386 3387/3387/3387
f 3388/3388/3388 3389/3389/3389 3390/3390/3390
f 3391/3391/3391 3392/3392/3392 3393/3393/3393
f 3394/3394/3394 3395/3395/3395 3396/3396/3396
f 3397/3397/3397 3398/3398/3398 3399/3399/3399
f 3400/3400/3400 3401/3401/3401 3402/3402/3402
f 3403/3403/3403 3404/3404/3404 3405/3405/3405
f 3406/3406/3406 3407/3407/3407 3408/3408/3408
f 3409/3409/3409 3410/3410/3410 3411/3411/3411
f 3412/3412/3412 3413/3413/3413 3414/3414/3414
f 3415/3415/3415 3416/3416/3416 3417/3417/3417
f 3418/3418/3418 3419/3419/3419 3420/3420/3420
f 3421/3421/3421 3422/3422/3422 3423/3423/3423
f 3424/3424/3424 3425/3425/3425 3426/3426/3426
f 3427/3427/3427 3428/3428/3428 3429/3429/3429
f 3430/3430/3430 3431/3431/3431 3432/3432/3432
f 3433/3433/3433 3434/3434/3434 3435/3435/3435
f 3436/3436/3436 3437/3437/3437 3438/3438/3438
f 3439/3439/3439 3440/3440/3440 3441/3441/3441
f 3442/3442/3442 3443/3443/3443 3444/3444/3444
f 3445/3445/3445 3446/3446/3446 3447/3447/3447
f 3448/3448/3448 3449/3449/3449 3450/3450/3450
f 3451/3451/3451 3452/3452/3452 3453/3453/3453
f 3454/3454/3454 3455/3455/3455 3456/3456/3456
f 3457/3457/3457 3458/3458/3458 3459/3459/3459
f 3460/3460/3460 3461/3461/3461 3462/3462/3462
f 3463/3463/3463 3464/3464/3464 3465/3465/3465
f 3466/3466/3466 3467/3467/3467 3468/3468/3468
f 3469/3469/3469 3470/3470/3470 3471/3471/3471
f 3472/3472/3472 3473/3473/3473 3474/3474/3474
f 3475/3475/3475 3476/3476/3476 3477/3477/3477
f 3478/3478/3478 3479/3479/3479 3480/3480/3480
f 3481/3481/3481 3482/3482/3482 3483/3483/3483
f 3484/3484/3484 3485/3485/3485 3486/3486/3486
f 3487/3487/3487 3488/3488/3488 3489/3489/3489
f 3490/3490/3490 3491/3491/3491 3492/3492/3492
f 3493/3493/3493 3494/3494/3494 3495/3495/3495
f 3496/3496/3496 3497/3497/3497 3498/3498/3498
f 3499/3499/3499 3500/3500/3500 3501/3501/3501
f 3502/3502/3502 3503/3503/3503 3504/3504/3504
f 3505/3505/3505 3506/3506/3506 3507/3507/3507
f 3508/3508/3508 3509/3509/3509 3510/3510/3510
f 3511/3511/3511 3512/3512/3512 3513/3513/3513
f 3514/3514/3514 3515/3515/3515 3516/3516/3516
f 3517/3517/3517 3518/3518/3518 3519/3519/3519
f 3520/3520/3520 3521/3521/3521 3522/3522/3522
f 3523/3523/3523 3524/3524/3524 3525/3525/3525
f 3526/3526/3526 3527/3527/3527 3528/3528/3528
f 3529/3529/3529 3530/3530/3530 3531/3531/3531
f 3532/3532/3532 3533/3533/3533 3534/3534/3534
f 3535/3535/3535 3536/3536/3536 3537/3537/3537
f 3538/3538/3538 3539/3539/3539 3540/3540/3540
f 3541/3541/3541 3542/3542/3542 3543/3543/3543
f 3544/3544/3544 3545/3545/3545 3546/3546/3546
f 3547/3547/3547 3548/3548/3548 3549/3549/3549
f 3550/3550/3550 3551/3551/3551 3552/3552/3552
f 3553/3553/3553 3554/3554/3554 3555/3555/3555
f 3556/3556/3556 3557/3557/3557 3558/3558/3558
f 3559/3559/3559 3560/3560/3560 3561/3561/3561
f 3562/3562/3562 3563/3563/3563 3564/3564/3564
f 3565/3565/3565 3566/3566/3566 3567/3567/3567
f 3568/3568/3568 3569/3569/3569 3570/3570/3570
f 3571/3571/3571 3572/3572/3572 3573/3573/3573
f 3574/3574/3574 3575/3575/3575 3576/3576/3576
f 3577/3577/3577 3578/3578/3578 3579/3579/3579
f 3580/3580/3580 3581/3581/3581 3582/3582/3582
f 3583/3583/3583 3584/3584/3584 3585/3585/3585
f 3586/3586/3586 3587/3587/3587 3588/3588/3588
f 3589/3589/3589 3590/3590/3590 3591/3591/3591
f 3592/3592/3592 3593/3593/3593 3594/3594/3594
f 3595/3595/3595 3596/3596/3596 3597/3597/3597
f 3598/3598/3598 3599/3599/3599 3600/3600/3600
f 3601/3601/3601 3602/3602/3602 3603/3603/3603
f 3604/3604/3604 3605/3605/3605 3606/3606/3606
f 3607/3607/3607 3608/3608/3608 3609/3609/3609
f 3610/3610/3610 3611/3611/3611 3612/3612/3612
f 3613/3613/3613 3614/3614/3614 3615/3615/3615
f 3616/3616/3616 3617/3617/3617 3618/3618/3618
f 3619/3619/3619 3620/3620/3620 3621/3621/3621
f 3622/3622/3622 3623/3623/3623 3624/3624/3624
f 3625/3625/3625 3626/3626/3626 3627/3627/3627
f 3628/3628/3628 3629/3629/3629 3630/3630/3630
f 3631/3631/3631 3632/3632/3632 3633/3633/3633
f 3634/3634/3634 3635/3635/3635 3636/3636/3636
f 3637/3637/3637 3638/3638/3638 3639/3639/3639
f 3640/3640/3640 3641/3641/3641 3642/3642/3642
f 3643/3643/3643 3644/3644/3644 3645/3645/3645
f 3646/3646/3646 3647/3647/3647 3648/3648/3648
f 3649/3649/3649 3650/3650/3650 3651/3651/3651
f 3652/3652/3652 3653/3653/3653 3654/3654/3654
f 3655/3655/3655 3656/3656/3656 3657/3657/3657
f 3658/3658/3658 3659/3659/3659 3660/3660/3660
f 3661/3661/3661 3662/3662/3662 3663/3663/3663
f 3664/3664/3664 3665/3665/3665 3666/3666/3666
f 3667/3667/3667 3668/3668/3668 3669/3669/3669
f 3670/3670/3670 3671/3671/3671 3672/3672/3672
f 3673/3673/3673 3674/3674/3674 3675/3675/3675
f 3676/3676/3676 3677/3677/3677 3678/3678/3678
f 3679/3679/3679 3680/3680/3680 3681/3681/3681
f 3682/3682/3682 3683/3683/3683 3684/3684/3684
f 3685/3685/3685 3686/3686/3686 3687/3687/3687
f 3688/3688/3688 3689/3689/3689 3690/3690/3690
f 3691/3691/3691 3692/3692/3692 3693/3693/3693
f 3694/3694/3694 3695/3695/3695 3696/3696/3696
f 3697/3697/3697 3698/3698/3698 3699/3699/3699
f 3700/3700/3700 3701/3701/3701 3702/3702/3702
f 3703/3703/3703 3704/3704/3704 3705/3705/3705
f 3706/3706/3706 3707/3707/3707 3708/3708/3708
f 3709/3709/3709 3710/3710/3710 3711/3711/3711
f 3712/3712/3712 3713/3713/3713 3714/3714/3714
f 3715/3715/3715 3716/3716/3716 3717/3717/3717
f 3718/3718/3718 3719/3719/3719 3720/3720/3720
f 3721/3721/3721 3722/3722/3722 3723/3723/3723
f 3724/3724/3724 3725/3725/3725 3726/3726/3726
f 3727/3727/3727 3728/3728/3728 3729/3729/3729
f 3730/3730/3730 3731/3731/3731 3732/3732/3732
f 3733/3733/3733 3734/3734/3734 3735/3735/3735
f 3736/3736/3736 3737/3737/3737 3738/3738/3738
f 3739/3739/3739 3740/3740/3740 3741/3741/3741
f 3742/3742/3742 3743/3743/3743 3744/3744/3744
f 3745/3745/3745 3746/3746/3746 3747/3747/3747
f 3748/3748/3748 3749/3749/3749 3750/3750/3750
f 3751/3751/3751 3752/3752/3752 3753/3753/3753
f 3754/3754/3754 3755/3755/3755 3756/3756/3756
f 3757/3757/3757 3758/3758/3758 3759/3759/3759
f 3760/3760/3760 3761/3761/3761 3762/3762/3762
f 3763/3763/3763 3764/3764/3764 3765/3765/3765
f 3766/3766/3766 3767/3767/3767 3768/3768/3768
f 3769/3769/3769 3770/3770/3770 3771/3771/3771
f 3772/3772/3772 3773/3773/3773 3774/3774/3774
f 3775/3775/3775 3776/3776/3776 3777/3777/3777
f 3778/3778/3778 3779/3779/3779 3780/3780/3780
f 3781/3781/3781 3782/3782/3782 3783/3783/3783
f 3784/3784/3784 3785/3785/3785 3786/3786/3786
f 3787/3787/3787 3788/3788/3788 3789/3789/3789
f 3790/3790/3790 3791/3791/3791 3792/3792/3792
f 3793/3793/3793 3794/3794/3794 3795/3795/3795
f 3796/3796/3796 3797/3797/3797 3798/3798/3798
f 3799/3799/3799 3800/3800/3800 3801/3801/3801
f 3802/3802/3802 3803/3803/3803 3804/3804/3804
f 3805/3805/3805 3806/3806/3806 3807/3807/3807
f 3808/3808/3808 3809/3809/3809 3810/3810/3810
f 3811/3811/3811 3812/3812/3812 3813/3813/3813
f 3814/3814/3814 3815/3815/3815 3816/3816/3816
f 3817/3817/3817 3818/3818/3818 3819/3819/3819
f 3820/3820/3820 3821/3821/3821 3822/3822/3822
f 3823/3823/3823 3824/3824/3824 3825/3825/3825
f 3826/3826/3826 3827/3827/3827 3828/3828/3828
f 3829/3829/3829 3830/3830/3830 3831/3831/3831
f 3832/3832/3832 3833/3833/3833 3834/3834/3834
f 3835/3835/3835 3836/3836/3836 3837/3837/3837
f 3838/3838/3838 3839/3839/3839 3840/3840/3840
f 3841/3841/3841 3842/3842/3842 3843/3843/3843
f 3844/3844/3844 3845/3845/3845 3846/3846/3846
f 3847/3847/3847 3848/3848/3848 3849/3849/3849
f 3850/3850/3850 3851/3851/3851 3852/3852/3852
f 3853/3853/3853 3854/3854/3854 3855/3855/3855
f 3856/3856/3856 3857/3857/3857 3858/3858/3858
f 3859/3859/3859 3860/3860/3860 3861/3861/3861
f 3862/3862/3862 3863/3863/3863 3864/3864/3864
f 3865/3865/3865 3866/3866/3866 3867/3867/3867
f 3868/3868/3868 3869/3869/3869 3870/3870/3870
f 3871/3871/3871 3872/3872/3872 3873/3873/3873
f 3874/3874/3874 3875/3875/3875 3876/3876/3876
f 3877/3877/3877 3878/3878/3878 3879/3879/3879
f 3880/3880/3880 3881/3881/3881 3882/3882/3882
f 3883/3883/3883 3884/3884/3884 3885/3885/3885
f 3886/3886/3886 3887/3887/3887 3888/3888/3888
f 3889/3889/3889 3890/3890/3890 3891/3891/3891
f 3892/3892/3892 3893/3893/3893 3894/3894/3894
f 3895/3895/3895 3896/3896/3896 3897/3897/3897
f 3898/3898/3898 3899/3899/3899 3900/3900/3900
f 3901/3901/3901 3902/3902/3902 3903/3903/3903
f 3904/3904/3904 3905/3905/3905 3906/3906/3906
f 3907/3907/3907 3908/3908/3908 3909/3909/3909
f 3910/3910/3910 3911/3911/3911 3912/3912/3912
f 3913/3913/3913 3914/3914/3914 3915/3915/3915
f 3916/3916/3916 3917/3917/3917 3918/3918/3918
f 3919/3919/3919 3920/3920/3920 3921/3921/3921
f 3922/3922/3922 3923/3923/3923 3924/3924/3924
f 3925/3925/3925 3926/3926/3926 3927/3927/3927
f 3928/3928/3928 3929/3929/3929 3930/3930/3930
f 3931/3931/3931 3932/3932/3932 3933/3933/3933
f 3934/3934/3934 3935/3935/3935 3936/3936/3936
f 3937/3937/3937 3938/3938/3938 3939/3939/3939
f 3940/3940/3940 3941/3941/3941 3942/3942/3942
f 3943/3943/3943 3944/3944/3944 3945/3945/3945
f 3946/3946/3946 3947/3947/3947 3948/3948/3948
f 3949/3949/3949 3950/3950/3950 3951/3951/3951
f 3952/3952/3952 3953/3953/3953 3954/3954/3954
f 3955/3955/3955 3956/3956/3956 3957/3957/3957
f 3958/3958/3958 3959/3959/3959 3960/3960/3960
f 3961/3961/3961 3962/3962/3962 3963/3963/3963
f 3964/3964/3964 3965/3965/3965 3966/3966/3966
f 3967/3967/3967 3968/3968/3968 3969/3969/3969
f 3970/3970/3970 3971/3971/3971 3972/3972/3972
f 3973/3973/3973 3974/3974/3974 3975/3975/3975
f 3976/3976/3976 3977/3977/3977 3978/3978/3978
f 3979/3979/3979 3980/3980/3980 3981/3981/3981
f 3982/3982/3982 3983/3983/3983 3984/3984/3984
f 3985/3985/3985 3986/3986/3986 3987/3987/3987
f 3988/3988/3988 3989/3989/3989 3990/3990/3990
f 3991/3991/3991 3992/3992/3992 3993/3993/3993
f 3994/3994/3994 3995/3995/3995 3996/3996/3996
f 3997/3997/3997 3998/3998/3998 3999/3999/3999
f 4000/4000/4000 4001/4001/4001 4002/4002/4002
f 4003/4003/4003 4004/4004/4004 4005/4005/4005
f 4006/4006/4006 4007/4007/4007 4008/4008/4008
f 4009/4009/4009 4010/4010/4010 4011/4011/4011
f 4012/4012/4012 4013/4013/4013 4014/4014/4014
f 4015/4015/4015 4016/4016/4016 4017/4017/4017
f 4018/4018/4018 4019/4019/4019 4020/4020/4020
f 4021/4021/4021 4022/4022/4022 4023/4023/4023
f 4024/4024/4024 4025/4025/4025 4026/4026/4026
f 4027/4027/4027 4028/4028/4028 4029/4029/4029
f 4030/4030/4030 4031/4031/4031 4032/4032/4032
f 4033/4033/4033 4034/4034/4034 4035/4035/4035
f 4036/4036/4036 4037/4037/4037 4038/4038/4038
f 4039/4039/4039 4040/4040/4040 4041/4041/4041
f 4042/4042/4042 4043/4043/4043 4044/4044/4044
f 4045/4045/4045 4046/4046/4046 4047/4047/4047
f 4048/4048/4048 4049/4049/4049 4050/4050/4050
f 4051/4051/4051 4052/4052/4052 4053/4053/4053
f 4054/4054/4054 4055/4055/4055 4056/4056/4056
f 4057/4057/4057 4058/4058/4058 4059/4059/4059
f 4060/4060/4060 4061/4061/4061 4062/4062/4062
f 4063/4063/4063 4064/4064/4064 4065/4065/4065
f 4066/4066/4066 4067/4067/4067 4068/4068/4068
f 4069/4069/4069 4070/4070/4070 4071/4071/4071
f 4072/4072/4072 4073/4073/4073 4074/4074/4074
f 4075/4075/4075 4076/4076/4076 4077/4077/4077
f 4078/4078/4078 4079/4079/4079 4080/4080/4080
f 4081/4081/4081 4082/4082/4082 4083/4083/4083
f 4084/4084/4084 4085/4085/4085 4086/4086/4086
f 4087/4087/4087 4088/4088/4088 4089/4089/4089
f 4090/4090/4090 4091/4091/4091 4092/4092/4092
f 4093/4093/4093 4094/4094/4094 4095/4095/4095
f 4096/4096/4096 4097/4097/4097 4098/4098/4098
f 4099/4099/4099 4100/4100/4100 4101/4101/4101
f 4102/4102/4102 4103/4103/4103 4104/4104/4104
f 4105/4105/4105 4106/4106/4106 4107/4107/4107
f 4108/4108/4108 4109/4109/4109 4110/4110/4110
f 4111/4111/4111 4112/4112/4112 4113/4113/4113
f 4114/4114/4114 4115/4115/4115 4116/4116/4116
f 4117/4117/4117 4118/4118/4118 4119/4119/4119
f 4120/4120/4120 4121/4121/4121 4122/4122/4122
f 4123/4123/4123 4124/4124/4124 4125/4125/4125
f 4126/4126/4126 4127/4127/4127 4128/4128/4128
f 4129/4129/4129 4130/4130/4130 4131/4131/4131
f 4132/4132/4132 4133/4133/4133 4134/4134/4134
f 4135/4135/4135 4136/4136/4136 4137/4137/4137
f 4138/4138/4138 4139/4139/4139 4140/4140/4140
f 4141/4141/4141 4142/4142/4142 4143/4143/4143
f 4144/4144/4144 4145/4145/4145 4146/4146/4146
f 4147/4147/4147 4148/4148/4148 4149/4149/4149
f 4150/4150/4150 4151/4151/4151 4152/4152/4152
f 4153/4153/4153 4154/4154/4154 4155/4155/4155
f 4156/4156/4156 4157/4157/4157 4158/4158/4158
f 4159/4159/4159 4160/4160/4160 4161/4161/4161
f 4162/4162/4162 4163/4163/4163 4164/4164/4164
f 4165/4165/4165 4166/4166/4166 4167/4167/4167
f 4168/4168/4168 4169/4169/4169 4170/4170/4170
f 4171/4171/4171 4172/4172/4172 4173/4173/4173
f 4174/4174/4174 4175/4175/4175 4176/4176/4176
f 4177/4177/4177 4178/4178/4178 4179/4179/4179
f 4180/4180/4180 4181/4181/4181 4182/4182/4182
f 4183/4183/4183 4184/4184/4184 4185/4185/4185
f 4186/4186/4186 4187/4187/4187 4188/4188/4188
f 4189/4189/4189 4190/4190/4190 4191/4191/4191
f 4192/4192/4192 4193/4193/4193 4194/4194/4194
f 4195/4195/4195 4196/4196/4196 4197/4197/4197
f 4198/4198/4198 4199/4199/4199 4200/4200/4200
f 4201/4201/4201 4202/4202/4202 4203/4203/4203
f 4204/4204/4204 4205/4205/4205 4206/4206/4206
f 4207/4207/4207 4208/4208/4208 4209/4209/4209
f 4210/4210/4210 4211/4211/4211 4212/4212/4212
f 4213/4213/4213 4214/4214/4214 4215/4215/4215
f 4216/4216/4216 4217/4217/4217 4218/4218/4218
f 4219/4219/4219 4220/4220/4220 4221/4221/4221
f 4222/4222/4222 4223/4223/4223 4224/4224/4224
f 4225/4225/4225 4226/4226/4226 4227/4227/4227
f 4228/4228/4228 4229/4229/4229 4230/4230/4230
f 4231/4231/4231 4232/4232/4232 4233/4233/4233
f 4234/4234/4234 4235/4235/4235 4236/4236/4236
f 4237/4237/4237 4238/4238/4238 4239/4239/4239
f 4240/4240/4240 4241/4241/4241 4242/4242/4242
f 4243/4243/4243 4244/4244/4244 4245/4245/4245
f 4246/4246/4246 4247/4247/4247 4248/4248/4248
f 4249/4249/4249 4250/4250/4250 4251/4251/4251
f 4252/4252/4252 4253/4253/4253 4254/4254/4254
f 4255/4255/4255 4256/4256/4256 4257/4257/4257
f 4258/4258/4258 4259/4259/4259 4260/4260/4260
f 4261/4261/4261 4262/4262/4262 4263/4263/4263
f 4264/4264/4264 4265/4265/4265 4266/4266/4266
f 4267/4267/4267 4268/4268/4268 4269/4269/4269
f 4270/4270/4270 4271/4271/4271 4272/4272/4272
f 4273/4273/4273 4274/4274/4274 4275/4275/4275
f 4276/4276/4276 4277/4277/4277 4278/4278/4278
f 4279/4279/4279 4280/4280/4280 4281/4281/4281
f 4282/4282/4282 4283/4283/4283 4284/4284/4284
f 4285/4285/4285 4286/4286/4286 4287/4287/4287
f 4288/4288/4288 4289/4289/4289 4290/4290/4290
f 4291/4291/4291 4292/4292/4292 4293/4293/4293
f 4294/4294/4294 4295/4295/4295 4296/4296/4296
f 4297/4297/4297 4298/4298/4298 4299/4299/4299
f 4300/4300/4300 4301/4301/4301 4302/4302/4302
f 4303/4303/4303 4304/4304/4304 4305/4305/4305
f 4306/4306/4306 4307/4307/4307 4308/4308/4308
f 4309/4309/4309 4310/4310/4310 4311/4311/4311
f 4312/4312/4312 4313/4313/4313 4314/4314/4314
f 4315/4315/4315 4316/4316/4316 4317/4317/4317
f 4318/4318/4318 4319/4319/4319 4320/4320/4320
f 4321/4321/4321 4322/4322/4322 4323/4323/4323
f 4324/4324/4324 4325/4325/4325 4326/4326/4326
f 4327/4327/4327 4328/4328/4328 4329/4329/4329
f 4330/4330/4330 4331/4331/4331 4332/4332/4332
f 4333/4333/4333 4334/4334/4334 4335/4335/4335
f 4336/4336/4336 4337/4337/4337 4338/4338/4338
f 4339/4339/4339 4340/4340/4340 4341/4341/4341
f 4342/4342/4342 4343/4343/4343 4344/4344/4344
f 4345/4345/4345 4346/4346/4346 4347/4347/4347
f 4348/4348/4348 4349/4349/4349 4350/4350/4350
f 4351/4351/4351 4352/4352/4352 4353/4353/4353
f 4354/4354/4354 4355/4355/4355 4356/4356/4356
f 4357/4357/4357 4358/4358/4358 4359/4359/4359
f 4360/4360/4360 4361/4361/4361 4362/4362/4362
f 4363/4363/4363 4364/4364/4364 4365/4365/4365
f 4366/4366/4366 4367/4367/4367 4368/4368/4368
f 4369/4369/4369 4370/4370/4370 4371/4371/4371
f 4372/4372/4372 4373/4373/4373 4374/4374/4374
f 4375/4375/4375 4376/4376/4376 4377/4377/4377
f 4378/4378/4378 4379/4379/4379 4380/4380/4380
f 4381/4381/4381 4382/4382/4382 4383/4383/4383
f 4384/4384/4384 4385/4385/4385 4386/4386/4386
f 4387/4387/4387 4388/4388/4388 4389/4389/4389
f 4390/4390/4390 4391/4391/4391 4392/4392/4392
f 4393/4393/4393 4394/4394/4394 4395/4395/4395
f 4396/4396/4396 4397/4397/4397 4398/4398/4398
f 4399/4399/4399 4400/4400/4400 4401/4401/4401
f 4402/4402/4402 4403/4403/4403 4404/4404/4404
f 4405/4405/4405 4406/4406/4406 4407/4407/4407
f 4408/4408/4408 4409/4409/4409 4410/4410/4410
f 4411/4411/4411 4412/4412/4412 4413/4413/4413
f 4414/4414/4414 4415/4415/4415 4416/4416/4416
f 4417/4417/4417 4418/4418/4418 4419/4419/4419
f 4420/4420/4420 4421/4421/4421 4422/4422/4422
f 4423/4423/4423 4424/4424/4424 4425/4425/4425
f 4426/4426/4426 4427/4427/4427 4428/4428/4428
f 4429/4429/4429 4430/4430/4430 4431/4431/4431
f 4432/4432/4432 4433/4433/4433 4434/4434/4434
f 4435/4435/4435 4436/4436/4436 4437/4437/4437
f 4438/4438/4438 4439/4439/4439 4440/4440/4440
f 4441/4441/4441 4442/4442/4442 4443/4443/4443
f 4444/4444/4444 4445/4445/4445 4446/4446/4446
f 4447/4447/4447 4448/4448/4448 4449/4449/4449
f 4450/4450/4450 4451/4451/4451 4452/4452/4452
f 4453/4453/4453 4454/4454/4454 4455/4455/4455
f 4456/4456/4456 4457/4457/4457 4458/4458/4458
f 4459/4459/4459 4460/4460/4460 4461/4461/4461
f 4462/4462/4462 4463/4463/4463 4464/4464/4464
f 4465/4465/4465 4466/4466/4466 4467/4467/4467
f 4468/4468/4468 4469/4469/4469 4470/4470/4470
f 4471/4471/4471 4472/4472/4472 4473/4473/4473
f 4474/4474/4474 4475/4475/4475 4476/4476/4476
f 4477/4477/4477 4478/4478/4478 4479/4479/4479
f 4480/4480/4480 4481/4481/4481 4482/4482/4482
f 4483/4483/4483 4484/4484/4484 4485/4485/4485
f 4486/4486/4486 4487/4487/4487 4488/4488/4488
f 4489/4489/4489 4490/4490/4490 4491/4491/4491
f 4492/4492/4492 4493/4493/4493 4494/4494/4494
f 4495/4495/4495 4496/4496/4496 4497/4497/4497
f 4498/4498/4498 4499/4499/4499 4500/4500/4500
f 4501/4501/4501 4502/4502/4502 4503/4503/4503
f 4504/4504/4504 4505/4505/4505 4506/4506/4506
f 4507/4507/4507 4508/4508/4508 4509/4509/4509
f 4510/4510/4510 4511/4511/4511 4512/4512/4512
f 4513/4513/4513 4514/4514/4514 4515/4515/4515
f 4516/4516/4516 4517/4517/4517 4518/4518/4518
f 4519/4519/4519 4520/4520/4520 4521/4521/4521
f 4522/4522/4522 4523/4523/4523 4524/4524/4524
f 4525/4525/4525 4526/4526/4526 4527/4527/4527
f 4528/4528/4528 4529/4529/4529 4530/4530/4530
f 4531/4531/4531 4532/4532/4532 4533/4533/4533
f 4534/4534/4534 4535/4535/4535 4536/4536/4536
f 4537/4537/4537 4538/4538/4538 4539/4539/4539
f 4540/4540/4540 4541/4541/4541 4542/4542/4542
f 4543/4543/4543 4544/4544/4544 4545/4545/4545
f 4546/4546/4546 4547/4547/4547 4548/4548/4548
f 4549/4549/4549 4550/4550/4550 4551/4551/4551
f 4552/4552/4552 4553/4553/4553 4554/4554/4554
f 4555/4555/4555 4556/4556/4556 4557/4557/4557
f 4558/4558/4558 4559/4559/4559 4560/4560/4560
f 4561/4561/4561 4562/4562/4562 4563/4563/4563
f 4564/4564/4564 4565/4565/4565 4566/4566/4566
f 4567/4567/4567 4568/4568/4568 4569/4569/4569
f 4570/4570/4570 4571/4571/4571 4572/4572/4572
f 4573/4573/4573 4574/4574/4574 4575/4575/4575
f 4576/4576/4576 4577/4577/4577 4578/4578/4578
f 4579/4579/4579 4580/4580/4580 4581/4581/4581
f 4582/4582/4582 4583/4583/4583 4584/4584/4584
f 4585/4585/4585 4586/4586/4586 4587/4587/4587
f 4588/4588/4588 4589/4589/4589 4590/4590/4590
f 4591/4591/4591 4592/4592/4592 4593/4593/4593
f 4594/4594/4594 4595/4595/4595 4596/4596/4596
f 4597/4597/4597 4598/4598/4598 4599/4599/4599
f 4600/4600/4600 4601/4601/4601 4602/4602/4602
f 4603/4603/4603 4604/4604/4604 4605/4605/4605
f 4606/4606/4606 4607/4607/4607 4608/4608/4608
f 4609/4609/4609 4610/4610/4610 4611/4611/4611
f 4612/4612/4612 4613/4613/4613 4614/4614/4614
f 4615/4615/4615 4616/4616/4616 4617/4617/4617
f 4618/4618/4618 4619/4619/4619 4620/4620/4620
f 4621/4621/4621 4622/4622/4622 4623/4623/4623
f 4624/4624/4624 4625/4625/4625 4626/4626/4626
f 4627/4627/4627 4628/4628/4628 4629/4629/4629
f 4630/4630/4630 4631/4631/4631 4632/4632/4632
f 4633/4633/4633 4634/4634/4634 4635/4635/4635
f 4636/4636/4636 4637/4637/4637 4638/4638/4638
f 4639/4639/4639 4640/4640/4640 4641/4641/4641
f 4642/4642/4642 4643/4643/4643 4644/4644/4644
f 4645/4645/4645 4646/4646/4646 4647/4647/4647
f 4648/4648/4648 4649/4649/4649 4650/4650/4650
f 4651/4651/4651 4652/4652/4652 4653/4653/4653
f 4654/4654/4654 4655/4655/4655 4656/4656/4656
f 4657/4657/4657 4658/4658/4658 4659/4659/4659
f 4660/4660/4660 4661/4661/4661 4662/4662/4662
f 4663/4663/4663 4664/4664/4664 4665/4665/4665
f 4666/4666/4666 4667/4667/4667 4668/4668/4668
f 4669/4669/4669 4670/4670/4670 4671/4671/4671
f 4672/4672/4672 4673/4673/4673 4674/4674/4674
